{
 "type": "FeatureCollection",
 "name": "gtavi_named_structures",
 "crs_note": "GTA VI world metres (x east, y north); V16 georef x = px - 16991, y = 11008 - py",
 "features": [
  {
   "type": "Feature",
   "properties": {
    "name": "Four Seasons Hotel Miami",
    "height_top_m": 263.6,
    "z_base_m": 0.0,
    "color": "#60a5fa",
    "note": "",
    "kind": "building",
    "v16_polygon_id": 1949,
    "footprint_source": "v16",
    "footprint_area_m2": 2660.0
   },
   "geometry": {
    "type": "Polygon",
    "coordinates": [
     [
      [
       -834.8,
       -1315.3
      ],
      [
       -834.3,
       -1315.5
      ],
      [
       -833.9,
       -1314.4
      ],
      [
       -844.0,
       -1310.6
      ],
      [
       -851.8,
       -1307.8
      ],
      [
       -854.9,
       -1306.6
      ],
      [
       -851.2,
       -1296.6
      ],
      [
       -851.5,
       -1296.5
      ],
      [
       -850.6,
       -1294.1
      ],
      [
       -850.3,
       -1294.3
      ],
      [
       -847.8,
       -1287.5
      ],
      [
       -849.6,
       -1286.7
      ],
      [
       -846.6,
       -1278.6
      ],
      [
       -844.8,
       -1273.8
      ],
      [
       -843.6,
       -1270.6
      ],
      [
       -840.0,
       -1261.5
      ],
      [
       -792.0,
       -1279.1
      ],
      [
       -794.3,
       -1285.1
      ],
      [
       -796.7,
       -1291.6
      ],
      [
       -798.9,
       -1297.6
      ],
      [
       -801.5,
       -1304.7
      ],
      [
       -803.3,
       -1304.0
      ],
      [
       -805.8,
       -1310.8
      ],
      [
       -805.6,
       -1310.9
      ],
      [
       -806.5,
       -1313.2
      ],
      [
       -806.8,
       -1313.1
      ],
      [
       -810.2,
       -1323.0
      ],
      [
       -810.6,
       -1322.9
      ],
      [
       -810.9,
       -1323.8
      ],
      [
       -808.1,
       -1324.8
      ],
      [
       -800.9,
       -1327.4
      ],
      [
       -802.8,
       -1332.8
      ],
      [
       -811.5,
       -1329.7
      ],
      [
       -812.4,
       -1332.1
      ],
      [
       -814.7,
       -1331.2
      ],
      [
       -816.9,
       -1330.4
      ],
      [
       -819.3,
       -1329.6
      ],
      [
       -821.3,
       -1328.8
      ],
      [
       -823.6,
       -1328.0
      ],
      [
       -825.6,
       -1327.3
      ],
      [
       -828.0,
       -1326.4
      ],
      [
       -829.9,
       -1325.7
      ],
      [
       -832.2,
       -1324.9
      ],
      [
       -837.6,
       -1322.9
      ],
      [
       -836.7,
       -1320.5
      ],
      [
       -834.8,
       -1315.3
      ]
     ]
    ]
   }
  },
  {
   "type": "Feature",
   "properties": {
    "name": "HanksWaffles",
    "height_top_m": 22.5,
    "z_base_m": 14.0,
    "color": "#fbbf24",
    "note": "HANKS-3D-V5 (2026-08-29): sol z14.0 (GSE+poles), stripe 14.70/14.85/15.00, arcade piliers clics (spring 16.4, apex 16.7/16.8), baie large 13.54-17.60 + pilier de coin massif, gouttiere s18.53, enseignes rayons, C neon face W (z19.4-22.5, depasse le toit), 4 lampes col-de-cygne, bloc exact V3",
    "kind": "building",
    "v16_polygon_id": null,
    "footprint_source": "mesh_base",
    "footprint_area_m2": 275.0
   },
   "geometry": {
    "type": "Polygon",
    "coordinates": [
     [
      [
       -6199.32,
       4529.59
      ],
      [
       -6203.03,
       4521.82
      ],
      [
       -6200.57,
       4520.61
      ],
      [
       -6190.72,
       4515.78
      ],
      [
       -6189.24,
       4515.06
      ],
      [
       -6188.25,
       4514.58
      ],
      [
       -6185.93,
       4513.77
      ],
      [
       -6184.55,
       4515.96
      ],
      [
       -6182.07,
       4521.14
      ],
      [
       -6179.6,
       4526.32
      ],
      [
       -6186.49,
       4529.7
      ],
      [
       -6196.84,
       4534.77
      ],
      [
       -6199.32,
       4529.59
      ]
     ]
    ]
   }
  },
  {
   "type": "Feature",
   "properties": {
    "name": "1000 Venetian Way",
    "height_top_m": 67.7,
    "z_base_m": 3.8,
    "color": "#f472b6",
    "note": "1000 VENETIAN WAY V2 2026-09-26 (mesh d Alexandre refait sur la V16): tour = traits V16 s13 (moitie ouest) + s24 (moitie est) + jonction s25, toit 67.5-67.7 (landmarks SW/NW/SE/NE/Center-NE), bande ouest de s13 a 62.2 (T-NW, W-Box-NW); cascade NO = les 5 cellules V16 (traits s14-s23), chacune en 2 d",
    "kind": "building",
    "v16_polygon_id": null,
    "footprint_source": "mesh_base",
    "footprint_area_m2": 3988.0
   },
   "geometry": {
    "type": "Polygon",
    "coordinates": [
     [
      [
       286.3,
       1105.45
      ],
      [
       369.6,
       1129.54
      ],
      [
       364.4,
       1147.15
      ],
      [
       283.1,
       1173.1
      ],
      [
       270.1,
       1169.4
      ],
      [
       280.7,
       1122.84
      ],
      [
       286.3,
       1105.45
      ]
     ]
    ]
   }
  },
  {
   "type": "Feature",
   "properties": {
    "name": "WDNA FM",
    "height_top_m": 409.4,
    "z_base_m": 5.0,
    "color": "#f87171",
    "note": "",
    "kind": "building",
    "v16_polygon_id": null,
    "footprint_source": "mesh_base",
    "footprint_area_m2": 11.0
   },
   "geometry": {
    "type": "Polygon",
    "coordinates": [
     [
      [
       -2525.7,
       -2302.66
      ],
      [
       -2520.73,
       -2303.67
      ],
      [
       -2522.48,
       -2298.96
      ],
      [
       -2525.7,
       -2302.66
      ]
     ]
    ]
   }
  },
  {
   "type": "Feature",
   "properties": {
    "name": "Portofino Tower",
    "height_top_m": 146.7,
    "z_base_m": 0.0,
    "color": "#a78bfa",
    "note": "",
    "kind": "building",
    "v16_polygon_id": null,
    "footprint_source": "mesh_base",
    "footprint_area_m2": 1776.0
   },
   "geometry": {
    "type": "Polygon",
    "coordinates": [
     [
      [
       1729.32,
       -180.97
      ],
      [
       1742.29,
       -200.34
      ],
      [
       1757.36,
       -215.62
      ],
      [
       1767.4,
       -212.26
      ],
      [
       1777.72,
       -185.67
      ],
      [
       1782.19,
       -171.6
      ],
      [
       1774.78,
       -164.04
      ],
      [
       1756.97,
       -164.92
      ],
      [
       1731.63,
       -170.64
      ],
      [
       1729.32,
       -180.97
      ]
     ]
    ]
   }
  },
  {
   "type": "Feature",
   "properties": {
    "name": "Homestead Water Tower",
    "height_top_m": 73.8,
    "z_base_m": 5.0,
    "color": "#4373a2",
    "note": "V16-FIT 2026-09-26: translate de (35.4,-18.7) m sur le cercle V16 939 (d 11.2 m), consigne d Alexandre V16 = xy verite; position precedente = landmark du solve JOINT-PRISON (video biplan cyberleak + Tennis + Grassrivers 02; Grassrivers 02 rate le cercle de 24 m). | JOINT-PRISON 2026-09-19: mesh tran",
    "kind": "building",
    "v16_polygon_id": 939,
    "footprint_source": "v16",
    "footprint_area_m2": 98.0
   },
   "geometry": {
    "type": "Polygon",
    "coordinates": [
     [
      [
       -2961.5,
       -3085.9
      ],
      [
       -2954.8,
       -3093.0
      ],
      [
       -2947.5,
       -3087.0
      ],
      [
       -2954.1,
       -3079.0
      ],
      [
       -2961.5,
       -3085.9
      ]
     ]
    ]
   }
  },
  {
   "type": "Feature",
   "properties": {
    "name": "Stephen P. Clark Government Center",
    "height_top_m": 181.2,
    "z_base_m": 1.3,
    "color": "#fb923c",
    "note": "",
    "kind": "building",
    "v16_polygon_id": 2412,
    "footprint_source": "v16",
    "footprint_area_m2": 2219.0
   },
   "geometry": {
    "type": "Polygon",
    "coordinates": [
     [
      [
       -903.3,
       81.6
      ],
      [
       -857.1,
       81.0
      ],
      [
       -852.1,
       73.4
      ],
      [
       -847.3,
       66.2
      ],
      [
       -846.3,
       64.8
      ],
      [
       -848.1,
       63.5
      ],
      [
       -848.0,
       60.4
      ],
      [
       -846.5,
       59.3
      ],
      [
       -857.5,
       42.7
      ],
      [
       -903.4,
       43.6
      ],
      [
       -911.0,
       55.0
      ],
      [
       -913.5,
       58.6
      ],
      [
       -914.5,
       60.1
      ],
      [
       -912.9,
       61.4
      ],
      [
       -912.7,
       64.4
      ],
      [
       -914.0,
       65.7
      ],
      [
       -903.3,
       81.6
      ]
     ]
    ]
   }
  },
  {
   "type": "Feature",
   "properties": {
    "name": "Vizcayne South Condominium",
    "height_top_m": 177.4,
    "z_base_m": 5.0,
    "color": "#4ade80",
    "note": "",
    "kind": "building",
    "v16_polygon_id": 2434,
    "footprint_source": "v16",
    "footprint_area_m2": 1431.0
   },
   "geometry": {
    "type": "Polygon",
    "coordinates": [
     [
      [
       -639.5,
       94.6
      ],
      [
       -637.6,
       95.1
      ],
      [
       -637.6,
       100.7
      ],
      [
       -634.7,
       100.8
      ],
      [
       -633.4,
       102.3
      ],
      [
       -632.8,
       103.7
      ],
      [
       -632.9,
       106.1
      ],
      [
       -623.2,
       106.2
      ],
      [
       -623.0,
       104.7
      ],
      [
       -616.0,
       104.7
      ],
      [
       -600.6,
       104.5
      ],
      [
       -600.6,
       105.7
      ],
      [
       -590.8,
       105.7
      ],
      [
       -590.9,
       102.1
      ],
      [
       -588.8,
       100.1
      ],
      [
       -586.2,
       100.1
      ],
      [
       -586.3,
       94.1
      ],
      [
       -585.3,
       94.1
      ],
      [
       -584.2,
       93.5
      ],
      [
       -583.3,
       92.5
      ],
      [
       -583.0,
       91.2
      ],
      [
       -583.0,
       89.6
      ],
      [
       -583.6,
       88.2
      ],
      [
       -584.3,
       87.4
      ],
      [
       -585.8,
       86.9
      ],
      [
       -586.5,
       86.9
      ],
      [
       -586.4,
       81.2
      ],
      [
       -589.4,
       81.2
      ],
      [
       -591.3,
       79.0
      ],
      [
       -591.0,
       75.7
      ],
      [
       -600.7,
       75.4
      ],
      [
       -600.8,
       76.9
      ],
      [
       -612.0,
       77.1
      ],
      [
       -623.3,
       77.3
      ],
      [
       -623.3,
       75.9
      ],
      [
       -633.1,
       76.1
      ],
      [
       -633.1,
       79.7
      ],
      [
       -635.1,
       81.7
      ],
      [
       -637.6,
       81.8
      ],
      [
       -637.7,
       87.8
      ],
      [
       -638.7,
       87.9
      ],
      [
       -639.7,
       88.4
      ],
      [
       -640.4,
       88.9
      ],
      [
       -640.8,
       89.8
      ],
      [
       -641.0,
       91.5
      ],
      [
       -640.7,
       93.1
      ],
      [
       -639.5,
       94.6
      ]
     ]
    ]
   }
  },
  {
   "type": "Feature",
   "properties": {
    "name": "Vizcayne North Condominium",
    "height_top_m": 177.4,
    "z_base_m": 5.0,
    "color": "#4ade80",
    "note": "",
    "kind": "building",
    "v16_polygon_id": 2433,
    "footprint_source": "v16",
    "footprint_area_m2": 1431.0
   },
   "geometry": {
    "type": "Polygon",
    "coordinates": [
     [
      [
       -548.2,
       162.2
      ],
      [
       -547.7,
       160.5
      ],
      [
       -547.7,
       160.3
      ],
      [
       -542.1,
       160.2
      ],
      [
       -541.9,
       157.3
      ],
      [
       -539.9,
       155.4
      ],
      [
       -536.7,
       155.5
      ],
      [
       -536.6,
       145.7
      ],
      [
       -538.2,
       145.6
      ],
      [
       -538.5,
       123.2
      ],
      [
       -537.4,
       123.2
      ],
      [
       -537.5,
       113.3
      ],
      [
       -541.1,
       113.5
      ],
      [
       -543.1,
       111.4
      ],
      [
       -543.1,
       108.8
      ],
      [
       -547.2,
       108.9
      ],
      [
       -549.1,
       108.9
      ],
      [
       -549.2,
       108.0
      ],
      [
       -549.7,
       106.8
      ],
      [
       -550.7,
       106.0
      ],
      [
       -552.0,
       105.7
      ],
      [
       -553.6,
       105.7
      ],
      [
       -555.0,
       106.3
      ],
      [
       -555.9,
       107.0
      ],
      [
       -556.4,
       108.6
      ],
      [
       -556.3,
       109.2
      ],
      [
       -562.0,
       109.2
      ],
      [
       -562.0,
       112.2
      ],
      [
       -564.2,
       114.1
      ],
      [
       -567.5,
       113.9
      ],
      [
       -567.7,
       123.5
      ],
      [
       -566.1,
       123.6
      ],
      [
       -565.6,
       146.1
      ],
      [
       -567.0,
       146.2
      ],
      [
       -566.8,
       151.9
      ],
      [
       -566.7,
       156.0
      ],
      [
       -563.0,
       156.0
      ],
      [
       -561.0,
       157.9
      ],
      [
       -560.9,
       160.4
      ],
      [
       -555.0,
       160.4
      ],
      [
       -554.8,
       161.5
      ],
      [
       -554.4,
       162.4
      ],
      [
       -553.9,
       163.1
      ],
      [
       -552.9,
       163.5
      ],
      [
       -551.2,
       163.7
      ],
      [
       -549.6,
       163.4
      ],
      [
       -548.2,
       162.2
      ]
     ]
    ]
   }
  },
  {
   "type": "Feature",
   "properties": {
    "name": "1500 Sonora Ave (Silo)",
    "height_top_m": 72.9,
    "z_base_m": 23.4,
    "color": "#e53935",
    "note": "RAFFINERIE ALLIED CRYSTAL (Ambrosia) V3 2026-09-26 \u2014 positions par les CAMERAS (Postcard re-posee sur les routes de la leak map + Panorama VERIFIED); la V16 ne sert qu a la FORME: Yanis a dessine les batiments de cette zone a l oeil (la leak map n a que les routes ici). silo drapeau r 7: centre ajus",
    "kind": "building",
    "v16_polygon_id": null,
    "footprint_source": "mesh_base",
    "footprint_area_m2": 153.0
   },
   "geometry": {
    "type": "Polygon",
    "coordinates": [
     [
      [
       -2708.73,
       3884.54
      ],
      [
       -2708.6,
       3883.17
      ],
      [
       -2708.2,
       3881.86
      ],
      [
       -2707.55,
       3880.65
      ],
      [
       -2706.68,
       3879.59
      ],
      [
       -2705.62,
       3878.72
      ],
      [
       -2704.41,
       3878.07
      ],
      [
       -2703.1,
       3877.67
      ],
      [
       -2701.73,
       3877.54
      ],
      [
       -2700.37,
       3877.67
      ],
      [
       -2699.06,
       3878.07
      ],
      [
       -2697.85,
       3878.72
      ],
      [
       -2696.78,
       3879.59
      ],
      [
       -2695.91,
       3880.65
      ],
      [
       -2695.27,
       3881.86
      ],
      [
       -2694.87,
       3883.17
      ],
      [
       -2694.73,
       3884.54
      ],
      [
       -2694.87,
       3885.91
      ],
      [
       -2695.27,
       3887.22
      ],
      [
       -2695.91,
       3888.43
      ],
      [
       -2696.78,
       3889.49
      ],
      [
       -2697.85,
       3890.36
      ],
      [
       -2699.06,
       3891.01
      ],
      [
       -2700.37,
       3891.41
      ],
      [
       -2701.73,
       3891.54
      ],
      [
       -2703.1,
       3891.41
      ],
      [
       -2704.41,
       3891.01
      ],
      [
       -2705.62,
       3890.36
      ],
      [
       -2706.68,
       3889.49
      ],
      [
       -2707.55,
       3888.43
      ],
      [
       -2708.2,
       3887.22
      ],
      [
       -2708.6,
       3885.91
      ],
      [
       -2708.73,
       3884.54
      ]
     ]
    ]
   }
  },
  {
   "type": "Feature",
   "properties": {
    "name": "Bocamar Bridge",
    "height_top_m": 114.5,
    "z_base_m": 0.0,
    "color": "#9ca3af",
    "note": "SKYWAY-V3 2026-09-28 (demande Alexandre: plus realiste): modele procedural type Sunshine Skyway sur les pylones des ilots S (-6686.8, 4439.1) / N (-6755.2, 4702.8), travee 272 m. Tablier caisson 29 m (2 chaussees, terre-plein central, parapets, dessous du caisson, cadres tous les 20 m) sur le profil",
    "kind": "bridge",
    "width_m": 5.4,
    "footprint_source": "mesh_axis"
   },
   "geometry": {
    "type": "LineString",
    "coordinates": [
     [
      -6686.31,
      4437.2
     ],
     [
      -6755.69,
      4704.7
     ]
    ]
   }
  },
  {
   "type": "Feature",
   "properties": {
    "name": "Pegassi Towers",
    "height_top_m": 206.5,
    "z_base_m": 3.0,
    "color": "#f472b6",
    "note": "",
    "kind": "building",
    "v16_polygon_id": null,
    "footprint_source": "mesh_base",
    "footprint_area_m2": 11310.0
   },
   "geometry": {
    "type": "Polygon",
    "coordinates": [
     [
      [
       9.53,
       -899.52
      ],
      [
       8.16,
       -898.24
      ],
      [
       6.71,
       -897.43
      ],
      [
       5.23,
       -897.09
      ],
      [
       3.72,
       -897.05
      ],
      [
       -2.4,
       -897.62
      ],
      [
       -3.93,
       -897.85
      ],
      [
       -5.48,
       -898.16
      ],
      [
       -7.04,
       -898.63
      ],
      [
       -8.62,
       -899.42
      ],
      [
       -10.26,
       -900.7
      ],
      [
       -11.94,
       -902.48
      ],
      [
       -13.55,
       -904.69
      ],
      [
       -14.84,
       -907.0
      ],
      [
       -15.75,
       -909.27
      ],
      [
       -16.2,
       -911.47
      ],
      [
       -16.31,
       -913.63
      ],
      [
       -16.15,
       -915.76
      ],
      [
       -15.59,
       -917.83
      ],
      [
       -2.83,
       -954.77
      ],
      [
       40.72,
       -1064.75
      ],
      [
       41.89,
       -1067.48
      ],
      [
       43.59,
       -1070.1
      ],
      [
       45.82,
       -1072.73
      ],
      [
       48.4,
       -1075.26
      ],
      [
       51.12,
       -1077.69
      ],
      [
       53.85,
       -1079.83
      ],
      [
       56.57,
       -1081.43
      ],
      [
       59.29,
       -1082.46
      ],
      [
       62.01,
       -1082.89
      ],
      [
       64.74,
       -1082.84
      ],
      [
       67.46,
       -1082.6
      ],
      [
       70.18,
       -1082.01
      ],
      [
       72.9,
       -1081.29
      ],
      [
       75.63,
       -1080.47
      ],
      [
       78.34,
       -1079.44
      ],
      [
       81.07,
       -1078.23
      ],
      [
       83.79,
       -1076.81
      ],
      [
       86.52,
       -1075.17
      ],
      [
       89.23,
       -1073.27
      ],
      [
       91.96,
       -1071.03
      ],
      [
       94.58,
       -1068.5
      ],
      [
       96.96,
       -1065.79
      ],
      [
       99.06,
       -1063.06
      ],
      [
       100.9,
       -1060.34
      ],
      [
       102.7,
       -1057.62
      ],
      [
       104.46,
       -1054.9
      ],
      [
       106.06,
       -1052.18
      ],
      [
       107.62,
       -1049.45
      ],
      [
       108.97,
       -1046.73
      ],
      [
       110.19,
       -1044.01
      ],
      [
       111.16,
       -1041.29
      ],
      [
       112.09,
       -1038.56
      ],
      [
       112.81,
       -1035.84
      ],
      [
       113.4,
       -1033.12
      ],
      [
       113.59,
       -1030.4
      ],
      [
       113.5,
       -1027.67
      ],
      [
       112.82,
       -1024.95
      ],
      [
       111.6,
       -1022.28
      ],
      [
       109.66,
       -1019.8
      ],
      [
       9.53,
       -899.52
      ]
     ]
    ]
   }
  },
  {
   "type": "Feature",
   "properties": {
    "name": "One Biscayne Tower",
    "height_top_m": 113.4,
    "z_base_m": 3.1,
    "color": "#c084fc",
    "note": "FOOTPRINT-MESH-V1 2026-09-13: extrusion de l'empreinte V16 (polygone 2318, 20 sommets, 1720 m2), sol 3.1 (heightmap), toit 113.4 (mediane de 4 coins), coins a 0.0 m du bord (mediane); anneaux tous les 25.0 m",
    "kind": "building",
    "v16_polygon_id": 2273,
    "footprint_source": "v16",
    "footprint_area_m2": 1194.0
   },
   "geometry": {
    "type": "Polygon",
    "coordinates": [
     [
      [
       -439.6,
       -271.1
      ],
      [
       -439.0,
       -296.6
      ],
      [
       -440.0,
       -296.6
      ],
      [
       -440.0,
       -303.5
      ],
      [
       -446.0,
       -303.6
      ],
      [
       -446.0,
       -304.0
      ],
      [
       -464.4,
       -303.4
      ],
      [
       -464.4,
       -302.3
      ],
      [
       -469.1,
       -302.4
      ],
      [
       -469.1,
       -295.0
      ],
      [
       -470.1,
       -295.0
      ],
      [
       -469.9,
       -270.0
      ],
      [
       -468.7,
       -270.0
      ],
      [
       -468.6,
       -263.9
      ],
      [
       -462.8,
       -264.0
      ],
      [
       -462.8,
       -263.3
      ],
      [
       -444.3,
       -263.7
      ],
      [
       -444.3,
       -264.8
      ],
      [
       -439.6,
       -264.9
      ],
      [
       -439.6,
       -271.1
      ]
     ]
    ]
   }
  },
  {
   "type": "Feature",
   "properties": {
    "name": "50 Biscayne Blvd",
    "height_top_m": 147.2,
    "z_base_m": 2.8,
    "color": "#facc15",
    "note": "B50-MESH-V2 2026-09-13: fut 29x60 m angles r4 (lame est V16 2334 elargie, valide dans 11 frames), 36 dalles de balcon tous les 3 m de 30.8 a 139.4, boite technique -> 144.8, canopee doree ondulee -> 147.2 (landmark couronne) debordant 8 m a l'ouest (VC11); podium = polygone V16 entier, hauteur ESTIM",
    "kind": "building",
    "v16_polygon_id": 2289,
    "footprint_source": "v16",
    "footprint_area_m2": 2558.0
   },
   "geometry": {
    "type": "Polygon",
    "coordinates": [
     [
      [
       -463.9,
       -202.3
      ],
      [
       -442.9,
       -202.8
      ],
      [
       -444.2,
       -261.6
      ],
      [
       -462.4,
       -261.2
      ],
      [
       -462.4,
       -263.3
      ],
      [
       -486.6,
       -262.7
      ],
      [
       -486.6,
       -202.9
      ],
      [
       -463.9,
       -203.5
      ],
      [
       -463.9,
       -202.3
      ]
     ]
    ]
   }
  },
  {
   "type": "Feature",
   "properties": {
    "name": "Hard Rock Cafe",
    "height_top_m": 14.8,
    "z_base_m": 3.1,
    "color": "#fb7185",
    "note": "FOOTPRINT-MESH-V1 2026-09-13: extrusion de l'empreinte V16 (polygone 2475, 8 sommets, 4545 m2), sol 3.1 (heightmap), toit 14.8 (mediane de 16 coins), coins a 1.6 m du bord (mediane); anneaux tous les 25.0 m",
    "kind": "building",
    "v16_polygon_id": 2430,
    "footprint_source": "v16",
    "footprint_area_m2": 4545.0
   },
   "geometry": {
    "type": "Polygon",
    "coordinates": [
     [
      [
       -112.6,
       29.9
      ],
      [
       -83.3,
       39.0
      ],
      [
       -56.1,
       24.8
      ],
      [
       -47.0,
       -4.5
      ],
      [
       -61.2,
       -31.7
      ],
      [
       -90.5,
       -40.8
      ],
      [
       -117.7,
       -26.6
      ],
      [
       -126.8,
       2.7
      ],
      [
       -112.6,
       29.9
      ]
     ]
    ]
   }
  },
  {
   "type": "Feature",
   "properties": {
    "name": "Marina Blue",
    "height_top_m": 174.8,
    "z_base_m": 3.0,
    "color": "#38bdf8",
    "note": "MB-MESH-V1 2026-09-13: fut \u00ab spinnaker \u00bb sur les 4 coins de toit (corde SW-SE 64.5 m, face nord Catmull-Rom SW-NW-NE-SE), sol 3.0 (heightmap), toit 174.8 (mediane 4 coins), anneaux 5 m, couronne 4 m; tour 2 (lobe NE de l'ilot V16, coin NW = LNE, toit 126.6) incluse [MB-MESH-V2]; podium non modelise;",
    "kind": "building",
    "v16_polygon_id": null,
    "footprint_source": "mesh_base",
    "footprint_area_m2": 2148.0
   },
   "geometry": {
    "type": "Polygon",
    "coordinates": [
     [
      [
       -499.39,
       376.23
      ],
      [
       -441.5,
       404.6
      ],
      [
       -441.1,
       425.6
      ],
      [
       -446.6,
       436.9
      ],
      [
       -452.3,
       444.9
      ],
      [
       -458.5,
       450.4
      ],
      [
       -469.46,
       447.84
      ],
      [
       -499.39,
       376.23
      ]
     ]
    ]
   }
  },
  {
   "type": "Feature",
   "properties": {
    "name": "One Miami Condominium East",
    "height_top_m": 182.0,
    "z_base_m": 2.2,
    "color": "#e2c290",
    "note": "Lame a plan parallelogramme (3 coins triangules + 4e coin deduit), 44 etages, couronne 8 m en debord de 0.8 m; sol heightmap 2.2 m; toit 182 m",
    "kind": "building",
    "v16_polygon_id": null,
    "footprint_source": "mesh_base",
    "footprint_area_m2": 1789.0
   },
   "geometry": {
    "type": "Polygon",
    "coordinates": [
     [
      [
       -229.99,
       -525.88
      ],
      [
       -299.28,
       -560.15
      ],
      [
       -296.89,
       -584.78
      ],
      [
       -227.59,
       -550.52
      ],
      [
       -229.99,
       -525.88
      ]
     ]
    ]
   }
  },
  {
   "type": "Feature",
   "properties": {
    "name": "One Miami Condominium West",
    "height_top_m": 188.0,
    "z_base_m": 5.8,
    "color": "#e2c290",
    "note": "Lame a plan parallelogramme (3 coins triangules + 4e coin deduit), 45 etages, couronne 8 m en debord de 0.8 m; sol heightmap 5.8 m; toit 188 m",
    "kind": "building",
    "v16_polygon_id": null,
    "footprint_source": "mesh_base",
    "footprint_area_m2": 1639.0
   },
   "geometry": {
    "type": "Polygon",
    "coordinates": [
     [
      [
       -381.04,
       -590.3
      ],
      [
       -378.12,
       -613.75
      ],
      [
       -311.99,
       -583.55
      ],
      [
       -314.9,
       -560.1
      ],
      [
       -381.04,
       -590.3
      ]
     ]
    ]
   }
  },
  {
   "type": "Feature",
   "properties": {
    "name": "One Miami (Podium)",
    "height_top_m": 17.5,
    "z_base_m": 3.5,
    "color": "#e2c290",
    "note": "Podium = empreinte V16 2257; hauteur 14 m ESTIMEE (bloc blanc de ~4 niveaux au pied des tours dans Vice City 10)",
    "kind": "building",
    "v16_polygon_id": 2257,
    "footprint_source": "v16",
    "footprint_area_m2": 18917.0
   },
   "geometry": {
    "type": "Polygon",
    "coordinates": [
     [
      [
       -354.8,
       -618.4
      ],
      [
       -404.2,
       -634.9
      ],
      [
       -405.5,
       -630.8
      ],
      [
       -406.4,
       -631.3
      ],
      [
       -411.5,
       -614.7
      ],
      [
       -410.8,
       -614.6
      ],
      [
       -411.6,
       -611.9
      ],
      [
       -406.5,
       -610.4
      ],
      [
       -410.4,
       -586.4
      ],
      [
       -406.5,
       -585.4
      ],
      [
       -385.3,
       -510.0
      ],
      [
       -388.3,
       -509.6
      ],
      [
       -382.7,
       -482.3
      ],
      [
       -353.0,
       -487.1
      ],
      [
       -347.5,
       -454.0
      ],
      [
       -331.9,
       -456.5
      ],
      [
       -328.0,
       -452.8
      ],
      [
       -312.6,
       -455.3
      ],
      [
       -310.8,
       -459.2
      ],
      [
       -275.7,
       -464.6
      ],
      [
       -257.5,
       -467.4
      ],
      [
       -254.0,
       -465.5
      ],
      [
       -251.0,
       -468.2
      ],
      [
       -253.1,
       -480.5
      ],
      [
       -256.3,
       -481.5
      ],
      [
       -256.7,
       -484.4
      ],
      [
       -254.1,
       -486.6
      ],
      [
       -264.2,
       -547.1
      ],
      [
       -273.3,
       -546.9
      ],
      [
       -273.3,
       -553.3
      ],
      [
       -272.6,
       -552.9
      ],
      [
       -271.5,
       -555.6
      ],
      [
       -267.6,
       -554.3
      ],
      [
       -265.2,
       -574.0
      ],
      [
       -279.7,
       -583.0
      ],
      [
       -279.3,
       -584.2
      ],
      [
       -285.4,
       -586.1
      ],
      [
       -318.0,
       -599.6
      ],
      [
       -316.9,
       -602.5
      ],
      [
       -321.2,
       -602.3
      ],
      [
       -324.0,
       -605.6
      ],
      [
       -328.6,
       -605.4
      ],
      [
       -331.0,
       -608.9
      ],
      [
       -335.6,
       -608.8
      ],
      [
       -339.2,
       -612.3
      ],
      [
       -354.8,
       -618.4
      ]
     ]
    ]
   }
  },
  {
   "type": "Feature",
   "properties": {
    "name": "Southeast Financial Center",
    "height_top_m": 276.5,
    "z_base_m": 3.3,
    "color": "#d9d9e6",
    "note": "Fut = empreinte V16 2267 (scie NE, encoche V ouest) translatee de (0.5,7.0) m et reduite a 0.943 (le fut est plus etroit que l empreinte au sol, silhouettes de 5 cams); toit 246.5 m; couronne = 4 pans de retrait lineaires par etage de 3.6 m: E az 69 28.9 m des z 187, S az 143 15.6 m des z 185, N az ",
    "kind": "building",
    "v16_polygon_id": null,
    "footprint_source": "mesh_base",
    "footprint_area_m2": 6961.0
   },
   "geometry": {
    "type": "Polygon",
    "coordinates": [
     [
      [
       -551.5,
       -421.0
      ],
      [
       -562.5,
       -484.0
      ],
      [
       -560.0,
       -487.5
      ],
      [
       -511.8,
       -495.9
      ],
      [
       -465.6,
       -497.28
      ],
      [
       -460.13,
       -493.79
      ],
      [
       -455.22,
       -469.55
      ],
      [
       -453.24,
       -459.75
      ],
      [
       -456.73,
       -454.37
      ],
      [
       -460.5,
       -448.71
      ],
      [
       -472.76,
       -431.55
      ],
      [
       -476.82,
       -425.89
      ],
      [
       -491.24,
       -423.25
      ],
      [
       -548.0,
       -418.5
      ],
      [
       -551.5,
       -421.0
      ]
     ]
    ]
   }
  },
  {
   "type": "Feature",
   "properties": {
    "name": "Vizcayne (Podium)",
    "height_top_m": 28.1,
    "z_base_m": 3.1,
    "color": "#4ade80",
    "note": "Podium = ilot V16 2435 (Everglades Plaza + parking, etages 2-7 IRL); hauteur 25 m ESTIMEE (aucune cam nette: dans Shitzu Squalo 01 les arcades roses devant sont la causeway); anneaux tous les 4.2 m; sol 3.1",
    "kind": "building",
    "v16_polygon_id": 2435,
    "footprint_source": "v16",
    "footprint_area_m2": 5251.0
   },
   "geometry": {
    "type": "Polygon",
    "coordinates": [
     [
      [
       -555.5,
       78.1
      ],
      [
       -547.0,
       87.6
      ],
      [
       -547.2,
       108.9
      ],
      [
       -549.1,
       108.9
      ],
      [
       -549.2,
       108.0
      ],
      [
       -549.7,
       106.8
      ],
      [
       -550.7,
       106.0
      ],
      [
       -552.0,
       105.7
      ],
      [
       -553.6,
       105.7
      ],
      [
       -555.0,
       106.3
      ],
      [
       -555.9,
       107.0
      ],
      [
       -556.4,
       108.6
      ],
      [
       -556.3,
       109.2
      ],
      [
       -562.0,
       109.2
      ],
      [
       -562.0,
       112.2
      ],
      [
       -564.2,
       114.1
      ],
      [
       -567.5,
       113.9
      ],
      [
       -567.7,
       123.5
      ],
      [
       -566.1,
       123.6
      ],
      [
       -565.6,
       146.1
      ],
      [
       -567.0,
       146.2
      ],
      [
       -566.8,
       151.9
      ],
      [
       -566.7,
       156.0
      ],
      [
       -566.6,
       159.6
      ],
      [
       -637.7,
       160.2
      ],
      [
       -642.7,
       154.9
      ],
      [
       -639.5,
       94.6
      ],
      [
       -637.6,
       95.1
      ],
      [
       -637.6,
       100.7
      ],
      [
       -634.7,
       100.8
      ],
      [
       -632.8,
       102.9
      ],
      [
       -632.9,
       106.1
      ],
      [
       -623.2,
       106.2
      ],
      [
       -623.0,
       104.7
      ],
      [
       -616.0,
       104.7
      ],
      [
       -600.6,
       104.5
      ],
      [
       -600.6,
       105.7
      ],
      [
       -590.8,
       105.7
      ],
      [
       -590.9,
       102.1
      ],
      [
       -588.8,
       100.1
      ],
      [
       -586.2,
       100.1
      ],
      [
       -586.3,
       94.1
      ],
      [
       -585.3,
       94.1
      ],
      [
       -584.2,
       93.5
      ],
      [
       -583.3,
       92.5
      ],
      [
       -583.0,
       91.2
      ],
      [
       -583.0,
       89.6
      ],
      [
       -583.6,
       88.2
      ],
      [
       -584.3,
       87.4
      ],
      [
       -585.8,
       86.9
      ],
      [
       -586.5,
       86.9
      ],
      [
       -586.4,
       81.2
      ],
      [
       -589.4,
       81.2
      ],
      [
       -591.3,
       79.0
      ],
      [
       -591.0,
       75.7
      ],
      [
       -591.0,
       77.8
      ],
      [
       -555.5,
       78.1
      ]
     ]
    ]
   }
  },
  {
   "type": "Feature",
   "properties": {
    "name": "Four Seasons (Podium)",
    "height_top_m": 36.7,
    "z_base_m": 2.9,
    "color": "#60a5fa",
    "note": "Socle = V16 1939 (terrasse piscine, 7e etage IRL) + 1955 (aile ouest); hauteur 32 m lue dans Tennis Stadium (4K) (terrasse aux palmiers a +31..+35 m avec les anneaux-guides, 7e etage IRL); sol 2.9",
    "kind": "building",
    "v16_polygon_id": 1939,
    "footprint_source": "v16",
    "footprint_area_m2": 6471.0
   },
   "geometry": {
    "type": "Polygon",
    "coordinates": [
     [
      [
       -825.6,
       -1327.3
      ],
      [
       -828.0,
       -1326.4
      ],
      [
       -827.1,
       -1324.0
      ],
      [
       -827.0,
       -1323.6
      ],
      [
       -824.1,
       -1320.4
      ],
      [
       -823.4,
       -1321.2
      ],
      [
       -824.7,
       -1324.8
      ],
      [
       -822.7,
       -1325.6
      ],
      [
       -822.6,
       -1325.2
      ],
      [
       -819.7,
       -1322.0
      ],
      [
       -819.0,
       -1322.7
      ],
      [
       -820.4,
       -1326.4
      ],
      [
       -818.4,
       -1327.1
      ],
      [
       -818.3,
       -1326.8
      ],
      [
       -815.3,
       -1323.5
      ],
      [
       -814.7,
       -1324.3
      ],
      [
       -816.0,
       -1328.0
      ],
      [
       -813.9,
       -1328.8
      ],
      [
       -813.7,
       -1328.5
      ],
      [
       -810.8,
       -1325.2
      ],
      [
       -810.2,
       -1326.0
      ],
      [
       -811.5,
       -1329.7
      ],
      [
       -802.8,
       -1332.8
      ],
      [
       -800.9,
       -1327.4
      ],
      [
       -808.1,
       -1324.8
      ],
      [
       -810.9,
       -1323.8
      ],
      [
       -810.6,
       -1322.9
      ],
      [
       -810.2,
       -1323.0
      ],
      [
       -806.8,
       -1313.1
      ],
      [
       -806.5,
       -1313.2
      ],
      [
       -805.6,
       -1310.9
      ],
      [
       -805.8,
       -1310.8
      ],
      [
       -803.3,
       -1304.0
      ],
      [
       -801.5,
       -1304.7
      ],
      [
       -798.9,
       -1297.6
      ],
      [
       -796.7,
       -1291.6
      ],
      [
       -781.2,
       -1297.3
      ],
      [
       -780.2,
       -1294.7
      ],
      [
       -781.2,
       -1294.3
      ],
      [
       -780.7,
       -1293.0
      ],
      [
       -730.4,
       -1311.4
      ],
      [
       -730.4,
       -1311.5
      ],
      [
       -723.4,
       -1314.2
      ],
      [
       -721.3,
       -1317.0
      ],
      [
       -720.2,
       -1318.6
      ],
      [
       -719.8,
       -1318.7
      ],
      [
       -719.9,
       -1319.0
      ],
      [
       -754.2,
       -1393.6
      ],
      [
       -761.7,
       -1390.9
      ],
      [
       -777.1,
       -1385.3
      ],
      [
       -816.7,
       -1370.9
      ],
      [
       -816.6,
       -1370.4
      ],
      [
       -816.4,
       -1370.0
      ],
      [
       -815.5,
       -1367.5
      ],
      [
       -813.7,
       -1362.5
      ],
      [
       -810.9,
       -1355.1
      ],
      [
       -810.1,
       -1352.8
      ],
      [
       -810.8,
       -1352.6
      ],
      [
       -814.1,
       -1351.4
      ],
      [
       -818.6,
       -1363.6
      ],
      [
       -819.6,
       -1360.8
      ],
      [
       -811.9,
       -1339.7
      ],
      [
       -809.4,
       -1338.5
      ],
      [
       -809.6,
       -1339.1
      ],
      [
       -808.7,
       -1339.5
      ],
      [
       -808.9,
       -1339.9
      ],
      [
       -805.8,
       -1341.0
      ],
      [
       -804.9,
       -1338.5
      ],
      [
       -804.4,
       -1337.2
      ],
      [
       -803.7,
       -1335.2
      ],
      [
       -812.4,
       -1332.1
      ],
      [
       -814.7,
       -1331.2
      ],
      [
       -816.9,
       -1330.4
      ],
      [
       -819.3,
       -1329.6
      ],
      [
       -821.3,
       -1328.8
      ],
      [
       -823.6,
       -1328.0
      ],
      [
       -825.6,
       -1327.3
      ]
     ]
    ]
   }
  },
  {
   "type": "Feature",
   "properties": {
    "name": "Stephen P. Clark (Podium)",
    "height_top_m": 21.1,
    "z_base_m": 3.0,
    "color": "#fb923c",
    "note": "Socle nord = V16 2413, 14 m ESTIME; station Metrorail = V16 3857, 18 m ESTIME (station aerienne dans le batiment IRL); rampe helicoidale = octogones V16 2407/2410, 12 m ESTIME (2 tours); aucune cam nette a < 700 m: a affiner quand une frame le montrera",
    "kind": "building",
    "v16_polygon_id": null,
    "footprint_source": "mesh_base",
    "footprint_area_m2": 13621.0
   },
   "geometry": {
    "type": "Polygon",
    "coordinates": [
     [
      [
       -809.5,
       9.4
      ],
      [
       -808.5,
       147.5
      ],
      [
       -830.5,
       148.0
      ],
      [
       -898.5,
       132.9
      ],
      [
       -916.7,
       126.7
      ],
      [
       -917.5,
       123.9
      ],
      [
       -918.4,
       100.5
      ],
      [
       -901.4,
       14.9
      ],
      [
       -892.0,
       5.5
      ],
      [
       -878.6,
       5.5
      ],
      [
       -809.5,
       9.4
      ]
     ]
    ]
   }
  },
  {
   "type": "Feature",
   "properties": {
    "name": "Flagler on the River",
    "height_top_m": 138.2,
    "z_base_m": 4.2,
    "color": "#7dd3fc",
    "note": "Empreinte V16 2232 extrudee; toit = landmark 138.1; le coin (SE) a 20 m au sud est probablement une aile plus basse; sol 4.2",
    "kind": "building",
    "v16_polygon_id": 2232,
    "footprint_source": "v16",
    "footprint_area_m2": 4038.0
   },
   "geometry": {
    "type": "Polygon",
    "coordinates": [
     [
      [
       -1099.9,
       -274.5
      ],
      [
       -1086.7,
       -275.9
      ],
      [
       -1067.1,
       -277.2
      ],
      [
       -1051.7,
       -351.5
      ],
      [
       -1080.8,
       -347.4
      ],
      [
       -1085.4,
       -350.6
      ],
      [
       -1098.6,
       -347.0
      ],
      [
       -1099.7,
       -341.7
      ],
      [
       -1130.8,
       -277.5
      ],
      [
       -1127.8,
       -272.4
      ],
      [
       -1099.9,
       -274.5
      ]
     ]
    ]
   }
  },
  {
   "type": "Feature",
   "properties": {
    "name": "InterContinental Miami",
    "height_top_m": 131.7,
    "z_base_m": 6.3,
    "color": "#fde68a",
    "note": "Empreinte V16 2260 (pentagone = tour triangulaire Belluschi 1982) extrudee; toit = landmark (N) 131.7; sol 6.3",
    "kind": "building",
    "v16_polygon_id": 2260,
    "footprint_source": "v16",
    "footprint_area_m2": 1208.0
   },
   "geometry": {
    "type": "Polygon",
    "coordinates": [
     [
      [
       -306.7,
       -490.0
      ],
      [
       -307.8,
       -492.0
      ],
      [
       -270.3,
       -496.4
      ],
      [
       -270.9,
       -495.4
      ],
      [
       -267.8,
       -487.0
      ],
      [
       -266.3,
       -486.4
      ],
      [
       -279.9,
       -454.3
      ],
      [
       -280.4,
       -454.7
      ],
      [
       -289.2,
       -453.9
      ],
      [
       -289.6,
       -453.4
      ],
      [
       -309.9,
       -481.1
      ],
      [
       -308.4,
       -482.2
      ],
      [
       -306.7,
       -490.0
      ]
     ]
    ]
   }
  },
  {
   "type": "Feature",
   "properties": {
    "name": "Carbonell Brickell",
    "height_top_m": 123.1,
    "z_base_m": 4.9,
    "color": "#c4b5fd",
    "note": "CARBONELL BRICKELL V2 2026-09-26: plan = polygone V16 3107 decoupe par ses traits internes (bande de la tour = arc s4 / ligne interieure s14-s11-s13-s15-s21-s19 / s18; aile NO = s18 -> bout arrondi, coupe s32-s27) et par des rayons depuis le centre de courbure (-252.4,-859.8) passant par les traits ",
    "kind": "building",
    "v16_polygon_id": 3107,
    "footprint_source": "v16",
    "footprint_area_m2": 3144.0
   },
   "geometry": {
    "type": "Polygon",
    "coordinates": [
     [
      [
       -217.0,
       -801.8
      ],
      [
       -207.6,
       -809.0
      ],
      [
       -201.9,
       -815.0
      ],
      [
       -198.2,
       -820.4
      ],
      [
       -199.2,
       -821.0
      ],
      [
       -197.3,
       -824.8
      ],
      [
       -196.9,
       -826.0
      ],
      [
       -196.4,
       -827.1
      ],
      [
       -195.5,
       -828.9
      ],
      [
       -195.7,
       -829.0
      ],
      [
       -194.5,
       -832.5
      ],
      [
       -192.6,
       -840.8
      ],
      [
       -191.9,
       -843.9
      ],
      [
       -205.8,
       -845.5
      ],
      [
       -205.6,
       -847.3
      ],
      [
       -214.5,
       -847.8
      ],
      [
       -214.6,
       -849.3
      ],
      [
       -220.5,
       -849.5
      ],
      [
       -221.3,
       -845.0
      ],
      [
       -220.6,
       -844.1
      ],
      [
       -220.6,
       -843.9
      ],
      [
       -224.6,
       -834.4
      ],
      [
       -226.5,
       -835.9
      ],
      [
       -227.3,
       -835.2
      ],
      [
       -238.0,
       -843.7
      ],
      [
       -244.7,
       -839.2
      ],
      [
       -248.6,
       -838.4
      ],
      [
       -246.9,
       -824.2
      ],
      [
       -246.7,
       -823.4
      ],
      [
       -270.9,
       -816.5
      ],
      [
       -271.5,
       -816.2
      ],
      [
       -271.0,
       -814.4
      ],
      [
       -276.9,
       -812.9
      ],
      [
       -276.3,
       -810.3
      ],
      [
       -284.2,
       -807.9
      ],
      [
       -282.4,
       -802.6
      ],
      [
       -283.4,
       -798.0
      ],
      [
       -283.3,
       -795.4
      ],
      [
       -282.6,
       -793.0
      ],
      [
       -281.6,
       -791.2
      ],
      [
       -280.0,
       -789.1
      ],
      [
       -277.9,
       -787.7
      ],
      [
       -275.9,
       -786.7
      ],
      [
       -272.5,
       -785.6
      ],
      [
       -268.6,
       -786.0
      ],
      [
       -266.3,
       -786.4
      ],
      [
       -264.5,
       -787.5
      ],
      [
       -258.4,
       -789.5
      ],
      [
       -239.2,
       -795.1
      ],
      [
       -238.6,
       -792.9
      ],
      [
       -228.8,
       -795.9
      ],
      [
       -217.0,
       -801.8
      ]
     ]
    ]
   }
  },
  {
   "type": "Feature",
   "properties": {
    "name": "Loft Downtown II",
    "height_top_m": 123.1,
    "z_base_m": 3.0,
    "color": "#fca5a5",
    "note": "Empreinte V16 3854 (L) extrudee; toit = landmark 123.1; sol 3.0",
    "kind": "building",
    "v16_polygon_id": 3854,
    "footprint_source": "v16",
    "footprint_area_m2": 1881.0
   },
   "geometry": {
    "type": "Polygon",
    "coordinates": [
     [
      [
       -552.1,
       56.3
      ],
      [
       -528.6,
       56.9
      ],
      [
       -528.5,
       55.0
      ],
      [
       -481.4,
       57.0
      ],
      [
       -481.0,
       37.7
      ],
      [
       -528.0,
       36.0
      ],
      [
       -527.5,
       15.6
      ],
      [
       -551.3,
       15.0
      ],
      [
       -552.1,
       56.3
      ]
     ]
    ]
   }
  },
  {
   "type": "Feature",
   "properties": {
    "name": "100 Biscayne Blvd",
    "height_top_m": 92.2,
    "z_base_m": 2.5,
    "color": "#a7f3d0",
    "note": "Empreinte V16 2290 extrudee; coins (SE)/(NE) sur le bord; toit 92.2; sol 2.5",
    "kind": "building",
    "v16_polygon_id": 2290,
    "footprint_source": "v16",
    "footprint_area_m2": 980.0
   },
   "geometry": {
    "type": "Polygon",
    "coordinates": [
     [
      [
       -447.5,
       -171.0
      ],
      [
       -465.5,
       -171.0
      ],
      [
       -465.5,
       -170.0
      ],
      [
       -467.5,
       -170.0
      ],
      [
       -467.5,
       -127.5
      ],
      [
       -465.5,
       -127.5
      ],
      [
       -465.5,
       -126.0
      ],
      [
       -447.5,
       -126.0
      ],
      [
       -447.5,
       -127.5
      ],
      [
       -445.5,
       -127.5
      ],
      [
       -445.5,
       -170.0
      ],
      [
       -447.5,
       -170.0
      ],
      [
       -447.5,
       -171.0
      ]
     ]
    ]
   }
  },
  {
   "type": "Feature",
   "properties": {
    "name": "1450 Brickell Ave",
    "height_top_m": 174.8,
    "z_base_m": 2.4,
    "color": "#fdba74",
    "note": "Empreinte V16 1936 extrudee; toit = landmark 174.8; sol 2.4",
    "kind": "building",
    "v16_polygon_id": 1936,
    "footprint_source": "v16",
    "footprint_area_m2": 1943.0
   },
   "geometry": {
    "type": "Polygon",
    "coordinates": [
     [
      [
       -960.8,
       -1399.5
      ],
      [
       -965.8,
       -1411.8
      ],
      [
       -975.8,
       -1402.1
      ],
      [
       -974.9,
       -1401.1
      ],
      [
       -982.5,
       -1394.5
      ],
      [
       -981.7,
       -1393.7
      ],
      [
       -993.1,
       -1382.7
      ],
      [
       -974.3,
       -1338.0
      ],
      [
       -943.0,
       -1351.6
      ],
      [
       -958.7,
       -1388.9
      ],
      [
       -957.7,
       -1389.4
      ],
      [
       -961.9,
       -1398.8
      ],
      [
       -960.8,
       -1399.5
      ]
     ]
    ]
   }
  },
  {
   "type": "Feature",
   "properties": {
    "name": "One Broadway",
    "height_top_m": 151.7,
    "z_base_m": 3.6,
    "color": "#93c5fd",
    "note": "Empreinte V16 1937 (lame) extrudee; toit = coins (W)/(E) 151.6; coins (NW)/(SW) a 140 = aile basse non modelisee; sol 3.6",
    "kind": "building",
    "v16_polygon_id": 1937,
    "footprint_source": "v16",
    "footprint_area_m2": 3497.0
   },
   "geometry": {
    "type": "Polygon",
    "coordinates": [
     [
      [
       -1022.6,
       -1260.6
      ],
      [
       -1058.5,
       -1357.4
      ],
      [
       -1059.2,
       -1357.1
      ],
      [
       -1062.4,
       -1365.5
      ],
      [
       -1070.9,
       -1362.5
      ],
      [
       -1070.2,
       -1361.0
      ],
      [
       -1083.1,
       -1356.6
      ],
      [
       -1083.8,
       -1358.3
      ],
      [
       -1090.1,
       -1355.9
      ],
      [
       -1086.8,
       -1347.4
      ],
      [
       -1088.3,
       -1346.9
      ],
      [
       -1052.4,
       -1250.3
      ],
      [
       -1022.6,
       -1260.6
      ]
     ]
    ]
   }
  },
  {
   "type": "Feature",
   "properties": {
    "name": "Wells Fargo Center",
    "height_top_m": 186.7,
    "z_base_m": 2.8,
    "color": "#86efac",
    "note": "Empreinte V16 2269 (4149 m2 = plan IRL ~55x75) extrudee; toit = coin (N) 186.6; sol 2.8",
    "kind": "building",
    "v16_polygon_id": 2269,
    "footprint_source": "v16",
    "footprint_area_m2": 4149.0
   },
   "geometry": {
    "type": "Polygon",
    "coordinates": [
     [
      [
       -590.1,
       -424.8
      ],
      [
       -600.1,
       -478.3
      ],
      [
       -620.7,
       -474.5
      ],
      [
       -620.5,
       -473.5
      ],
      [
       -640.3,
       -469.8
      ],
      [
       -640.5,
       -471.1
      ],
      [
       -672.5,
       -464.5
      ],
      [
       -676.0,
       -457.0
      ],
      [
       -675.4,
       -453.5
      ],
      [
       -673.7,
       -453.8
      ],
      [
       -667.4,
       -421.0
      ],
      [
       -669.3,
       -420.6
      ],
      [
       -668.9,
       -417.8
      ],
      [
       -662.2,
       -411.3
      ],
      [
       -630.3,
       -417.1
      ],
      [
       -630.5,
       -418.1
      ],
      [
       -610.7,
       -421.8
      ],
      [
       -610.6,
       -420.9
      ],
      [
       -590.1,
       -424.8
      ]
     ]
    ]
   }
  },
  {
   "type": "Feature",
   "properties": {
    "name": "Wells Fargo Center (S)",
    "height_top_m": 191.8,
    "z_base_m": 3.6,
    "color": "#86efac",
    "note": "Deuxieme tour du complexe Metropolitan (hotel IRL): empreinte V16 2263 extrudee; toit = coin (S) 191.8; sol 3.6",
    "kind": "building",
    "v16_polygon_id": 2263,
    "footprint_source": "v16",
    "footprint_area_m2": 2001.0
   },
   "geometry": {
    "type": "Polygon",
    "coordinates": [
     [
      [
       -735.6,
       -552.7
      ],
      [
       -727.6,
       -542.1
      ],
      [
       -730.6,
       -539.7
      ],
      [
       -723.2,
       -529.7
      ],
      [
       -724.4,
       -528.7
      ],
      [
       -723.0,
       -526.5
      ],
      [
       -720.9,
       -518.3
      ],
      [
       -724.9,
       -507.5
      ],
      [
       -734.1,
       -497.3
      ],
      [
       -736.9,
       -495.2
      ],
      [
       -741.5,
       -492.3
      ],
      [
       -744.9,
       -491.1
      ],
      [
       -750.9,
       -490.6
      ],
      [
       -757.1,
       -491.1
      ],
      [
       -761.5,
       -492.0
      ],
      [
       -761.0,
       -496.1
      ],
      [
       -765.5,
       -497.6
      ],
      [
       -765.6,
       -511.7
      ],
      [
       -766.6,
       -513.0
      ],
      [
       -763.2,
       -515.9
      ],
      [
       -771.8,
       -526.2
      ],
      [
       -735.6,
       -552.7
      ]
     ]
    ]
   }
  },
  {
   "type": "Feature",
   "properties": {
    "name": "Latitude on the River (S)",
    "height_top_m": 93.5,
    "z_base_m": 3.0,
    "color": "#f9a8d4",
    "note": "Empreinte V16 1978 extrudee; toit = coins (S) (NW)/(SW) 93; sol 3.0",
    "kind": "building",
    "v16_polygon_id": 1978,
    "footprint_source": "v16",
    "footprint_area_m2": 1472.0
   },
   "geometry": {
    "type": "Polygon",
    "coordinates": [
     [
      [
       -928.0,
       -809.2
      ],
      [
       -942.6,
       -847.2
      ],
      [
       -947.2,
       -845.2
      ],
      [
       -948.7,
       -848.8
      ],
      [
       -975.1,
       -838.6
      ],
      [
       -961.7,
       -804.1
      ],
      [
       -960.9,
       -804.4
      ],
      [
       -957.5,
       -796.6
      ],
      [
       -928.0,
       -809.2
      ]
     ]
    ]
   }
  },
  {
   "type": "Feature",
   "properties": {
    "name": "Citigroup Center",
    "height_top_m": 150.3,
    "z_base_m": 6.7,
    "color": "#d1d5db",
    "note": "Empreinte V16 2259 extrudee (regle: le footprint V16 prime sur les coins triangules); toit = coins NE/NW/SE 150.3; sol 6.6; les coins triangules debordent de 10-25 m au NW/S",
    "kind": "building",
    "v16_polygon_id": 2259,
    "footprint_source": "v16",
    "footprint_area_m2": 1379.0
   },
   "geometry": {
    "type": "Polygon",
    "coordinates": [
     [
      [
       -346.9,
       -448.5
      ],
      [
       -353.0,
       -487.1
      ],
      [
       -387.9,
       -481.5
      ],
      [
       -381.9,
       -443.1
      ],
      [
       -346.9,
       -448.5
      ]
     ]
    ]
   }
  },
  {
   "type": "Feature",
   "properties": {
    "name": "Infinity at Brickell",
    "height_top_m": 181.0,
    "z_base_m": 3.2,
    "color": "#67e8f9",
    "note": "Empreinte V16 1929 extrudee (footprint V16 prime); toit = coins 177.2; helipad/local V16 1930 a 181 (coin NE); sol 3.2; les coins triangules NE/NW sont 15-25 m a l est du polygone",
    "kind": "building",
    "v16_polygon_id": 1929,
    "footprint_source": "v16",
    "footprint_area_m2": 4857.0
   },
   "geometry": {
    "type": "Polygon",
    "coordinates": [
     [
      [
       -1215.3,
       -1404.7
      ],
      [
       -1217.4,
       -1403.8
      ],
      [
       -1202.2,
       -1371.5
      ],
      [
       -1188.2,
       -1377.8
      ],
      [
       -1189.2,
       -1380.4
      ],
      [
       -1173.9,
       -1387.7
      ],
      [
       -1169.4,
       -1387.6
      ],
      [
       -1158.7,
       -1391.9
      ],
      [
       -1160.7,
       -1396.5
      ],
      [
       -1160.0,
       -1396.9
      ],
      [
       -1160.4,
       -1397.8
      ],
      [
       -1161.3,
       -1405.0
      ],
      [
       -1162.5,
       -1407.7
      ],
      [
       -1166.5,
       -1416.0
      ],
      [
       -1169.2,
       -1414.8
      ],
      [
       -1182.5,
       -1443.0
      ],
      [
       -1179.8,
       -1444.3
      ],
      [
       -1183.9,
       -1453.2
      ],
      [
       -1186.8,
       -1451.9
      ],
      [
       -1191.5,
       -1461.9
      ],
      [
       -1188.7,
       -1463.1
      ],
      [
       -1196.2,
       -1479.4
      ],
      [
       -1199.2,
       -1478.2
      ],
      [
       -1200.9,
       -1481.9
      ],
      [
       -1244.5,
       -1461.6
      ],
      [
       -1221.6,
       -1412.7
      ],
      [
       -1219.6,
       -1413.6
      ],
      [
       -1215.3,
       -1404.7
      ]
     ]
    ]
   }
  },
  {
   "type": "Feature",
   "properties": {
    "name": "Brickell Arch",
    "height_top_m": 172.2,
    "z_base_m": 3.0,
    "color": "#fcd34d",
    "note": "Plan = quadrilatere dessine en traits dans la V16 (74 x 29 m, footprint V16 prime sur les coins triangules E/W); arche parabolique concave sur la face sud (rue), recess max 14 m au sommet ESTIME (IRL KPF 2004); toit 172.2 (coins); podium = ilot V16 1965 a 12 m ESTIME; sol 3.0",
    "kind": "building",
    "v16_polygon_id": 1965,
    "footprint_source": "v16",
    "footprint_area_m2": 8634.0
   },
   "geometry": {
    "type": "Polygon",
    "coordinates": [
     [
      [
       -753.2,
       -1149.6
      ],
      [
       -755.7,
       -1156.1
      ],
      [
       -771.2,
       -1150.4
      ],
      [
       -773.0,
       -1155.0
      ],
      [
       -811.8,
       -1140.8
      ],
      [
       -810.0,
       -1136.2
      ],
      [
       -826.4,
       -1130.2
      ],
      [
       -824.0,
       -1124.0
      ],
      [
       -823.3,
       -1124.3
      ],
      [
       -821.8,
       -1121.4
      ],
      [
       -818.3,
       -1114.8
      ],
      [
       -820.6,
       -1113.9
      ],
      [
       -805.8,
       -1068.1
      ],
      [
       -792.7,
       -1027.6
      ],
      [
       -718.6,
       -1051.1
      ],
      [
       -733.5,
       -1094.7
      ],
      [
       -744.4,
       -1125.9
      ],
      [
       -745.8,
       -1136.2
      ],
      [
       -750.7,
       -1149.5
      ],
      [
       -753.4,
       -1148.2
      ],
      [
       -753.7,
       -1149.5
      ],
      [
       -753.2,
       -1149.6
      ]
     ]
    ]
   }
  },
  {
   "type": "Feature",
   "properties": {
    "name": "Miami Tower",
    "height_top_m": 160.5,
    "z_base_m": 3.2,
    "color": "#a5b4fc",
    "note": "Garage V16 2271 (40 m, 10 niveaux IRL) + tour = plan reduit a 0.85 autour du landmark, 3 gradins avec retraits de 10 m sur la face SE a z 105 et 135 (IRL Pei 1987: 3 tiers sur la face SE courbe), toit 160.5; forme ESTIMEE; sol 3.2",
    "kind": "building",
    "v16_polygon_id": 2271,
    "footprint_source": "v16",
    "footprint_area_m2": 4161.0
   },
   "geometry": {
    "type": "Polygon",
    "coordinates": [
     [
      [
       -738.5,
       -391.7
      ],
      [
       -752.0,
       -456.4
      ],
      [
       -762.3,
       -454.3
      ],
      [
       -768.6,
       -452.9
      ],
      [
       -770.4,
       -450.1
      ],
      [
       -770.9,
       -452.0
      ],
      [
       -771.8,
       -451.8
      ],
      [
       -774.7,
       -451.2
      ],
      [
       -777.1,
       -450.7
      ],
      [
       -779.1,
       -450.3
      ],
      [
       -780.7,
       -450.0
      ],
      [
       -783.3,
       -449.4
      ],
      [
       -800.2,
       -446.0
      ],
      [
       -812.6,
       -427.2
      ],
      [
       -808.9,
       -409.7
      ],
      [
       -808.5,
       -407.8
      ],
      [
       -808.0,
       -405.1
      ],
      [
       -807.5,
       -402.7
      ],
      [
       -807.0,
       -400.5
      ],
      [
       -806.5,
       -398.1
      ],
      [
       -806.3,
       -396.9
      ],
      [
       -805.9,
       -396.9
      ],
      [
       -805.5,
       -395.1
      ],
      [
       -805.9,
       -394.7
      ],
      [
       -802.6,
       -378.6
      ],
      [
       -780.8,
       -383.0
      ],
      [
       -738.5,
       -391.7
      ]
     ]
    ]
   }
  },
  {
   "type": "Feature",
   "properties": {
    "name": "Miami-Dade County Courthouse",
    "height_top_m": 116.5,
    "z_base_m": 4.6,
    "color": "#e5e7eb",
    "note": "Ziggourat neoclassique (IRL 1928): 4 paliers depuis V16 2308 (echelles 1/0.72/0.52/0.36) + toit pyramidal jusqu au landmark 116.5; paliers ESTIMES; sol 4.6",
    "kind": "building",
    "v16_polygon_id": 2308,
    "footprint_source": "v16",
    "footprint_area_m2": 2673.0
   },
   "geometry": {
    "type": "Polygon",
    "coordinates": [
     [
      [
       -741.5,
       -21.0
      ],
      [
       -741.5,
       29.0
      ],
      [
       -741.5,
       30.5
      ],
      [
       -737.0,
       30.5
      ],
      [
       -737.0,
       29.0
      ],
      [
       -696.5,
       29.0
      ],
      [
       -696.5,
       30.5
      ],
      [
       -691.5,
       30.5
      ],
      [
       -691.5,
       29.0
      ],
      [
       -691.5,
       -9.5
      ],
      [
       -689.5,
       -9.5
      ],
      [
       -689.5,
       -23.0
      ],
      [
       -712.0,
       -23.0
      ],
      [
       -712.0,
       -27.5
      ],
      [
       -714.5,
       -27.5
      ],
      [
       -719.0,
       -27.5
      ],
      [
       -719.0,
       -23.0
      ],
      [
       -741.5,
       -23.0
      ],
      [
       -741.5,
       -21.0
      ]
     ]
    ]
   }
  },
  {
   "type": "Feature",
   "properties": {
    "name": "Pegassi Towers (Podium)",
    "height_top_m": 17.2,
    "z_base_m": 4.8,
    "color": "#f472b6",
    "note": "Terrasse/podium = polygones V16 3099 (autour de Three Tequesta) + 3097 (autour de Two); hauteur 9 m lue dans Vice City 10 (bord de la terrasse sur l anneau-guide +8 m)",
    "kind": "building",
    "v16_polygon_id": 3097,
    "footprint_source": "v16",
    "footprint_area_m2": 2187.0
   },
   "geometry": {
    "type": "Polygon",
    "coordinates": [
     [
      [
       85.3,
       -1075.6
      ],
      [
       87.7,
       -1064.1
      ],
      [
       86.8,
       -1060.6
      ],
      [
       74.2,
       -1052.2
      ],
      [
       68.9,
       -1052.3
      ],
      [
       61.0,
       -1053.4
      ],
      [
       53.9,
       -1054.3
      ],
      [
       49.7,
       -1055.4
      ],
      [
       58.3,
       -1051.8
      ],
      [
       65.0,
       -1048.3
      ],
      [
       73.3,
       -1042.9
      ],
      [
       81.1,
       -1036.7
      ],
      [
       87.9,
       -1027.6
      ],
      [
       93.3,
       -1016.6
      ],
      [
       101.0,
       -1008.5
      ],
      [
       101.3,
       -1008.4
      ],
      [
       115.5,
       -1009.1
      ],
      [
       123.6,
       -1024.8
      ],
      [
       123.6,
       -1026.2
      ],
      [
       118.9,
       -1044.8
      ],
      [
       114.6,
       -1053.2
      ],
      [
       105.4,
       -1067.0
      ],
      [
       104.5,
       -1068.0
      ],
      [
       74.6,
       -1087.3
      ],
      [
       71.2,
       -1088.3
      ],
      [
       43.3,
       -1079.8
      ],
      [
       44.3,
       -1080.8
      ],
      [
       54.0,
       -1085.6
      ],
      [
       55.9,
       -1086.0
      ],
      [
       58.2,
       -1086.1
      ],
      [
       60.0,
       -1086.0
      ],
      [
       67.3,
       -1084.9
      ],
      [
       69.8,
       -1084.3
      ],
      [
       75.9,
       -1082.2
      ],
      [
       78.4,
       -1081.1
      ],
      [
       80.2,
       -1080.0
      ],
      [
       85.3,
       -1075.6
      ]
     ]
    ]
   }
  },
  {
   "type": "Feature",
   "properties": {
    "name": "Marina Blue (Podium)",
    "height_top_m": 23.0,
    "z_base_m": 3.0,
    "color": "#38bdf8",
    "note": "Podium = ilot V16 2562; hauteur 20 m ESTIMEE (pedestal parking IRL ~6 niveaux; aucune cam nette sur la base: a mesurer quand une frame le montrera)",
    "kind": "building",
    "v16_polygon_id": 2562,
    "footprint_source": "v16",
    "footprint_area_m2": 5917.0
   },
   "geometry": {
    "type": "Polygon",
    "coordinates": [
     [
      [
       -452.3,
       444.9
      ],
      [
       -446.6,
       436.9
      ],
      [
       -441.1,
       425.6
      ],
      [
       -446.9,
       421.5
      ],
      [
       -446.2,
       420.5
      ],
      [
       -442.2,
       420.9
      ],
      [
       -442.2,
       415.5
      ],
      [
       -440.9,
       413.9
      ],
      [
       -442.1,
       412.4
      ],
      [
       -441.4,
       378.1
      ],
      [
       -490.2,
       377.4
      ],
      [
       -493.4,
       376.2
      ],
      [
       -494.0,
       377.1
      ],
      [
       -499.4,
       376.9
      ],
      [
       -507.8,
       377.1
      ],
      [
       -507.8,
       388.5
      ],
      [
       -528.8,
       388.5
      ],
      [
       -528.8,
       443.6
      ],
      [
       -507.8,
       443.6
      ],
      [
       -507.8,
       452.8
      ],
      [
       -466.7,
       453.3
      ],
      [
       -464.5,
       452.8
      ],
      [
       -458.5,
       450.4
      ],
      [
       -452.3,
       444.9
      ]
     ]
    ]
   }
  },
  {
   "type": "Feature",
   "properties": {
    "name": "Ten Museum Park",
    "height_top_m": 138.6,
    "z_base_m": 3.1,
    "color": "#38bdf8",
    "note": "Empreinte V16 2568 extrudee; toit = coins SW/SE/NE 134-139 (138.6); sol 3.1",
    "kind": "building",
    "v16_polygon_id": 2568,
    "footprint_source": "v16",
    "footprint_area_m2": 1843.0
   },
   "geometry": {
    "type": "Polygon",
    "coordinates": [
     [
      [
       -465.1,
       504.0
      ],
      [
       -465.1,
       473.7
      ],
      [
       -514.5,
       473.8
      ],
      [
       -514.5,
       474.5
      ],
      [
       -527.0,
       474.6
      ],
      [
       -526.8,
       502.9
      ],
      [
       -514.6,
       502.8
      ],
      [
       -514.6,
       503.9
      ],
      [
       -465.1,
       504.0
      ]
     ]
    ]
   }
  },
  {
   "type": "Feature",
   "properties": {
    "name": "100 Biscayne Blvd (NE)",
    "height_top_m": 92.1,
    "z_base_m": 2.5,
    "color": "#a7f3d0",
    "note": "Aile NE du complexe 100 Biscayne: empreinte V16 2297 extrudee; toit = coin (NE) 92.1; sol 2.5",
    "kind": "building",
    "v16_polygon_id": 2297,
    "footprint_source": "v16",
    "footprint_area_m2": 838.0
   },
   "geometry": {
    "type": "Polygon",
    "coordinates": [
     [
      [
       -473.8,
       -91.2
      ],
      [
       -473.8,
       -94.0
      ],
      [
       -453.9,
       -93.9
      ],
      [
       -453.6,
       -112.5
      ],
      [
       -475.4,
       -112.7
      ],
      [
       -477.0,
       -112.7
      ],
      [
       -477.0,
       -109.1
      ],
      [
       -499.0,
       -109.0
      ],
      [
       -498.7,
       -90.9
      ],
      [
       -486.6,
       -90.8
      ],
      [
       -481.2,
       -91.2
      ],
      [
       -475.5,
       -91.2
      ],
      [
       -473.8,
       -91.2
      ]
     ]
    ]
   }
  },
  {
   "type": "Feature",
   "properties": {
    "name": "Bayshore Place Condominium",
    "height_top_m": 64.1,
    "z_base_m": 2.6,
    "color": "#fcd34d",
    "note": "Empreinte V16 1938 extrudee; toit = landmark (TE) 64.1 (a 11 m du bord); sol 2.6",
    "kind": "building",
    "v16_polygon_id": 1938,
    "footprint_source": "v16",
    "footprint_area_m2": 2004.0
   },
   "geometry": {
    "type": "Polygon",
    "coordinates": [
     [
      [
       -598.5,
       -1332.8
      ],
      [
       -599.6,
       -1374.6
      ],
      [
       -619.9,
       -1374.0
      ],
      [
       -619.8,
       -1371.1
      ],
      [
       -628.9,
       -1370.8
      ],
      [
       -629.1,
       -1373.2
      ],
      [
       -648.7,
       -1372.4
      ],
      [
       -647.9,
       -1331.5
      ],
      [
       -629.3,
       -1331.5
      ],
      [
       -629.2,
       -1333.8
      ],
      [
       -618.9,
       -1334.1
      ],
      [
       -618.8,
       -1332.2
      ],
      [
       -598.5,
       -1332.8
      ]
     ]
    ]
   }
  },
  {
   "type": "Feature",
   "properties": {
    "name": "Meditteranea Condo",
    "height_top_m": 61.0,
    "z_base_m": 4.0,
    "color": "#fda4af",
    "note": "Empreinte V16 2166 extrudee; toit = landmark 61.0; sol 4.0",
    "kind": "building",
    "v16_polygon_id": 2166,
    "footprint_source": "v16",
    "footprint_area_m2": 1502.0
   },
   "geometry": {
    "type": "Polygon",
    "coordinates": [
     [
      [
       -1358.9,
       -1123.2
      ],
      [
       -1355.9,
       -1124.0
      ],
      [
       -1356.1,
       -1124.7
      ],
      [
       -1353.5,
       -1125.3
      ],
      [
       -1353.1,
       -1123.7
      ],
      [
       -1346.5,
       -1125.3
      ],
      [
       -1346.8,
       -1126.4
      ],
      [
       -1343.4,
       -1127.2
      ],
      [
       -1343.2,
       -1126.3
      ],
      [
       -1335.4,
       -1128.3
      ],
      [
       -1337.1,
       -1134.8
      ],
      [
       -1338.1,
       -1134.6
      ],
      [
       -1339.6,
       -1141.0
      ],
      [
       -1338.9,
       -1141.1
      ],
      [
       -1342.0,
       -1153.4
      ],
      [
       -1342.8,
       -1153.2
      ],
      [
       -1344.4,
       -1159.7
      ],
      [
       -1343.7,
       -1159.9
      ],
      [
       -1345.2,
       -1166.3
      ],
      [
       -1346.8,
       -1165.9
      ],
      [
       -1348.1,
       -1170.9
      ],
      [
       -1346.5,
       -1171.3
      ],
      [
       -1348.0,
       -1177.8
      ],
      [
       -1349.0,
       -1177.6
      ],
      [
       -1350.4,
       -1184.1
      ],
      [
       -1349.7,
       -1184.3
      ],
      [
       -1351.2,
       -1190.5
      ],
      [
       -1352.0,
       -1190.3
      ],
      [
       -1352.8,
       -1193.5
      ],
      [
       -1352.2,
       -1193.7
      ],
      [
       -1353.8,
       -1200.2
      ],
      [
       -1355.8,
       -1199.7
      ],
      [
       -1356.5,
       -1202.8
      ],
      [
       -1369.5,
       -1199.6
      ],
      [
       -1368.8,
       -1196.4
      ],
      [
       -1370.4,
       -1196.0
      ],
      [
       -1368.7,
       -1189.6
      ],
      [
       -1368.1,
       -1189.7
      ],
      [
       -1367.1,
       -1186.5
      ],
      [
       -1367.3,
       -1186.4
      ],
      [
       -1366.7,
       -1183.8
      ],
      [
       -1367.5,
       -1183.6
      ],
      [
       -1364.2,
       -1170.7
      ],
      [
       -1363.1,
       -1170.9
      ],
      [
       -1362.5,
       -1167.7
      ],
      [
       -1358.1,
       -1168.6
      ],
      [
       -1357.0,
       -1163.4
      ],
      [
       -1361.3,
       -1162.3
      ],
      [
       -1360.5,
       -1158.8
      ],
      [
       -1360.8,
       -1158.8
      ],
      [
       -1359.4,
       -1152.0
      ],
      [
       -1357.4,
       -1152.6
      ],
      [
       -1356.6,
       -1149.4
      ],
      [
       -1354.3,
       -1149.9
      ],
      [
       -1353.6,
       -1147.8
      ],
      [
       -1350.9,
       -1148.4
      ],
      [
       -1349.6,
       -1142.5
      ],
      [
       -1362.3,
       -1139.5
      ],
      [
       -1362.2,
       -1139.3
      ],
      [
       -1366.4,
       -1138.4
      ],
      [
       -1366.6,
       -1139.4
      ],
      [
       -1372.7,
       -1137.9
      ],
      [
       -1372.4,
       -1136.4
      ],
      [
       -1375.6,
       -1135.5
      ],
      [
       -1372.3,
       -1123.0
      ],
      [
       -1369.3,
       -1123.7
      ],
      [
       -1368.8,
       -1121.8
      ],
      [
       -1362.6,
       -1123.1
      ],
      [
       -1362.8,
       -1124.1
      ],
      [
       -1359.3,
       -1125.0
      ],
      [
       -1358.9,
       -1123.2
      ]
     ]
    ]
   }
  },
  {
   "type": "Feature",
   "properties": {
    "name": "Keystone Park Condo",
    "height_top_m": 60.3,
    "z_base_m": 4.5,
    "color": "#fda4af",
    "note": "Empreinte V16 2165 extrudee; toit = landmark 60.3; sol 4.5",
    "kind": "building",
    "v16_polygon_id": 2165,
    "footprint_source": "v16",
    "footprint_area_m2": 1172.0
   },
   "geometry": {
    "type": "Polygon",
    "coordinates": [
     [
      [
       -1412.7,
       -1247.7
      ],
      [
       -1415.5,
       -1246.9
      ],
      [
       -1415.4,
       -1246.8
      ],
      [
       -1421.5,
       -1245.4
      ],
      [
       -1421.3,
       -1244.7
      ],
      [
       -1427.9,
       -1243.0
      ],
      [
       -1428.1,
       -1243.9
      ],
      [
       -1434.4,
       -1242.2
      ],
      [
       -1433.7,
       -1239.7
      ],
      [
       -1439.8,
       -1238.0
      ],
      [
       -1439.0,
       -1235.2
      ],
      [
       -1440.8,
       -1234.8
      ],
      [
       -1439.1,
       -1228.1
      ],
      [
       -1438.3,
       -1228.2
      ],
      [
       -1436.8,
       -1221.7
      ],
      [
       -1437.3,
       -1221.6
      ],
      [
       -1435.9,
       -1215.5
      ],
      [
       -1435.0,
       -1215.7
      ],
      [
       -1434.3,
       -1212.3
      ],
      [
       -1435.1,
       -1212.1
      ],
      [
       -1433.7,
       -1205.8
      ],
      [
       -1432.7,
       -1206.0
      ],
      [
       -1431.0,
       -1199.7
      ],
      [
       -1430.9,
       -1199.3
      ],
      [
       -1431.8,
       -1199.0
      ],
      [
       -1430.2,
       -1192.6
      ],
      [
       -1429.2,
       -1192.8
      ],
      [
       -1428.6,
       -1189.6
      ],
      [
       -1429.1,
       -1189.4
      ],
      [
       -1428.6,
       -1186.8
      ],
      [
       -1421.1,
       -1188.6
      ],
      [
       -1421.2,
       -1189.3
      ],
      [
       -1419.8,
       -1189.5
      ],
      [
       -1419.6,
       -1188.8
      ],
      [
       -1411.9,
       -1190.5
      ],
      [
       -1412.7,
       -1193.9
      ],
      [
       -1412.8,
       -1193.9
      ],
      [
       -1413.5,
       -1196.9
      ],
      [
       -1413.4,
       -1196.9
      ],
      [
       -1415.1,
       -1203.2
      ],
      [
       -1416.1,
       -1203.0
      ],
      [
       -1417.6,
       -1209.6
      ],
      [
       -1417.0,
       -1209.7
      ],
      [
       -1419.8,
       -1222.2
      ],
      [
       -1419.3,
       -1222.4
      ],
      [
       -1420.9,
       -1228.7
      ],
      [
       -1421.5,
       -1228.6
      ],
      [
       -1423.4,
       -1235.3
      ],
      [
       -1417.1,
       -1237.0
      ],
      [
       -1416.4,
       -1233.9
      ],
      [
       -1413.1,
       -1234.7
      ],
      [
       -1411.9,
       -1230.0
      ],
      [
       -1405.0,
       -1231.8
      ],
      [
       -1406.8,
       -1239.7
      ],
      [
       -1407.1,
       -1239.6
      ],
      [
       -1407.5,
       -1241.3
      ],
      [
       -1400.8,
       -1242.8
      ],
      [
       -1402.6,
       -1250.4
      ],
      [
       -1409.2,
       -1248.8
      ],
      [
       -1409.1,
       -1247.9
      ],
      [
       -1412.6,
       -1247.1
      ],
      [
       -1412.7,
       -1247.7
      ]
     ]
    ]
   }
  },
  {
   "type": "Feature",
   "properties": {
    "name": "Seybold Pointe",
    "height_top_m": 52.7,
    "z_base_m": 3.8,
    "color": "#c4b5fd",
    "note": "Empreinte V16 2217 extrudee; toit = coin (SE) 52.7; sol 3.8",
    "kind": "building",
    "v16_polygon_id": 2217,
    "footprint_source": "v16",
    "footprint_area_m2": 628.0
   },
   "geometry": {
    "type": "Polygon",
    "coordinates": [
     [
      [
       -1387.7,
       -527.6
      ],
      [
       -1380.2,
       -541.8
      ],
      [
       -1345.6,
       -523.5
      ],
      [
       -1352.8,
       -509.3
      ],
      [
       -1387.7,
       -527.6
      ]
     ]
    ]
   }
  },
  {
   "type": "Feature",
   "properties": {
    "name": "Met 1 Condominium",
    "height_top_m": 195.3,
    "z_base_m": 3.0,
    "color": "#f9a8d4",
    "note": "Tour = enveloppe convexe des traits V16 (3 bandes, 1448+811+567 m2) dans l ilot 2261 (footprint V16 prime); toit = landmark 195.3; sol 3.0",
    "kind": "building",
    "v16_polygon_id": null,
    "footprint_source": "mesh_base",
    "footprint_area_m2": 2566.0
   },
   "geometry": {
    "type": "Polygon",
    "coordinates": [
     [
      [
       -590.1,
       -540.8
      ],
      [
       -597.6,
       -582.7
      ],
      [
       -588.7,
       -586.1
      ],
      [
       -513.7,
       -546.6
      ],
      [
       -516.0,
       -542.5
      ],
      [
       -533.3,
       -535.7
      ],
      [
       -566.9,
       -529.8
      ],
      [
       -590.1,
       -540.8
      ]
     ]
    ]
   }
  },
  {
   "type": "Feature",
   "properties": {
    "name": "The Palace Condominium",
    "height_top_m": 136.3,
    "z_base_m": 7.6,
    "color": "#fdba74",
    "note": "Tour = enveloppe des traits V16 (647+626 m2) dans l ilot 1923; toit = landmark 136.3; sol 7.6",
    "kind": "building",
    "v16_polygon_id": null,
    "footprint_source": "mesh_base",
    "footprint_area_m2": 1276.0
   },
   "geometry": {
    "type": "Polygon",
    "coordinates": [
     [
      [
       -863.0,
       -1578.3
      ],
      [
       -851.7,
       -1590.6
      ],
      [
       -807.1,
       -1549.7
      ],
      [
       -795.3,
       -1538.8
      ],
      [
       -806.5,
       -1526.6
      ],
      [
       -818.0,
       -1537.1
      ],
      [
       -863.0,
       -1578.3
      ]
     ]
    ]
   }
  },
  {
   "type": "Feature",
   "properties": {
    "name": "Asia Brickell Key",
    "height_top_m": 226.0,
    "z_base_m": 4.4,
    "color": "#67e8f9",
    "note": "EN CONSTRUCTION dans le jeu: fut = enveloppe des polygones V16 3102 + 3103 arrete a 187 m (structure lue a 185-195 dans 5 cams), podium = ilot V16 3100 a 10 m ESTIME; deux grues aux landmarks CC1 (213.5) et CC2B (226) = mat + fleche de 45 m vers le fut; le landmark principal (184.8) = haut de la str",
    "kind": "building",
    "v16_polygon_id": 3100,
    "footprint_source": "v16",
    "footprint_area_m2": 4214.0
   },
   "geometry": {
    "type": "Polygon",
    "coordinates": [
     [
      [
       -159.1,
       -897.1
      ],
      [
       -159.7,
       -896.1
      ],
      [
       -161.6,
       -891.9
      ],
      [
       -161.9,
       -890.5
      ],
      [
       -160.1,
       -874.1
      ],
      [
       -152.2,
       -863.8
      ],
      [
       -150.1,
       -862.1
      ],
      [
       -112.2,
       -847.2
      ],
      [
       -103.8,
       -846.5
      ],
      [
       -91.6,
       -849.9
      ],
      [
       -86.6,
       -856.1
      ],
      [
       -85.4,
       -858.6
      ],
      [
       -75.2,
       -865.8
      ],
      [
       -69.5,
       -875.6
      ],
      [
       -83.6,
       -894.8
      ],
      [
       -91.9,
       -896.4
      ],
      [
       -117.9,
       -913.5
      ],
      [
       -135.7,
       -914.8
      ],
      [
       -145.9,
       -904.1
      ],
      [
       -159.1,
       -897.1
      ]
     ]
    ]
   }
  },
  {
   "type": "Feature",
   "properties": {
    "name": "Opera Tower",
    "height_top_m": 199.3,
    "z_base_m": 2.9,
    "color": "#7dd3fc",
    "note": "OPERA TOWER 2026-09-26: fut = ellipse V16 (trait s221, 54.7 x 35.1 m, centre (-434.9,862.8)) extrude sol 2.9 -> toit 196.0 (= landmark Opera Tower 199.3 - 3.3 m: parapet lu dans Vice City Postcard); couronne = paroi courbe sur la moitie nord jusqu au landmark (forme IRL: ecran incurve cote baie; ete",
    "kind": "building",
    "v16_polygon_id": null,
    "footprint_source": "mesh_base",
    "footprint_area_m2": 1494.0
   },
   "geometry": {
    "type": "Polygon",
    "coordinates": [
     [
      [
       -450.9,
       881.26
      ],
      [
       -456.35,
       876.69
      ],
      [
       -458.9,
       871.1
      ],
      [
       -459.02,
       870.48
      ],
      [
       -459.07,
       869.85
      ],
      [
       -459.1,
       869.22
      ],
      [
       -459.1,
       868.6
      ],
      [
       -458.9,
       866.65
      ],
      [
       -458.44,
       864.84
      ],
      [
       -457.74,
       863.16
      ],
      [
       -456.8,
       861.6
      ],
      [
       -455.2,
       859.61
      ],
      [
       -453.29,
       857.84
      ],
      [
       -451.13,
       856.27
      ],
      [
       -448.8,
       854.9
      ],
      [
       -447.75,
       854.39
      ],
      [
       -446.69,
       853.92
      ],
      [
       -445.61,
       853.49
      ],
      [
       -444.5,
       853.1
      ],
      [
       -440.74,
       851.86
      ],
      [
       -437.06,
       850.96
      ],
      [
       -433.63,
       850.39
      ],
      [
       -430.6,
       850.1
      ],
      [
       -426.4,
       850.13
      ],
      [
       -422.62,
       850.51
      ],
      [
       -419.27,
       851.21
      ],
      [
       -416.3,
       852.2
      ],
      [
       -411.43,
       854.89
      ],
      [
       -407.97,
       858.2
      ],
      [
       -405.75,
       861.73
      ],
      [
       -404.6,
       865.1
      ],
      [
       -404.46,
       866.0
      ],
      [
       -404.42,
       866.45
      ],
      [
       -404.4,
       866.9
      ],
      [
       -405.83,
       872.74
      ],
      [
       -411.09,
       878.6
      ],
      [
       -419.85,
       883.18
      ],
      [
       -431.8,
       885.2
      ],
      [
       -442.67,
       884.28
      ],
      [
       -450.9,
       881.26
      ]
     ]
    ]
   }
  },
  {
   "type": "Feature",
   "properties": {
    "name": "Opera Tower (Podium)",
    "height_top_m": 15.0,
    "z_base_m": 3.0,
    "color": "#7dd3fc",
    "note": "OPERA TOWER PODIUM 2026-09-26: ilot V16 2712 (4112 m2) extrude a 12 m ESTIME (aucune cam nette sur la base)",
    "kind": "building",
    "v16_polygon_id": 2712,
    "footprint_source": "v16",
    "footprint_area_m2": 4113.0
   },
   "geometry": {
    "type": "Polygon",
    "coordinates": [
     [
      [
       -404.6,
       865.1
      ],
      [
       -416.3,
       852.2
      ],
      [
       -430.6,
       850.1
      ],
      [
       -444.5,
       853.1
      ],
      [
       -448.8,
       854.9
      ],
      [
       -456.8,
       861.6
      ],
      [
       -487.0,
       891.6
      ],
      [
       -476.0,
       908.3
      ],
      [
       -380.7,
       904.9
      ],
      [
       -384.0,
       896.7
      ],
      [
       -404.6,
       865.1
      ]
     ]
    ]
   }
  },
  {
   "type": "Feature",
   "properties": {
    "name": "Quantum on the Bay (South)",
    "height_top_m": 204.9,
    "z_base_m": 2.6,
    "color": "#a5b4fc",
    "note": "QUANTUM ON THE BAY SUD 2026-09-26: plan = trait V16 s274 (eventail a face sud en dents de scie, 1296 m2, centre (-417.2,1126.2)) extrude sol 2.6 -> toit 204.9 (landmarks (S) NE/SE); silhouette verifiee dans Vice City Postcard (1.05 km, bords L/R et toit a +-8 px) et Biplane v3000 (0.45 km); tour NOR",
    "kind": "building",
    "v16_polygon_id": null,
    "footprint_source": "mesh_base",
    "footprint_area_m2": 1382.0
   },
   "geometry": {
    "type": "Polygon",
    "coordinates": [
     [
      [
       -393.7,
       1115.58
      ],
      [
       -389.8,
       1129.58
      ],
      [
       -390.2,
       1138.9
      ],
      [
       -390.6,
       1139.02
      ],
      [
       -399.3,
       1140.19
      ],
      [
       -407.8,
       1140.54
      ],
      [
       -418.5,
       1140.88
      ],
      [
       -424.6,
       1139.89
      ],
      [
       -433.0,
       1137.45
      ],
      [
       -442.0,
       1132.64
      ],
      [
       -449.9,
       1125.68
      ],
      [
       -453.6,
       1115.66
      ],
      [
       -445.7,
       1114.42
      ],
      [
       -416.3,
       1114.29
      ],
      [
       -405.4,
       1114.67
      ],
      [
       -393.7,
       1115.58
      ]
     ]
    ]
   }
  },
  {
   "type": "Feature",
   "properties": {
    "name": "Quantum on the Bay (Podium)",
    "height_top_m": 30.5,
    "z_base_m": 2.5,
    "color": "#a5b4fc",
    "note": "QUANTUM PODIUM 2026-09-26: ilot V16 2720 (4550 m2) extrude a 28 m ESTIME (base de ~9 niveaux lue dans Vice City Postcard entre les deux tours)",
    "kind": "building",
    "v16_polygon_id": 2720,
    "footprint_source": "v16",
    "footprint_area_m2": 4551.0
   },
   "geometry": {
    "type": "Polygon",
    "coordinates": [
     [
      [
       -390.2,
       1138.9
      ],
      [
       -391.7,
       1134.56
      ],
      [
       -390.1,
       1134.03
      ],
      [
       -391.7,
       1130.14
      ],
      [
       -389.8,
       1129.58
      ],
      [
       -393.7,
       1115.58
      ],
      [
       -405.2,
       1117.55
      ],
      [
       -405.4,
       1114.67
      ],
      [
       -415.8,
       1117.54
      ],
      [
       -416.3,
       1114.29
      ],
      [
       -425.5,
       1117.29
      ],
      [
       -426.5,
       1114.35
      ],
      [
       -435.7,
       1117.32
      ],
      [
       -436.0,
       1114.47
      ],
      [
       -445.3,
       1116.6
      ],
      [
       -445.7,
       1114.42
      ],
      [
       -449.5,
       1115.8
      ],
      [
       -454.3,
       1113.43
      ],
      [
       -465.6,
       1127.21
      ],
      [
       -476.5,
       1138.55
      ],
      [
       -477.5,
       1138.9
      ],
      [
       -483.1,
       1144.85
      ],
      [
       -448.5,
       1179.72
      ],
      [
       -446.4,
       1178.87
      ],
      [
       -442.0,
       1184.26
      ],
      [
       -430.2,
       1185.92
      ],
      [
       -422.4,
       1185.38
      ],
      [
       -400.7,
       1160.52
      ],
      [
       -390.6,
       1139.02
      ],
      [
       -390.2,
       1138.9
      ]
     ]
    ]
   }
  },
  {
   "type": "Feature",
   "properties": {
    "name": "New Wave Condominiums",
    "height_top_m": 110.0,
    "z_base_m": 3.1,
    "color": "#93c5fd",
    "note": "NEW WAVE 2026-09-26: polygone V16 2733 (1465 m2) extrude sol 3.1 -> toit 92.1; le landmark (110.1) est le sommet du MAT central lu dans Vice City Postcard (toit ~18 m sous le mat, 44 px a 819 m); mat modelise; silhouette Postcard: largeur V16 ~8 % plus large que la tour visible",
    "kind": "building",
    "v16_polygon_id": 2733,
    "footprint_source": "v16",
    "footprint_area_m2": 1465.0
   },
   "geometry": {
    "type": "Polygon",
    "coordinates": [
     [
      [
       -329.7,
       1468.15
      ],
      [
       -313.0,
       1463.96
      ],
      [
       -310.2,
       1463.34
      ],
      [
       -313.5,
       1445.45
      ],
      [
       -314.0,
       1441.01
      ],
      [
       -315.1,
       1437.36
      ],
      [
       -316.8,
       1433.88
      ],
      [
       -322.0,
       1419.25
      ],
      [
       -353.0,
       1429.4
      ],
      [
       -340.6,
       1471.0
      ],
      [
       -329.7,
       1468.15
      ]
     ]
    ]
   }
  },
  {
   "type": "Feature",
   "properties": {
    "name": "Uptown Lofts",
    "height_top_m": 44.9,
    "z_base_m": 2.8,
    "color": "#fca5a5",
    "note": "UPTOWN LOFTS 2026-09-26: polygone V16 2731 (1238 m2) extrude sol 2.8 -> toit 44.8 (landmarks NE/SE/centre); verifie dans Vice City Postcard (batiment sombre, toit et bords a +-12 px)",
    "kind": "building",
    "v16_polygon_id": 2731,
    "footprint_source": "v16",
    "footprint_area_m2": 1238.0
   },
   "geometry": {
    "type": "Polygon",
    "coordinates": [
     [
      [
       -398.1,
       1333.86
      ],
      [
       -397.2,
       1352.78
      ],
      [
       -346.6,
       1350.43
      ],
      [
       -347.3,
       1331.55
      ],
      [
       -348.9,
       1331.62
      ],
      [
       -348.9,
       1325.81
      ],
      [
       -397.3,
       1328.13
      ],
      [
       -397.1,
       1333.82
      ],
      [
       -398.1,
       1333.86
      ]
     ]
    ]
   }
  },
  {
   "type": "Feature",
   "properties": {
    "name": "22 Biscayne Bay",
    "height_top_m": 69.2,
    "z_base_m": 3.0,
    "color": "#fcd34d",
    "note": "22 BISCAYNE BAY 2026-09-26: polygone V16 2732 (779 m2) extrude sol 3.0 -> toit 69.2 (landmark SE); Vice City Postcard: toit juste, bord droit (nord) ~15 m plus large que la partie visible (autre corps ?)",
    "kind": "building",
    "v16_polygon_id": 2732,
    "footprint_source": "v16",
    "footprint_area_m2": 779.0
   },
   "geometry": {
    "type": "Polygon",
    "coordinates": [
     [
      [
       -387.6,
       1402.0
      ],
      [
       -347.71,
       1392.55
      ],
      [
       -352.09,
       1374.06
      ],
      [
       -391.98,
       1383.51
      ],
      [
       -387.6,
       1402.0
      ]
     ]
    ]
   }
  },
  {
   "type": "Feature",
   "properties": {
    "name": "Kaseya Center",
    "height_top_m": 48.2,
    "z_base_m": 8.1,
    "color": "#e5e7eb",
    "note": "KASEYA CENTER (in-game \u00ab sahara arena \u00bb) V2 2026-09-26, d apres les frames et l IRL: tambour OVALE = trait V16 interieur (s110/111/116-119, 113 x 154 m) a murs EVASES vers le haut (x0.93 au sol -> x1.03 au rebord) et panneaux triangulaires (antiprisme 18 cotes, comme les facettes a neons des frames)",
    "kind": "building",
    "v16_polygon_id": 2561,
    "footprint_source": "v16",
    "footprint_area_m2": 21422.0
   },
   "geometry": {
    "type": "Polygon",
    "coordinates": [
     [
      [
       -243.7,
       493.8
      ],
      [
       -232.0,
       483.8
      ],
      [
       -206.1,
       481.4
      ],
      [
       -152.2,
       493.9
      ],
      [
       -145.9,
       466.2
      ],
      [
       -183.0,
       460.0
      ],
      [
       -179.3,
       460.3
      ],
      [
       -177.9,
       459.9
      ],
      [
       -169.0,
       450.7
      ],
      [
       -168.5,
       448.8
      ],
      [
       -176.4,
       435.0
      ],
      [
       -178.7,
       430.2
      ],
      [
       -175.5,
       421.7
      ],
      [
       -172.7,
       412.9
      ],
      [
       -172.7,
       411.0
      ],
      [
       -174.9,
       409.1
      ],
      [
       -178.1,
       407.2
      ],
      [
       -169.5,
       403.8
      ],
      [
       -160.9,
       406.5
      ],
      [
       -153.3,
       395.5
      ],
      [
       -153.8,
       394.0
      ],
      [
       -149.7,
       380.4
      ],
      [
       -174.4,
       370.3
      ],
      [
       -188.3,
       374.4
      ],
      [
       -190.1,
       382.2
      ],
      [
       -226.4,
       405.7
      ],
      [
       -230.4,
       400.8
      ],
      [
       -242.0,
       391.5
      ],
      [
       -252.0,
       385.1
      ],
      [
       -250.5,
       383.7
      ],
      [
       -261.1,
       379.7
      ],
      [
       -277.0,
       376.3
      ],
      [
       -297.4,
       376.6
      ],
      [
       -311.5,
       379.3
      ],
      [
       -324.0,
       383.1
      ],
      [
       -336.4,
       390.5
      ],
      [
       -346.1,
       399.4
      ],
      [
       -354.2,
       408.2
      ],
      [
       -360.1,
       419.8
      ],
      [
       -357.8,
       421.5
      ],
      [
       -366.0,
       435.3
      ],
      [
       -370.2,
       449.1
      ],
      [
       -365.2,
       457.4
      ],
      [
       -359.2,
       466.8
      ],
      [
       -357.6,
       469.4
      ],
      [
       -359.1,
       469.4
      ],
      [
       -352.2,
       480.2
      ],
      [
       -345.8,
       487.3
      ],
      [
       -337.3,
       493.9
      ],
      [
       -327.6,
       500.0
      ],
      [
       -314.2,
       504.2
      ],
      [
       -296.0,
       507.8
      ],
      [
       -282.6,
       507.6
      ],
      [
       -269.2,
       505.0
      ],
      [
       -255.0,
       500.0
      ],
      [
       -243.7,
       493.8
      ]
     ]
    ]
   }
  },
  {
   "type": "Feature",
   "properties": {
    "name": "Kaseya Center (Annex)",
    "height_top_m": 25.2,
    "z_base_m": -0.7,
    "color": "#9ca3af",
    "note": "KASEYA CENTER ANNEXES 2026-09-26: bras NE du polygone V16 2561 (batiment bas noir \u00ab sahara arena \u00bb des frames) 16 m ESTIME ; lobe SE (bloc eclaire a 6-7 niveaux + ecran geant) 20 m ESTIME ; pavillon rond V16 s121 12 m ESTIME",
    "kind": "building",
    "v16_polygon_id": null,
    "footprint_source": "mesh_base",
    "footprint_area_m2": 1748.0
   },
   "geometry": {
    "type": "Polygon",
    "coordinates": [
     [
      [
       -152.2,
       493.9
      ],
      [
       -232.0,
       483.8
      ],
      [
       -183.0,
       460.0
      ],
      [
       -177.9,
       459.9
      ],
      [
       -145.9,
       466.2
      ],
      [
       -152.2,
       493.9
      ]
     ]
    ]
   }
  },
  {
   "type": "Feature",
   "properties": {
    "name": "Marquis Miami",
    "height_top_m": 179.1,
    "z_base_m": 3.7,
    "color": "#60a5fa",
    "note": "MARQUIS-V2b 2026-09-29: + le TROU traversant (ouverture est-ouest) mesure dans Convertible (vue est, 407 m, en proportion de la facade): de 12.9 a 23.9 m du coin SE, z 40.5 -> 79.8 | MARQUIS-V2 2026-09-29 (Alexandre: mesh faux): tour orientee NORD-SUD (grande facade sur la baie comme IRL): facade es",
    "kind": "building",
    "v16_polygon_id": 2573,
    "footprint_source": "v16",
    "footprint_area_m2": 3139.0
   },
   "geometry": {
    "type": "Polygon",
    "coordinates": [
     [
      [
       -491.0,
       574.1
      ],
      [
       -444.3,
       572.8
      ],
      [
       -448.7,
       556.5
      ],
      [
       -450.3,
       556.5
      ],
      [
       -459.8,
       528.9
      ],
      [
       -487.1,
       529.7
      ],
      [
       -487.1,
       531.0
      ],
      [
       -525.8,
       532.0
      ],
      [
       -524.8,
       573.1
      ],
      [
       -491.7,
       572.2
      ],
      [
       -491.0,
       574.1
      ]
     ]
    ]
   }
  },
  {
   "type": "Feature",
   "properties": {
    "name": "Marriott Miami Biscayne Bay",
    "height_top_m": 144.9,
    "z_base_m": 4.5,
    "color": "#f5f5f4",
    "note": "MARRIOTT MIAMI BISCAYNE BAY 2026-09-26: plan = moitie SE du bloc V16 2715 (traits s234+s235, L le long des faces est et sud) extrude sol 4.5 -> toit 144.9 (landmarks E/NE); ATTENTION: dans Vice City Postcard la tour blanche a bandes qui porte les coins E/NE est 12-15 m a l EST de ce plan V16 (aucun ",
    "kind": "building",
    "v16_polygon_id": null,
    "footprint_source": "mesh_base",
    "footprint_area_m2": 4018.0
   },
   "geometry": {
    "type": "Polygon",
    "coordinates": [
     [
      [
       -246.9,
       862.3
      ],
      [
       -251.3,
       888.6
      ],
      [
       -255.6,
       888.0
      ],
      [
       -281.8,
       884.1
      ],
      [
       -341.8,
       852.3
      ],
      [
       -352.1,
       839.2
      ],
      [
       -338.1,
       828.9
      ],
      [
       -333.5,
       825.9
      ],
      [
       -267.8,
       832.5
      ],
      [
       -246.9,
       862.3
      ]
     ]
    ]
   }
  },
  {
   "type": "Feature",
   "properties": {
    "name": "Marriott Miami Biscayne Bay (Podium)",
    "height_top_m": 23.8,
    "z_base_m": 3.8,
    "color": "#f5f5f4",
    "note": "MARRIOTT PODIUM 2026-09-26: moitie NO du bloc V16 2715 a 20 m ESTIME",
    "kind": "building",
    "v16_polygon_id": 2715,
    "footprint_source": "v16",
    "footprint_area_m2": 10276.0
   },
   "geometry": {
    "type": "Polygon",
    "coordinates": [
     [
      [
       -251.3,
       888.6
      ],
      [
       -246.9,
       862.3
      ],
      [
       -267.8,
       832.5
      ],
      [
       -333.5,
       825.9
      ],
      [
       -338.1,
       828.9
      ],
      [
       -394.7,
       826.7
      ],
      [
       -394.4,
       838.0
      ],
      [
       -349.0,
       908.6
      ],
      [
       -261.4,
       924.7
      ],
      [
       -255.6,
       888.0
      ],
      [
       -251.3,
       888.6
      ]
     ]
    ]
   }
  },
  {
   "type": "Feature",
   "properties": {
    "name": "The Grand",
    "height_top_m": 175.0,
    "z_base_m": 3.7,
    "color": "#c4b5fd",
    "note": "THE GRAND V2 2026-09-26: tour = partie nord du polygone V16 2716, bord sud = trait V16 s4 (angle arrondi), bande est s24; toit principal 164.0 (Postcard: 163-165, et v3000: 11 m sous la voute); couronne = voute en berceau a bouts arrondis (comme IRL et comme dans Postcard/v3000), axe = droite landma",
    "kind": "building",
    "v16_polygon_id": 2717,
    "footprint_source": "v16",
    "footprint_area_m2": 3186.0
   },
   "geometry": {
    "type": "Polygon",
    "coordinates": [
     [
      [
       -243.5,
       956.6
      ],
      [
       -257.3,
       954.4
      ],
      [
       -270.9,
       952.3
      ],
      [
       -283.9,
       950.6
      ],
      [
       -283.6,
       948.5
      ],
      [
       -285.2,
       946.2
      ],
      [
       -294.8,
       944.3
      ],
      [
       -310.5,
       941.4
      ],
      [
       -322.5,
       939.3
      ],
      [
       -324.6,
       953.1
      ],
      [
       -324.1,
       953.2
      ],
      [
       -318.0,
       954.5
      ],
      [
       -319.7,
       963.3
      ],
      [
       -325.7,
       962.0
      ],
      [
       -326.2,
       961.9
      ],
      [
       -327.5,
       970.1
      ],
      [
       -328.5,
       977.0
      ],
      [
       -316.7,
       979.1
      ],
      [
       -301.3,
       982.0
      ],
      [
       -288.8,
       983.9
      ],
      [
       -289.1,
       985.8
      ],
      [
       -287.4,
       988.1
      ],
      [
       -277.3,
       990.0
      ],
      [
       -263.4,
       992.2
      ],
      [
       -249.5,
       994.4
      ],
      [
       -249.3,
       993.5
      ],
      [
       -243.9,
       994.4
      ],
      [
       -239.3,
       962.6
      ],
      [
       -244.3,
       961.7
      ],
      [
       -243.5,
       956.6
      ]
     ]
    ]
   }
  },
  {
   "type": "Feature",
   "properties": {
    "name": "1800 Club",
    "height_top_m": 159.5,
    "z_base_m": 2.9,
    "color": "#fda4af",
    "note": "1800 CLUB 2026-09-26: polygone V16 2718 (4018 m2) extrude sol 2.9 -> toit 159.5 (landmark 1800 Club); silhouette Vice City Postcard: toit juste, bord droit ~10 % large",
    "kind": "building",
    "v16_polygon_id": 2718,
    "footprint_source": "v16",
    "footprint_area_m2": 4018.0
   },
   "geometry": {
    "type": "Polygon",
    "coordinates": [
     [
      [
       -364.8,
       1049.65
      ],
      [
       -358.3,
       1041.57
      ],
      [
       -366.4,
       1034.92
      ],
      [
       -371.7,
       1038.1
      ],
      [
       -422.0,
       1035.36
      ],
      [
       -424.8,
       1047.67
      ],
      [
       -423.8,
       1047.82
      ],
      [
       -434.5,
       1095.41
      ],
      [
       -389.1,
       1101.12
      ],
      [
       -389.3,
       1104.01
      ],
      [
       -382.1,
       1107.44
      ],
      [
       -381.7,
       1099.63
      ],
      [
       -369.6,
       1100.2
      ],
      [
       -361.2,
       1053.05
      ],
      [
       -364.1,
       1052.9
      ],
      [
       -364.0,
       1050.21
      ],
      [
       -366.3,
       1050.12
      ],
      [
       -366.2,
       1049.68
      ],
      [
       -364.8,
       1049.65
      ]
     ]
    ]
   }
  },
  {
   "type": "Feature",
   "properties": {
    "name": "Quantum on the Bay (North)",
    "height_top_m": 178.2,
    "z_base_m": 0.1,
    "color": "#a5b4fc",
    "note": "QUANTUM ON THE BAY NORD 2026-09-26: plan = lentille V16 entre les traits s276 et s277 (1072 m2, 51 x 42 m) extrude sol 0.1 -> toit 178.2 (landmark (N) (NE)); silhouette Vice City Postcard exacte (tour ronde elancee)",
    "kind": "building",
    "v16_polygon_id": null,
    "footprint_source": "mesh_base",
    "footprint_area_m2": 1072.0
   },
   "geometry": {
    "type": "Polygon",
    "coordinates": [
     [
      [
       -448.5,
       1179.72
      ],
      [
       -483.1,
       1144.85
      ],
      [
       -477.5,
       1138.9
      ],
      [
       -476.5,
       1138.55
      ],
      [
       -470.3,
       1137.64
      ],
      [
       -457.9,
       1140.87
      ],
      [
       -446.4,
       1146.67
      ],
      [
       -435.8,
       1161.27
      ],
      [
       -432.4,
       1170.51
      ],
      [
       -446.4,
       1178.87
      ],
      [
       -448.5,
       1179.72
      ]
     ]
    ]
   }
  },
  {
   "type": "Feature",
   "properties": {
    "name": "1000 Venetian Way (Podium)",
    "height_top_m": 13.8,
    "z_base_m": 3.8,
    "color": "#f472b6",
    "note": "1000 VENETIAN WAY PODIUM 2026-09-26: lobe nord du polygone V16 3203 (trait s26) a 13.8 m ESTIME (~4 niveaux dans Venetian Islands)",
    "kind": "building",
    "v16_polygon_id": 3203,
    "footprint_source": "v16",
    "footprint_area_m2": 4156.0
   },
   "geometry": {
    "type": "Polygon",
    "coordinates": [
     [
      [
       364.4,
       1147.15
      ],
      [
       369.6,
       1129.54
      ],
      [
       333.1,
       1119.21
      ],
      [
       330.7,
       1128.47
      ],
      [
       327.2,
       1127.1
      ],
      [
       326.8,
       1128.01
      ],
      [
       323.3,
       1126.82
      ],
      [
       323.5,
       1125.96
      ],
      [
       319.1,
       1124.88
      ],
      [
       322.3,
       1115.95
      ],
      [
       286.3,
       1105.45
      ],
      [
       280.7,
       1122.84
      ],
      [
       281.7,
       1123.13
      ],
      [
       278.6,
       1132.17
      ],
      [
       279.3,
       1132.39
      ],
      [
       276.2,
       1141.28
      ],
      [
       277.8,
       1141.77
      ],
      [
       274.3,
       1150.76
      ],
      [
       274.9,
       1150.94
      ],
      [
       271.8,
       1160.14
      ],
      [
       273.0,
       1160.46
      ],
      [
       270.1,
       1169.43
      ],
      [
       283.1,
       1173.12
      ],
      [
       285.7,
       1163.96
      ],
      [
       286.4,
       1164.15
      ],
      [
       289.2,
       1155.23
      ],
      [
       289.7,
       1155.38
      ],
      [
       292.5,
       1146.44
      ],
      [
       293.1,
       1146.6
      ],
      [
       295.6,
       1137.4
      ],
      [
       296.2,
       1137.6
      ],
      [
       299.1,
       1128.33
      ],
      [
       312.3,
       1132.29
      ],
      [
       309.1,
       1143.2
      ],
      [
       322.6,
       1147.27
      ],
      [
       312.5,
       1181.34
      ],
      [
       355.3,
       1193.8
      ],
      [
       366.3,
       1157.68
      ],
      [
       329.3,
       1146.83
      ],
      [
       332.4,
       1138.06
      ],
      [
       364.4,
       1147.15
      ]
     ]
    ]
   }
  },
  {
   "type": "Feature",
   "properties": {
    "name": "The Grand (Podium)",
    "height_top_m": 20.0,
    "z_base_m": 3.7,
    "color": "#c4b5fd",
    "note": "THE GRAND PODIUM 2026-09-26: partie sud du polygone V16 2716 (sous le trait s4) a 20 m ESTIME (aucune vue degagee du cote sud: Raul Bautista/Kayaking masques); a remplacer par un landmark",
    "kind": "building",
    "v16_polygon_id": 2717,
    "footprint_source": "v16",
    "footprint_area_m2": 3186.0
   },
   "geometry": {
    "type": "Polygon",
    "coordinates": [
     [
      [
       -243.5,
       956.6
      ],
      [
       -257.3,
       954.4
      ],
      [
       -270.9,
       952.3
      ],
      [
       -283.9,
       950.6
      ],
      [
       -283.6,
       948.5
      ],
      [
       -285.2,
       946.2
      ],
      [
       -294.8,
       944.3
      ],
      [
       -310.5,
       941.4
      ],
      [
       -322.5,
       939.3
      ],
      [
       -324.6,
       953.1
      ],
      [
       -324.1,
       953.2
      ],
      [
       -318.0,
       954.5
      ],
      [
       -319.7,
       963.3
      ],
      [
       -325.7,
       962.0
      ],
      [
       -326.2,
       961.9
      ],
      [
       -327.5,
       970.1
      ],
      [
       -328.5,
       977.0
      ],
      [
       -316.7,
       979.1
      ],
      [
       -301.3,
       982.0
      ],
      [
       -288.8,
       983.9
      ],
      [
       -289.1,
       985.8
      ],
      [
       -287.4,
       988.1
      ],
      [
       -277.3,
       990.0
      ],
      [
       -263.4,
       992.2
      ],
      [
       -249.5,
       994.4
      ],
      [
       -249.3,
       993.5
      ],
      [
       -243.9,
       994.4
      ],
      [
       -239.3,
       962.6
      ],
      [
       -244.3,
       961.7
      ],
      [
       -243.5,
       956.6
      ]
     ]
    ]
   }
  },
  {
   "type": "Feature",
   "properties": {
    "name": "Water Tower (North Port Gellhorn)",
    "height_top_m": 45.2,
    "z_base_m": 8.7,
    "color": "#4373a2",
    "note": "WATER TOWERS 2026-09-26: 4 pieds en treillis evases (croix de St-Andre, lisses 14.5/25.1/35.4) + colonne montante, cuve cylindrique r 6.1 a fond bombe (35.7-38.9-42.2), toit conique + mat 45.2 (landmark), balcon r 6.9; cotes lues dans Diner (W) (B) (166 m). xy = cercle V16 1219 (d 12.5 m = diametre ",
    "kind": "building",
    "v16_polygon_id": 1219,
    "footprint_source": "v16",
    "footprint_area_m2": 123.0
   },
   "geometry": {
    "type": "Polygon",
    "coordinates": [
     [
      [
       -6360.0,
       4559.38
      ],
      [
       -6368.0,
       4551.72
      ],
      [
       -6375.5,
       4559.91
      ],
      [
       -6367.5,
       4567.57
      ],
      [
       -6360.0,
       4559.38
      ]
     ]
    ]
   }
  },
  {
   "type": "Feature",
   "properties": {
    "name": "Water Tower (West Port Gellhorn)",
    "height_top_m": 38.4,
    "z_base_m": 5.2,
    "color": "#4373a2",
    "note": "WATER TOWERS 2026-09-26: xy = cercle V16 1194 (colle aux clics des 2 cams a 0 m). Tour carree 4 pieds en treillis (cote 10.8 m au sol -> 8.8 m en haut, 5 panneaux en X, lisses 11.4/15.8/20.2/24.8/28.7 = landmark (C) 24.8), cuve tonneau r 4.4 de 28.7 a 36.0, toit conique a 37.9 (landmark 37.5), fond ",
    "kind": "building",
    "v16_polygon_id": 1194,
    "footprint_source": "v16",
    "footprint_area_m2": 70.0
   },
   "geometry": {
    "type": "Polygon",
    "coordinates": [
     [
      [
       -6641.3,
       3662.11
      ],
      [
       -6647.2,
       3656.2
      ],
      [
       -6653.1,
       3662.11
      ],
      [
       -6647.2,
       3668.01
      ],
      [
       -6641.3,
       3662.11
      ]
     ]
    ]
   }
  },
  {
   "type": "Feature",
   "properties": {
    "name": "Watson Bay Water Tower",
    "height_top_m": 51.0,
    "z_base_m": 2.8,
    "color": "#4373a2",
    "note": "WATER TOWERS 2026-09-26: xy = cercle V16 1047 (d 10.9 m; le landmark est a 6 m: rate de 6.7 m dans Grassrivers 02, a surveiller). 4 pieds droits r 5.4 + colonne montante r 0.65, entretoises 16.0/27.3, cuve ellipsoidale r 5.25 (36.2 -> 43.8 landmark), balcon 39.6, 2 mats d antenne jusqu a 51 m; cotes",
    "kind": "building",
    "v16_polygon_id": 1047,
    "footprint_source": "v16",
    "footprint_area_m2": 94.0
   },
   "geometry": {
    "type": "Polygon",
    "coordinates": [
     [
      [
       -4954.7,
       -3263.3
      ],
      [
       -4947.6,
       -3270.2
      ],
      [
       -4940.9,
       -3263.5
      ],
      [
       -4948.1,
       -3256.6
      ],
      [
       -4954.7,
       -3263.3
      ]
     ]
    ]
   }
  },
  {
   "type": "Feature",
   "properties": {
    "name": "Daytona Beach Water Tower",
    "height_top_m": 72.4,
    "z_base_m": 29.1,
    "color": "#4373a2",
    "note": "DEPS-RETRI 2026-09-28: deplace de (19.5, 35.6) m sur les LMs re-triangules (Panorama + Fires V3 + Postcard V4, Kalaga Helicopter incoherente retiree): sphere 54.2 -> 72.4, sol heightmap 29.1 | WATER TOWERS 2026-09-26: boule sur piedestal evase: sphere r 8.8 entre 54.2 (landmark (B)) et 71.3 (landmar",
    "kind": "building",
    "v16_polygon_id": null,
    "footprint_source": "mesh_base",
    "footprint_area_m2": 62.0
   },
   "geometry": {
    "type": "Polygon",
    "coordinates": [
     [
      [
       -3980.75,
       2960.2
      ],
      [
       -3980.41,
       2958.48
      ],
      [
       -3979.43,
       2957.02
      ],
      [
       -3977.97,
       2956.04
      ],
      [
       -3976.25,
       2955.7
      ],
      [
       -3974.53,
       2956.04
      ],
      [
       -3973.07,
       2957.02
      ],
      [
       -3972.09,
       2958.48
      ],
      [
       -3971.75,
       2960.2
      ],
      [
       -3972.09,
       2961.92
      ],
      [
       -3973.07,
       2963.38
      ],
      [
       -3974.53,
       2964.36
      ],
      [
       -3976.25,
       2964.7
      ],
      [
       -3977.97,
       2964.36
      ],
      [
       -3979.43,
       2963.38
      ],
      [
       -3980.41,
       2961.92
      ],
      [
       -3980.75,
       2960.2
      ]
     ]
    ]
   }
  },
  {
   "type": "Feature",
   "properties": {
    "name": "Flat Water Tower",
    "height_top_m": 67.1,
    "z_base_m": 19.7,
    "color": "#4373a2",
    "note": "WATER TOWERS 2026-09-26: cuve large et plate sur colonne (type hydropillar): cuve r 11 ESTIME (floue a 5 km), dome 64.3-67.1 (landmark), cone de 60.3 a 53.3, colonne r 2.5; xy et z du landmark PEU FIABLES: Ambrosia 02 donne 56.6 et Vice City Postcard 77.0 au meme point -> il faut une 3e vue ou un to",
    "kind": "building",
    "v16_polygon_id": null,
    "footprint_source": "mesh_base",
    "footprint_area_m2": 32.0
   },
   "geometry": {
    "type": "Polygon",
    "coordinates": [
     [
      [
       -2769.86,
       199.46
      ],
      [
       -2770.37,
       198.8
      ],
      [
       -2770.69,
       198.03
      ],
      [
       -2770.8,
       197.2
      ],
      [
       -2770.69,
       196.37
      ],
      [
       -2770.37,
       195.6
      ],
      [
       -2769.86,
       194.94
      ],
      [
       -2769.2,
       194.43
      ],
      [
       -2768.43,
       194.11
      ],
      [
       -2767.6,
       194.0
      ],
      [
       -2766.77,
       194.11
      ],
      [
       -2766.0,
       194.43
      ],
      [
       -2765.34,
       194.94
      ],
      [
       -2764.83,
       195.6
      ],
      [
       -2764.51,
       196.37
      ],
      [
       -2764.4,
       197.2
      ],
      [
       -2764.51,
       198.03
      ],
      [
       -2764.83,
       198.8
      ],
      [
       -2765.34,
       199.46
      ],
      [
       -2766.0,
       199.97
      ],
      [
       -2766.77,
       200.29
      ],
      [
       -2767.6,
       200.4
      ],
      [
       -2768.43,
       200.29
      ],
      [
       -2769.2,
       199.97
      ],
      [
       -2769.86,
       199.46
      ]
     ]
    ]
   }
  },
  {
   "type": "Feature",
   "properties": {
    "name": "Round Water Tower",
    "height_top_m": 75.7,
    "z_base_m": 3.4,
    "color": "#4373a2",
    "note": "WATER TOWERS 2026-09-26: cuve ronde r 5.0 (66.7 -> 75.7 landmark) sur colonne mince r 1.1 evasee au pied; dimensions lues dans Ambrosia 02 et Vice City Postcard (~10 m de large), pas de cercle V16 a moins de 90 m; sol 3.4",
    "kind": "building",
    "v16_polygon_id": null,
    "footprint_source": "mesh_base",
    "footprint_area_m2": 12.0
   },
   "geometry": {
    "type": "Polygon",
    "coordinates": [
     [
      [
       -2237.8,
       484.7
      ],
      [
       -2237.53,
       483.7
      ],
      [
       -2236.8,
       482.97
      ],
      [
       -2235.8,
       482.7
      ],
      [
       -2234.8,
       482.97
      ],
      [
       -2234.07,
       483.7
      ],
      [
       -2233.8,
       484.7
      ],
      [
       -2234.07,
       485.7
      ],
      [
       -2234.8,
       486.43
      ],
      [
       -2235.8,
       486.7
      ],
      [
       -2236.8,
       486.43
      ],
      [
       -2237.53,
       485.7
      ],
      [
       -2237.8,
       484.7
      ]
     ]
    ]
   }
  },
  {
   "type": "Feature",
   "properties": {
    "name": "Water Tower near Prison",
    "height_top_m": 91.5,
    "z_base_m": 23.8,
    "color": "#4373a2",
    "note": "WATER TOWERS 2026-09-26: meme tour que le landmark 3001 Gordon Hwy (Water Tower) (meme clic dans Ambrosia 02); xy = landmark near Prison (colle au rayon Ambrosia 02 a 1.5 m; le clic Mount Kalaga 04 de Gordon rate de 139 m). Cuve cylindrique r 4 (82.5 -> 91.5) lue a 4 km (Mount Kalaga 04 / Ambrosia 0",
    "kind": "building",
    "v16_polygon_id": null,
    "footprint_source": "mesh_base",
    "footprint_area_m2": 108.0
   },
   "geometry": {
    "type": "Polygon",
    "coordinates": [
     [
      [
       -5104.9,
       1591.9
      ],
      [
       -5115.3,
       1591.9
      ],
      [
       -5115.3,
       1581.5
      ],
      [
       -5104.9,
       1581.5
      ],
      [
       -5104.9,
       1591.9
      ]
     ]
    ]
   }
  },
  {
   "type": "Feature",
   "properties": {
    "name": "1500 Sonora Ave (Tank A)",
    "height_top_m": 43.5,
    "z_base_m": 18.2,
    "color": "#ffb300",
    "note": "SONORA-SIL 2026-09-28: cuve ajustee sur ses SILHOUETTES (bords G/D a la ligne du bord superieur) Panorama + Fires V3 + Postcard; rayon commun 20.0 m (conjoint A/B/C, non-chevauchement), centre (-2958.3, 3742.7), bord z 42.1, sol 18.2; residus <= 1.6 arcmin. Postcard: pose \"lointain\" interne (-2659.3",
    "kind": "building",
    "v16_polygon_id": null,
    "footprint_source": "mesh_base",
    "footprint_area_m2": 1253.0
   },
   "geometry": {
    "type": "Polygon",
    "coordinates": [
     [
      [
       -2978.09,
       3745.35
      ],
      [
       -2978.26,
       3742.74
      ],
      [
       -2978.09,
       3740.13
      ],
      [
       -2977.58,
       3737.57
      ],
      [
       -2976.74,
       3735.09
      ],
      [
       -2975.58,
       3732.74
      ],
      [
       -2974.13,
       3730.57
      ],
      [
       -2972.41,
       3728.6
      ],
      [
       -2970.44,
       3726.88
      ],
      [
       -2968.26,
       3725.42
      ],
      [
       -2965.92,
       3724.27
      ],
      [
       -2963.44,
       3723.43
      ],
      [
       -2960.87,
       3722.92
      ],
      [
       -2958.26,
       3722.75
      ],
      [
       -2955.65,
       3722.92
      ],
      [
       -2953.09,
       3723.43
      ],
      [
       -2950.61,
       3724.27
      ],
      [
       -2948.27,
       3725.42
      ],
      [
       -2946.09,
       3726.88
      ],
      [
       -2944.12,
       3728.6
      ],
      [
       -2942.4,
       3730.57
      ],
      [
       -2940.95,
       3732.74
      ],
      [
       -2939.79,
       3735.09
      ],
      [
       -2938.95,
       3737.57
      ],
      [
       -2938.44,
       3740.13
      ],
      [
       -2938.27,
       3742.74
      ],
      [
       -2938.44,
       3745.35
      ],
      [
       -2938.95,
       3747.92
      ],
      [
       -2939.79,
       3750.4
      ],
      [
       -2940.95,
       3752.74
      ],
      [
       -2942.4,
       3754.92
      ],
      [
       -2944.12,
       3756.88
      ],
      [
       -2946.09,
       3758.61
      ],
      [
       -2948.27,
       3760.06
      ],
      [
       -2950.61,
       3761.22
      ],
      [
       -2953.09,
       3762.06
      ],
      [
       -2955.65,
       3762.57
      ],
      [
       -2958.26,
       3762.74
      ],
      [
       -2960.87,
       3762.57
      ],
      [
       -2963.44,
       3762.06
      ],
      [
       -2965.92,
       3761.22
      ],
      [
       -2968.26,
       3760.06
      ],
      [
       -2970.44,
       3758.61
      ],
      [
       -2972.41,
       3756.88
      ],
      [
       -2974.13,
       3754.92
      ],
      [
       -2975.58,
       3752.74
      ],
      [
       -2976.74,
       3750.4
      ],
      [
       -2977.58,
       3747.92
      ],
      [
       -2978.09,
       3745.35
      ]
     ]
    ]
   }
  },
  {
   "type": "Feature",
   "properties": {
    "name": "1500 Sonora Ave (Tank B)",
    "height_top_m": 37.9,
    "z_base_m": 19.2,
    "color": "#ffb300",
    "note": "SONORA-SIL 2026-09-28: cuve ajustee sur ses SILHOUETTES (bords G/D a la ligne du bord superieur) Postcard seulement (rayon de A); rayon commun 20.0 m (conjoint A/B/C, non-chevauchement), centre (-2942.9, 3780.7), bord z 36.5, sol 19.2; residus <= 1.6 arcmin. Postcard: pose \"lointain\" interne (-2659.",
    "kind": "building",
    "v16_polygon_id": null,
    "footprint_source": "mesh_base",
    "footprint_area_m2": 1253.0
   },
   "geometry": {
    "type": "Polygon",
    "coordinates": [
     [
      [
       -2962.25,
       3775.56
      ],
      [
       -2961.41,
       3773.09
      ],
      [
       -2960.25,
       3770.74
      ],
      [
       -2958.8,
       3768.56
      ],
      [
       -2957.07,
       3766.6
      ],
      [
       -2955.11,
       3764.87
      ],
      [
       -2952.93,
       3763.42
      ],
      [
       -2950.58,
       3762.26
      ],
      [
       -2948.11,
       3761.42
      ],
      [
       -2945.54,
       3760.91
      ],
      [
       -2942.93,
       3760.74
      ],
      [
       -2940.32,
       3760.91
      ],
      [
       -2937.76,
       3761.42
      ],
      [
       -2935.28,
       3762.26
      ],
      [
       -2932.93,
       3763.42
      ],
      [
       -2930.76,
       3764.87
      ],
      [
       -2928.79,
       3766.6
      ],
      [
       -2927.07,
       3768.56
      ],
      [
       -2925.61,
       3770.74
      ],
      [
       -2924.46,
       3773.09
      ],
      [
       -2923.62,
       3775.56
      ],
      [
       -2923.11,
       3778.13
      ],
      [
       -2922.93,
       3780.74
      ],
      [
       -2923.11,
       3783.35
      ],
      [
       -2923.62,
       3785.91
      ],
      [
       -2924.46,
       3788.39
      ],
      [
       -2925.61,
       3790.74
      ],
      [
       -2927.07,
       3792.91
      ],
      [
       -2928.79,
       3794.88
      ],
      [
       -2930.76,
       3796.6
      ],
      [
       -2932.93,
       3798.06
      ],
      [
       -2935.28,
       3799.21
      ],
      [
       -2937.76,
       3800.05
      ],
      [
       -2940.32,
       3800.56
      ],
      [
       -2942.93,
       3800.74
      ],
      [
       -2945.54,
       3800.56
      ],
      [
       -2948.11,
       3800.05
      ],
      [
       -2950.58,
       3799.21
      ],
      [
       -2952.93,
       3798.06
      ],
      [
       -2955.11,
       3796.6
      ],
      [
       -2957.07,
       3794.88
      ],
      [
       -2958.8,
       3792.91
      ],
      [
       -2960.25,
       3790.74
      ],
      [
       -2961.41,
       3788.39
      ],
      [
       -2962.25,
       3785.91
      ],
      [
       -2962.76,
       3783.35
      ],
      [
       -2962.93,
       3780.74
      ],
      [
       -2962.76,
       3778.13
      ],
      [
       -2962.25,
       3775.56
      ]
     ]
    ]
   }
  },
  {
   "type": "Feature",
   "properties": {
    "name": "1500 Sonora Ave (Tank C)",
    "height_top_m": 34.0,
    "z_base_m": 19.8,
    "color": "#ffb300",
    "note": "SONORA-SIL 2026-09-28: cuve ajustee sur ses SILHOUETTES (bords G/D a la ligne du bord superieur) Postcard seulement (rayon de A); rayon commun 20.0 m (conjoint A/B/C, non-chevauchement), centre (-2899.2, 3787.3), bord z 32.6, sol 19.8; residus <= 1.6 arcmin. Postcard: pose \"lointain\" interne (-2659.",
    "kind": "building",
    "v16_polygon_id": null,
    "footprint_source": "mesh_base",
    "footprint_area_m2": 1253.0
   },
   "geometry": {
    "type": "Polygon",
    "coordinates": [
     [
      [
       -2918.53,
       3782.12
      ],
      [
       -2917.69,
       3779.65
      ],
      [
       -2916.53,
       3777.3
      ],
      [
       -2915.08,
       3775.12
      ],
      [
       -2913.35,
       3773.16
      ],
      [
       -2911.39,
       3771.43
      ],
      [
       -2909.21,
       3769.98
      ],
      [
       -2906.87,
       3768.82
      ],
      [
       -2904.39,
       3767.98
      ],
      [
       -2901.82,
       3767.47
      ],
      [
       -2899.21,
       3767.3
      ],
      [
       -2896.6,
       3767.47
      ],
      [
       -2894.04,
       3767.98
      ],
      [
       -2891.56,
       3768.82
      ],
      [
       -2889.21,
       3769.98
      ],
      [
       -2887.04,
       3771.43
      ],
      [
       -2885.07,
       3773.16
      ],
      [
       -2883.35,
       3775.12
      ],
      [
       -2881.89,
       3777.3
      ],
      [
       -2880.74,
       3779.65
      ],
      [
       -2879.9,
       3782.12
      ],
      [
       -2879.39,
       3784.69
      ],
      [
       -2879.22,
       3787.3
      ],
      [
       -2879.39,
       3789.91
      ],
      [
       -2879.9,
       3792.47
      ],
      [
       -2880.74,
       3794.95
      ],
      [
       -2881.89,
       3797.3
      ],
      [
       -2883.35,
       3799.47
      ],
      [
       -2885.07,
       3801.44
      ],
      [
       -2887.04,
       3803.16
      ],
      [
       -2889.21,
       3804.62
      ],
      [
       -2891.56,
       3805.77
      ],
      [
       -2894.04,
       3806.62
      ],
      [
       -2896.6,
       3807.13
      ],
      [
       -2899.21,
       3807.3
      ],
      [
       -2901.82,
       3807.13
      ],
      [
       -2904.39,
       3806.62
      ],
      [
       -2906.87,
       3805.77
      ],
      [
       -2909.21,
       3804.62
      ],
      [
       -2911.39,
       3803.16
      ],
      [
       -2913.35,
       3801.44
      ],
      [
       -2915.08,
       3799.47
      ],
      [
       -2916.53,
       3797.3
      ],
      [
       -2917.69,
       3794.95
      ],
      [
       -2918.53,
       3792.47
      ],
      [
       -2919.04,
       3789.91
      ],
      [
       -2919.21,
       3787.3
      ],
      [
       -2919.04,
       3784.69
      ],
      [
       -2918.53,
       3782.12
      ]
     ]
    ]
   }
  },
  {
   "type": "Feature",
   "properties": {
    "name": "Water Tank (West Port Gellhorn)",
    "height_top_m": 21.5,
    "z_base_m": 10.2,
    "color": "#d9d4c7",
    "note": "RESERVOIR WEST PORT GELLHORN 2026-09-26: cercle V16 (contour rouge) sur le tooltip d Alexandre, diametre 23 m; cylindre jusqu a 19.3 m, toit conique a 21.5 m (lus dans Port Gellhorn Postcard, 278 m; landmark solve joint 23.3). Sol 10.2",
    "kind": "building",
    "v16_polygon_id": null,
    "footprint_source": "mesh_base",
    "footprint_area_m2": 413.0
   },
   "geometry": {
    "type": "Polygon",
    "coordinates": [
     [
      [
       -6695.1,
       3838.3
      ],
      [
       -6694.88,
       3836.06
      ],
      [
       -6694.22,
       3833.9
      ],
      [
       -6693.16,
       3831.91
      ],
      [
       -6691.73,
       3830.17
      ],
      [
       -6689.99,
       3828.74
      ],
      [
       -6688.0,
       3827.68
      ],
      [
       -6685.84,
       3827.02
      ],
      [
       -6683.6,
       3826.8
      ],
      [
       -6681.36,
       3827.02
      ],
      [
       -6679.2,
       3827.68
      ],
      [
       -6677.21,
       3828.74
      ],
      [
       -6675.47,
       3830.17
      ],
      [
       -6674.04,
       3831.91
      ],
      [
       -6672.98,
       3833.9
      ],
      [
       -6672.32,
       3836.06
      ],
      [
       -6672.1,
       3838.3
      ],
      [
       -6672.32,
       3840.54
      ],
      [
       -6672.98,
       3842.7
      ],
      [
       -6674.04,
       3844.69
      ],
      [
       -6675.47,
       3846.43
      ],
      [
       -6677.21,
       3847.86
      ],
      [
       -6679.2,
       3848.92
      ],
      [
       -6681.36,
       3849.58
      ],
      [
       -6683.6,
       3849.8
      ],
      [
       -6685.84,
       3849.58
      ],
      [
       -6688.0,
       3848.92
      ],
      [
       -6689.99,
       3847.86
      ],
      [
       -6691.73,
       3846.43
      ],
      [
       -6693.16,
       3844.69
      ],
      [
       -6694.22,
       3842.7
      ],
      [
       -6694.88,
       3840.54
      ],
      [
       -6695.1,
       3838.3
      ]
     ]
    ]
   }
  },
  {
   "type": "Feature",
   "properties": {
    "name": "White Silos (E)",
    "height_top_m": 37.0,
    "z_base_m": 17.6,
    "color": "#4fc3f7",
    "note": "WS-PC4 2026-09-28: bloc long et bas a bandes rouges reconstruit sur les coins avant du toit re-triangules (Panorama x Postcard V4): ligne commune ajustee sur les 5 coins (az -87 deg), sommet 37.0 m, sol 17.6, profondeur 20 m vers le sud (supposee), bandes rouges en facade | POSTCARD-V4 2026-09-28: a",
    "kind": "building",
    "v16_polygon_id": null,
    "footprint_source": "mesh_base",
    "footprint_area_m2": 504.0
   },
   "geometry": {
    "type": "Polygon",
    "coordinates": [
     [
      [
       -2838.83,
       3622.18
      ],
      [
       -2813.65,
       3620.86
      ],
      [
       -2812.61,
       3640.84
      ],
      [
       -2816.8,
       3641.06
      ],
      [
       -2825.19,
       3641.5
      ],
      [
       -2829.39,
       3641.72
      ],
      [
       -2837.78,
       3642.15
      ],
      [
       -2838.83,
       3622.18
      ]
     ]
    ]
   }
  },
  {
   "type": "Feature",
   "properties": {
    "name": "USSM Smokestack (1)",
    "height_top_m": 61.2,
    "z_base_m": 23.5,
    "color": "#ff5722",
    "note": "FIRES-V3 2026-09-28: deplacee sur le landmark re-triangule (Ambrosia 02 (Panorama), Throwing Stuff from an Overpass) de (-1, 52) m, sommet 61.3 -> 61.2 m | FIRES-V2 2026-09-28: deplacee sur le landmark re-triangule (Ambrosia 02 (Panorama), Throwing Stuff from an Overpass) de (-31, -225) m, sommet 65",
    "kind": "building",
    "v16_polygon_id": null,
    "footprint_source": "mesh_base",
    "footprint_area_m2": 4.0
   },
   "geometry": {
    "type": "Polygon",
    "coordinates": [
     [
      [
       -2719.19,
       3725.11
      ],
      [
       -2719.03,
       3724.51
      ],
      [
       -2718.59,
       3724.07
      ],
      [
       -2717.99,
       3723.91
      ],
      [
       -2717.39,
       3724.07
      ],
      [
       -2716.95,
       3724.51
      ],
      [
       -2716.79,
       3725.11
      ],
      [
       -2716.95,
       3725.71
      ],
      [
       -2717.39,
       3726.15
      ],
      [
       -2717.99,
       3726.31
      ],
      [
       -2718.59,
       3726.15
      ],
      [
       -2719.03,
       3725.71
      ],
      [
       -2719.19,
       3725.11
      ]
     ]
    ]
   }
  },
  {
   "type": "Feature",
   "properties": {
    "name": "USSM Smokestack (2)",
    "height_top_m": 50.5,
    "z_base_m": 23.3,
    "color": "#ff5722",
    "note": "FIRES-V3 2026-09-28: deplacee sur le landmark re-triangule (Ambrosia 02 (Panorama), Throwing Stuff from an Overpass) de (-1, 53) m, sommet 50.3 -> 50.5 m | FIRES-V2 2026-09-28: deplacee sur le landmark re-triangule (Ambrosia 02 (Panorama), Throwing Stuff from an Overpass) de (-29, -213) m, sommet 58",
    "kind": "building",
    "v16_polygon_id": null,
    "footprint_source": "mesh_base",
    "footprint_area_m2": 4.0
   },
   "geometry": {
    "type": "Polygon",
    "coordinates": [
     [
      [
       -2725.35,
       3722.72
      ],
      [
       -2725.51,
       3722.12
      ],
      [
       -2725.35,
       3721.52
      ],
      [
       -2724.91,
       3721.08
      ],
      [
       -2724.31,
       3720.92
      ],
      [
       -2723.71,
       3721.08
      ],
      [
       -2723.27,
       3721.52
      ],
      [
       -2723.11,
       3722.12
      ],
      [
       -2723.27,
       3722.72
      ],
      [
       -2723.71,
       3723.16
      ],
      [
       -2724.31,
       3723.32
      ],
      [
       -2724.91,
       3723.16
      ],
      [
       -2725.35,
       3722.72
      ]
     ]
    ]
   }
  },
  {
   "type": "Feature",
   "properties": {
    "name": "USSM Smokestack (4)",
    "height_top_m": 98.6,
    "z_base_m": 18.1,
    "color": "#ff5722",
    "note": "FIRES-V3 2026-09-28: deplacee sur le landmark re-triangule (Ambrosia 02 (Panorama), Ambrosia 04 (Fires), Throwing Stuff from an Overpass) de (6, 67) m, sommet 99.8 -> 98.6 m | FIRES-V2 2026-09-28: deplacee sur le landmark re-triangule (Ambrosia 02 (Panorama), Ambrosia 04 (Fires), Throwing Stuff from",
    "kind": "building",
    "v16_polygon_id": null,
    "footprint_source": "mesh_base",
    "footprint_area_m2": 20.0
   },
   "geometry": {
    "type": "Polygon",
    "coordinates": [
     [
      [
       -2897.3,
       3629.0
      ],
      [
       -2897.65,
       3627.7
      ],
      [
       -2897.3,
       3626.4
      ],
      [
       -2896.35,
       3625.45
      ],
      [
       -2895.05,
       3625.1
      ],
      [
       -2893.75,
       3625.45
      ],
      [
       -2892.8,
       3626.4
      ],
      [
       -2892.45,
       3627.7
      ],
      [
       -2892.8,
       3629.0
      ],
      [
       -2893.75,
       3629.95
      ],
      [
       -2895.05,
       3630.3
      ],
      [
       -2896.35,
       3629.95
      ],
      [
       -2897.3,
       3629.0
      ]
     ]
    ]
   }
  },
  {
   "type": "Feature",
   "properties": {
    "name": "USSM Smokestack (5)",
    "height_top_m": 80.8,
    "z_base_m": 17.8,
    "color": "#ff5722",
    "note": "FIRES-V3 2026-09-28: deplacee sur le landmark re-triangule (Ambrosia 02 (Panorama), Ambrosia 04 (Fires)) de (7, 67) m, sommet 81.1 -> 80.8 m | FIRES-V2 2026-09-28: deplacee sur le landmark re-triangule (Ambrosia 02 (Panorama), Ambrosia 04 (Fires)) de (-23, -124) m, sommet 82.8 -> 81.1 m | RAFFINERIE",
    "kind": "building",
    "v16_polygon_id": null,
    "footprint_source": "mesh_base",
    "footprint_area_m2": 12.0
   },
   "geometry": {
    "type": "Polygon",
    "coordinates": [
     [
      [
       -2931.24,
       3602.28
      ],
      [
       -2930.24,
       3602.01
      ],
      [
       -2929.24,
       3602.28
      ],
      [
       -2928.51,
       3603.01
      ],
      [
       -2928.24,
       3604.01
      ],
      [
       -2928.51,
       3605.01
      ],
      [
       -2929.24,
       3605.74
      ],
      [
       -2930.24,
       3606.01
      ],
      [
       -2931.24,
       3605.74
      ],
      [
       -2931.97,
       3605.01
      ],
      [
       -2932.24,
       3604.01
      ],
      [
       -2931.97,
       3603.01
      ],
      [
       -2931.24,
       3602.28
      ]
     ]
    ]
   }
  },
  {
   "type": "Feature",
   "properties": {
    "name": "USSM Smokestack (6)",
    "height_top_m": 85.3,
    "z_base_m": 17.7,
    "color": "#ff5722",
    "note": "FIRES-V3 2026-09-28: deplacee sur le landmark re-triangule (Ambrosia 02 (Panorama), Ambrosia 04 (Fires)) de (7, 67) m, sommet 85.7 -> 85.3 m | FIRES-V2 2026-09-28: deplacee sur le landmark re-triangule (Ambrosia 02 (Panorama), Ambrosia 04 (Fires)) de (-22, -119) m, sommet 86.4 -> 85.7 m | RAFFINERIE",
    "kind": "building",
    "v16_polygon_id": null,
    "footprint_source": "mesh_base",
    "footprint_area_m2": 12.0
   },
   "geometry": {
    "type": "Polygon",
    "coordinates": [
     [
      [
       -2938.08,
       3604.44
      ],
      [
       -2937.08,
       3604.17
      ],
      [
       -2936.08,
       3604.44
      ],
      [
       -2935.35,
       3605.17
      ],
      [
       -2935.08,
       3606.17
      ],
      [
       -2935.35,
       3607.17
      ],
      [
       -2936.08,
       3607.9
      ],
      [
       -2937.08,
       3608.17
      ],
      [
       -2938.08,
       3607.9
      ],
      [
       -2938.81,
       3607.17
      ],
      [
       -2939.08,
       3606.17
      ],
      [
       -2938.81,
       3605.17
      ],
      [
       -2938.08,
       3604.44
      ]
     ]
    ]
   }
  },
  {
   "type": "Feature",
   "properties": {
    "name": "USSM Smokestack (7)",
    "height_top_m": 97.3,
    "z_base_m": 17.5,
    "color": "#ff5722",
    "note": "FIRES-V3 2026-09-28: deplacee sur le landmark re-triangule (Ambrosia 02 (Panorama), Ambrosia 04 (Fires), Throwing Stuff from an Overpass) de (8, 67) m, sommet 98.3 -> 97.3 m | FIRES-V2 2026-09-28: deplacee sur le landmark re-triangule (Ambrosia 02 (Panorama), Ambrosia 04 (Fires), Throwing Stuff from",
    "kind": "building",
    "v16_polygon_id": null,
    "footprint_source": "mesh_base",
    "footprint_area_m2": 20.0
   },
   "geometry": {
    "type": "Polygon",
    "coordinates": [
     [
      [
       -2963.98,
       3604.5
      ],
      [
       -2962.68,
       3604.15
      ],
      [
       -2961.38,
       3604.5
      ],
      [
       -2960.43,
       3605.45
      ],
      [
       -2960.08,
       3606.75
      ],
      [
       -2960.43,
       3608.05
      ],
      [
       -2961.38,
       3609.0
      ],
      [
       -2962.68,
       3609.35
      ],
      [
       -2963.98,
       3609.0
      ],
      [
       -2964.93,
       3608.05
      ],
      [
       -2965.28,
       3606.75
      ],
      [
       -2964.93,
       3605.45
      ],
      [
       -2963.98,
       3604.5
      ]
     ]
    ]
   }
  },
  {
   "type": "Feature",
   "properties": {
    "name": "USSM Smokestack (8)",
    "height_top_m": 49.1,
    "z_base_m": 17.1,
    "color": "#ff5722",
    "note": "FIRES-V3 2026-09-28: deplacee sur le landmark re-triangule (Ambrosia 02 (Panorama), Ambrosia 04 (Fires)) de (10, 64) m, sommet 48.7 -> 49.1 m | FIRES-V2 2026-09-28: deplacee sur le landmark re-triangule (Ambrosia 02 (Panorama), Ambrosia 04 (Fires)) de (-10, -64) m, sommet 54.7 -> 48.7 m | RAFFINERIE",
    "kind": "building",
    "v16_polygon_id": null,
    "footprint_source": "mesh_base",
    "footprint_area_m2": 7.0
   },
   "geometry": {
    "type": "Polygon",
    "coordinates": [
     [
      [
       -3018.31,
       3674.18
      ],
      [
       -3018.11,
       3673.43
      ],
      [
       -3017.56,
       3672.88
      ],
      [
       -3016.81,
       3672.68
      ],
      [
       -3016.06,
       3672.88
      ],
      [
       -3015.51,
       3673.43
      ],
      [
       -3015.31,
       3674.18
      ],
      [
       -3015.51,
       3674.93
      ],
      [
       -3016.06,
       3675.48
      ],
      [
       -3016.81,
       3675.68
      ],
      [
       -3017.56,
       3675.48
      ],
      [
       -3018.11,
       3674.93
      ],
      [
       -3018.31,
       3674.18
      ]
     ]
    ]
   }
  },
  {
   "type": "Feature",
   "properties": {
    "name": "USSM Smokestack (9)",
    "height_top_m": 58.7,
    "z_base_m": 16.9,
    "color": "#ff5722",
    "note": "FIRES-V3 2026-09-28: deplacee sur le landmark re-triangule (Ambrosia 02 (Panorama), Ambrosia 04 (Fires), Throwing Stuff from an Overpass) de (11, 63) m, sommet 58.8 -> 58.7 m | FIRES-V2 2026-09-28: deplacee sur le landmark re-triangule (Ambrosia 02 (Panorama), Ambrosia 04 (Fires), Throwing Stuff fro",
    "kind": "building",
    "v16_polygon_id": null,
    "footprint_source": "mesh_base",
    "footprint_area_m2": 7.0
   },
   "geometry": {
    "type": "Polygon",
    "coordinates": [
     [
      [
       -3023.57,
       3676.37
      ],
      [
       -3023.37,
       3675.62
      ],
      [
       -3022.82,
       3675.07
      ],
      [
       -3022.07,
       3674.87
      ],
      [
       -3021.32,
       3675.07
      ],
      [
       -3020.77,
       3675.62
      ],
      [
       -3020.57,
       3676.37
      ],
      [
       -3020.77,
       3677.12
      ],
      [
       -3021.32,
       3677.67
      ],
      [
       -3022.07,
       3677.87
      ],
      [
       -3022.82,
       3677.67
      ],
      [
       -3023.37,
       3677.12
      ],
      [
       -3023.57,
       3676.37
      ]
     ]
    ]
   }
  },
  {
   "type": "Feature",
   "properties": {
    "name": "USSM Smokestack (10)",
    "height_top_m": 62.9,
    "z_base_m": 19.9,
    "color": "#ff5722",
    "note": "DEPS-RETRI 2026-09-28: deplacee sur le LM re-triangule (Panorama + Postcard lointain) de (6, 17) m, sommet 66.0 -> 62.9 | RAFFINERIE ALLIED CRYSTAL (Ambrosia) V3 2026-09-26 \u2014 positions par les CAMERAS (Postcard re-posee sur les routes de la leak map + Panorama VERIFIED); la V16 ne sert qu a la FORME",
    "kind": "building",
    "v16_polygon_id": null,
    "footprint_source": "mesh_base",
    "footprint_area_m2": 7.0
   },
   "geometry": {
    "type": "Polygon",
    "coordinates": [
     [
      [
       -2937.28,
       3817.98
      ],
      [
       -2936.53,
       3817.78
      ],
      [
       -2935.78,
       3817.98
      ],
      [
       -2935.23,
       3818.53
      ],
      [
       -2935.03,
       3819.28
      ],
      [
       -2935.23,
       3820.03
      ],
      [
       -2935.78,
       3820.58
      ],
      [
       -2936.53,
       3820.78
      ],
      [
       -2937.28,
       3820.58
      ],
      [
       -2937.83,
       3820.03
      ],
      [
       -2938.03,
       3819.28
      ],
      [
       -2937.83,
       3818.53
      ],
      [
       -2937.28,
       3817.98
      ]
     ]
    ]
   }
  },
  {
   "type": "Feature",
   "properties": {
    "name": "USSM Smokestack (11)",
    "height_top_m": 52.4,
    "z_base_m": 19.9,
    "color": "#ff5722",
    "note": "DEPS-RETRI 2026-09-28: deplacee sur le LM re-triangule (Panorama + Postcard lointain) de (6, 18) m, sommet 55.6 -> 52.4 | RAFFINERIE ALLIED CRYSTAL (Ambrosia) V3 2026-09-26 \u2014 positions par les CAMERAS (Postcard re-posee sur les routes de la leak map + Panorama VERIFIED); la V16 ne sert qu a la FORME",
    "kind": "building",
    "v16_polygon_id": null,
    "footprint_source": "mesh_base",
    "footprint_area_m2": 5.0
   },
   "geometry": {
    "type": "Polygon",
    "coordinates": [
     [
      [
       -2940.57,
       3826.06
      ],
      [
       -2940.74,
       3825.41
      ],
      [
       -2940.57,
       3824.76
      ],
      [
       -2940.09,
       3824.28
      ],
      [
       -2939.44,
       3824.11
      ],
      [
       -2938.79,
       3824.28
      ],
      [
       -2938.31,
       3824.76
      ],
      [
       -2938.14,
       3825.41
      ],
      [
       -2938.31,
       3826.06
      ],
      [
       -2938.79,
       3826.54
      ],
      [
       -2939.44,
       3826.71
      ],
      [
       -2940.09,
       3826.54
      ],
      [
       -2940.57,
       3826.06
      ]
     ]
    ]
   }
  },
  {
   "type": "Feature",
   "properties": {
    "name": "US Sugar Mill (Factory)",
    "height_top_m": 100.2,
    "z_base_m": 16.8,
    "color": "#ff8a65",
    "note": "USM-ORIENT 2026-09-28: corps tourne de 19.3 deg -> aligne nord-sud (~17 x 43 m), centre entre les coins re-triangules SE (-2985.8, 3404.1) et NW (-3003.0, 3448.0) (coins opposes); superstructure/mat recalee sur le LM (A) (-2997.0, 3415.5, 99.4); verifie dans Fires, Throwing, Panorama (orientation NN",
    "kind": "building",
    "v16_polygon_id": null,
    "footprint_source": "mesh_base",
    "footprint_area_m2": 745.0
   },
   "geometry": {
    "type": "Polygon",
    "coordinates": [
     [
      [
       -2985.49,
       3446.58
      ],
      [
       -3003.4,
       3447.18
      ],
      [
       -3003.31,
       3405.57
      ],
      [
       -2985.4,
       3404.97
      ],
      [
       -2985.49,
       3446.58
      ]
     ]
    ]
   }
  },
  {
   "type": "Feature",
   "properties": {
    "name": "Warehouse 1410 (Ambrosia)",
    "height_top_m": 28.7,
    "z_base_m": 20.3,
    "color": "#43a047",
    "note": "W1410-PC 2026-09-28: reconstruit sur 7 coins cliques par Alexandre dans Postcard V4 (A-G): travee avant 28 m (A-C), faitage 28.4 (B), long. 70 m jusqu a D; travee du milieu 34 m (E-G), faitage 28.7 (F), pignon en retrait de 7 m, long. jusqu a l extremite V16; liaison basse 13 m entre les deux. Axe a",
    "kind": "building",
    "v16_polygon_id": 1410,
    "footprint_source": "v16",
    "footprint_area_m2": 10835.0
   },
   "geometry": {
    "type": "Polygon",
    "coordinates": [
     [
      [
       -2831.8,
       3860.63
      ],
      [
       -2761.6,
       3713.19
      ],
      [
       -2742.9,
       3721.43
      ],
      [
       -2731.8,
       3726.68
      ],
      [
       -2718.3,
       3733.2
      ],
      [
       -2749.6,
       3800.52
      ],
      [
       -2764.4,
       3830.36
      ],
      [
       -2749.6,
       3800.52
      ],
      [
       -2714.3,
       3818.33
      ],
      [
       -2730.4,
       3847.58
      ],
      [
       -2741.5,
       3842.16
      ],
      [
       -2764.4,
       3830.36
      ],
      [
       -2753.5,
       3836.03
      ],
      [
       -2741.5,
       3842.16
      ],
      [
       -2755.0,
       3869.58
      ],
      [
       -2764.3,
       3887.97
      ],
      [
       -2754.9,
       3869.58
      ],
      [
       -2747.6,
       3873.49
      ],
      [
       -2757.4,
       3891.5
      ],
      [
       -2764.3,
       3887.98
      ],
      [
       -2767.4,
       3894.11
      ],
      [
       -2779.2,
       3888.24
      ],
      [
       -2789.2,
       3882.95
      ],
      [
       -2800.0,
       3877.16
      ],
      [
       -2812.3,
       3870.88
      ],
      [
       -2831.8,
       3860.63
      ]
     ]
    ]
   }
  },
  {
   "type": "Feature",
   "properties": {
    "name": "White Silos (W)",
    "height_top_m": 37.0,
    "z_base_m": 17.6,
    "color": "#4fc3f7",
    "note": "WS-PC4 2026-09-28: bloc long et bas a bandes rouges reconstruit sur les coins avant du toit re-triangules (Panorama x Postcard V4): ligne commune ajustee sur les 5 coins (az -87 deg), sommet 37.0 m, sol 17.6, profondeur 20 m vers le sud (supposee), bandes rouges en facade | DEPS-RETRI 2026-09-28: tr",
    "kind": "building",
    "v16_polygon_id": null,
    "footprint_source": "mesh_base",
    "footprint_area_m2": 412.0
   },
   "geometry": {
    "type": "Polygon",
    "coordinates": [
     [
      [
       -2864.36,
       3623.52
      ],
      [
       -2843.77,
       3622.44
      ],
      [
       -2842.73,
       3642.41
      ],
      [
       -2859.88,
       3643.31
      ],
      [
       -2863.32,
       3643.49
      ],
      [
       -2864.36,
       3623.52
      ]
     ]
    ]
   }
  },
  {
   "type": "Feature",
   "properties": {
    "name": "White Tank #2 (Allied Crystal)",
    "height_top_m": 47.0,
    "z_base_m": 23.0,
    "color": "#ffd54f",
    "note": "WT-SIL 2026-09-28: cylindre propre recale sur ses silhouettes Postcard V4 (bord gauche + bord du toit), r 11.4, bord 45.2, accole au silo (1 m) sans le traverser (le transfert sommet par sommet V3->V4 avait tordu la forme) | POSTCARD-V4 2026-09-28: transfere de la pose Postcard V3 a la V4 (chaque so",
    "kind": "building",
    "v16_polygon_id": null,
    "footprint_source": "mesh_base",
    "footprint_area_m2": 405.0
   },
   "geometry": {
    "type": "Polygon",
    "coordinates": [
     [
      [
       -2706.54,
       3869.25
      ],
      [
       -2706.32,
       3867.02
      ],
      [
       -2705.67,
       3864.89
      ],
      [
       -2704.62,
       3862.92
      ],
      [
       -2703.2,
       3861.19
      ],
      [
       -2701.47,
       3859.77
      ],
      [
       -2699.5,
       3858.72
      ],
      [
       -2697.36,
       3858.07
      ],
      [
       -2695.14,
       3857.85
      ],
      [
       -2692.92,
       3858.07
      ],
      [
       -2690.78,
       3858.72
      ],
      [
       -2688.81,
       3859.77
      ],
      [
       -2687.08,
       3861.19
      ],
      [
       -2685.66,
       3862.92
      ],
      [
       -2684.61,
       3864.89
      ],
      [
       -2683.96,
       3867.02
      ],
      [
       -2683.74,
       3869.25
      ],
      [
       -2683.96,
       3871.47
      ],
      [
       -2684.61,
       3873.61
      ],
      [
       -2685.66,
       3875.58
      ],
      [
       -2687.08,
       3877.31
      ],
      [
       -2688.81,
       3878.72
      ],
      [
       -2690.78,
       3879.78
      ],
      [
       -2692.92,
       3880.42
      ],
      [
       -2695.14,
       3880.64
      ],
      [
       -2697.36,
       3880.42
      ],
      [
       -2699.5,
       3879.78
      ],
      [
       -2701.47,
       3878.72
      ],
      [
       -2703.2,
       3877.31
      ],
      [
       -2704.62,
       3875.58
      ],
      [
       -2705.67,
       3873.61
      ],
      [
       -2706.32,
       3871.47
      ],
      [
       -2706.54,
       3869.25
      ]
     ]
    ]
   }
  },
  {
   "type": "Feature",
   "properties": {
    "name": "White Tank #1 (Allied Crystal)",
    "height_top_m": 52.6,
    "z_base_m": 23.3,
    "color": "#ffd54f",
    "note": "WT-SIL 2026-09-28: cylindre propre recale sur ses silhouettes Postcard V4 (bord droit + coin du bord, r 11.3, bord 50.8), sans chevauchement du #2 (le transfert sommet par sommet V3->V4 avait tordu la forme) | POSTCARD-V4 2026-09-28: transfere de la pose Postcard V3 a la V4 (chaque sommet garde son ",
    "kind": "building",
    "v16_polygon_id": null,
    "footprint_source": "mesh_base",
    "footprint_area_m2": 399.0
   },
   "geometry": {
    "type": "Polygon",
    "coordinates": [
     [
      [
       -2678.57,
       3882.15
      ],
      [
       -2678.35,
       3879.94
      ],
      [
       -2677.71,
       3877.82
      ],
      [
       -2676.66,
       3875.87
      ],
      [
       -2675.26,
       3874.16
      ],
      [
       -2673.55,
       3872.75
      ],
      [
       -2671.59,
       3871.71
      ],
      [
       -2669.47,
       3871.07
      ],
      [
       -2667.27,
       3870.85
      ],
      [
       -2665.06,
       3871.07
      ],
      [
       -2662.94,
       3871.71
      ],
      [
       -2660.99,
       3872.75
      ],
      [
       -2659.28,
       3874.16
      ],
      [
       -2657.87,
       3875.87
      ],
      [
       -2656.83,
       3877.82
      ],
      [
       -2656.19,
       3879.94
      ],
      [
       -2655.97,
       3882.15
      ],
      [
       -2656.19,
       3884.35
      ],
      [
       -2656.83,
       3886.47
      ],
      [
       -2657.87,
       3888.43
      ],
      [
       -2659.28,
       3890.14
      ],
      [
       -2660.99,
       3891.54
      ],
      [
       -2662.94,
       3892.59
      ],
      [
       -2665.06,
       3893.23
      ],
      [
       -2667.27,
       3893.45
      ],
      [
       -2669.47,
       3893.23
      ],
      [
       -2671.59,
       3892.59
      ],
      [
       -2673.55,
       3891.54
      ],
      [
       -2675.26,
       3890.14
      ],
      [
       -2676.66,
       3888.43
      ],
      [
       -2677.71,
       3886.47
      ],
      [
       -2678.35,
       3884.35
      ],
      [
       -2678.57,
       3882.15
      ]
     ]
    ]
   }
  },
  {
   "type": "Feature",
   "properties": {
    "name": "Allied Crystal Office",
    "height_top_m": 38.5,
    "z_base_m": 21.7,
    "color": "#aa00ff",
    "note": "OFFICE-PC4 2026-09-28: rectangle reconstruit sur les 4 coins du toit (z 38.5) transferes a Postcard V4 (exacts a la hauteur du toit), murs verticaux; 15.2 x 11.1 m (le transfert sommet par sommet V3->V4 avait tordu la forme) | POSTCARD-V4 2026-09-28: transfere de la pose Postcard V3 a la V4 (chaque ",
    "kind": "building",
    "v16_polygon_id": null,
    "footprint_source": "mesh_base",
    "footprint_area_m2": 169.0
   },
   "geometry": {
    "type": "Polygon",
    "coordinates": [
     [
      [
       -2793.7,
       3946.71
      ],
      [
       -2789.37,
       3936.49
      ],
      [
       -2775.35,
       3942.42
      ],
      [
       -2779.68,
       3952.64
      ],
      [
       -2793.7,
       3946.71
      ]
     ]
    ]
   }
  },
  {
   "type": "Feature",
   "properties": {
    "name": "Allied Crystal Office (Wing)",
    "height_top_m": 36.4,
    "z_base_m": 23.1,
    "color": "#aa00ff",
    "note": "WING-PC4 2026-09-28: prisme reconstruit sur le contour du toit (z 36.4) transfere a Postcard V4, rectangle symetrique a coins arrondis (r 5), 85.7 x 25.7 m, 3 etages (le transfert sommet par sommet V3->V4 avait tordu la forme) | POSTCARD-V4 2026-09-28: transfere de la pose Postcard V3 a la V4 (chaqu",
    "kind": "building",
    "v16_polygon_id": null,
    "footprint_source": "mesh_base",
    "footprint_area_m2": 2178.0
   },
   "geometry": {
    "type": "Polygon",
    "coordinates": [
     [
      [
       -2830.65,
       4016.03
      ],
      [
       -2830.18,
       4014.13
      ],
      [
       -2808.56,
       3968.31
      ],
      [
       -2797.89,
       3945.7
      ],
      [
       -2796.73,
       3944.14
      ],
      [
       -2795.06,
       3943.13
      ],
      [
       -2793.13,
       3942.84
      ],
      [
       -2791.23,
       3943.31
      ],
      [
       -2777.04,
       3950.01
      ],
      [
       -2775.47,
       3951.18
      ],
      [
       -2774.46,
       3952.85
      ],
      [
       -2774.17,
       3954.78
      ],
      [
       -2774.65,
       3956.67
      ],
      [
       -2776.78,
       3961.19
      ],
      [
       -2802.38,
       4015.45
      ],
      [
       -2806.94,
       4025.1
      ],
      [
       -2808.1,
       4026.67
      ],
      [
       -2809.77,
       4027.67
      ],
      [
       -2811.7,
       4027.96
      ],
      [
       -2813.59,
       4027.49
      ],
      [
       -2827.79,
       4020.79
      ],
      [
       -2829.36,
       4019.63
      ],
      [
       -2830.36,
       4017.96
      ],
      [
       -2830.65,
       4016.03
      ]
     ]
    ]
   }
  },
  {
   "type": "Feature",
   "properties": {
    "name": "Refinery Warehouse 1331 (Ambrosia)",
    "height_top_m": 27.6,
    "z_base_m": 18.6,
    "color": "#43a047",
    "note": "RAFFINERIE ALLIED CRYSTAL (Ambrosia) V3 2026-09-26 \u2014 positions par les CAMERAS (Postcard re-posee sur les routes de la leak map + Panorama VERIFIED); la V16 ne sert qu a la FORME: Yanis a dessine les batiments de cette zone a l oeil (la leak map n a que les routes ici). entrepot/atelier: forme V16 1",
    "kind": "building",
    "v16_polygon_id": 1331,
    "footprint_source": "v16",
    "footprint_area_m2": 1972.0
   },
   "geometry": {
    "type": "Polygon",
    "coordinates": [
     [
      [
       -3013.3,
       3803.11
      ],
      [
       -2999.7,
       3798.79
      ],
      [
       -2986.1,
       3794.47
      ],
      [
       -3006.7,
       3728.37
      ],
      [
       -3020.3,
       3732.68
      ],
      [
       -3033.8,
       3737.0
      ],
      [
       -3013.3,
       3803.11
      ]
     ]
    ]
   }
  },
  {
   "type": "Feature",
   "properties": {
    "name": "Refinery Warehouse 1332 (Ambrosia)",
    "height_top_m": 26.5,
    "z_base_m": 17.5,
    "color": "#43a047",
    "note": "RAFFINERIE ALLIED CRYSTAL (Ambrosia) V3 2026-09-26 \u2014 positions par les CAMERAS (Postcard re-posee sur les routes de la leak map + Panorama VERIFIED); la V16 ne sert qu a la FORME: Yanis a dessine les batiments de cette zone a l oeil (la leak map n a que les routes ici). entrepot/atelier: forme V16 1",
    "kind": "building",
    "v16_polygon_id": null,
    "footprint_source": "mesh_base",
    "footprint_area_m2": 1525.0
   },
   "geometry": {
    "type": "Polygon",
    "coordinates": [
     [
      [
       -2943.16,
       3651.86
      ],
      [
       -2986.36,
       3678.36
      ],
      [
       -2994.26,
       3665.54
      ],
      [
       -3002.06,
       3652.71
      ],
      [
       -2958.86,
       3626.22
      ],
      [
       -2943.16,
       3651.86
      ]
     ]
    ]
   }
  },
  {
   "type": "Feature",
   "properties": {
    "name": "Refinery Warehouse 1333 (Ambrosia)",
    "height_top_m": 25.6,
    "z_base_m": 16.6,
    "color": "#43a047",
    "note": "RAFFINERIE ALLIED CRYSTAL (Ambrosia) V3 2026-09-26 \u2014 positions par les CAMERAS (Postcard re-posee sur les routes de la leak map + Panorama VERIFIED); la V16 ne sert qu a la FORME: Yanis a dessine les batiments de cette zone a l oeil (la leak map n a que les routes ici). entrepot/atelier: forme V16 1",
    "kind": "building",
    "v16_polygon_id": 1409,
    "footprint_source": "v16",
    "footprint_area_m2": 3383.0
   },
   "geometry": {
    "type": "Polygon",
    "coordinates": [
     [
      [
       -3017.3,
       3625.89
      ],
      [
       -2936.73,
       3580.94
      ],
      [
       -2954.59,
       3548.92
      ],
      [
       -3035.16,
       3593.87
      ],
      [
       -3017.3,
       3625.89
      ]
     ]
    ]
   }
  },
  {
   "type": "Feature",
   "properties": {
    "name": "Refinery Warehouse 1335 (Ambrosia)",
    "height_top_m": 26.9,
    "z_base_m": 17.9,
    "color": "#43a047",
    "note": "RAFFINERIE ALLIED CRYSTAL (Ambrosia) V3 2026-09-26 \u2014 positions par les CAMERAS (Postcard re-posee sur les routes de la leak map + Panorama VERIFIED); la V16 ne sert qu a la FORME: Yanis a dessine les batiments de cette zone a l oeil (la leak map n a que les routes ici). entrepot/atelier: forme V16 1",
    "kind": "building",
    "v16_polygon_id": null,
    "footprint_source": "mesh_base",
    "footprint_area_m2": 523.0
   },
   "geometry": {
    "type": "Polygon",
    "coordinates": [
     [
      [
       -2891.94,
       3701.08
      ],
      [
       -2929.84,
       3711.54
      ],
      [
       -2931.64,
       3705.13
      ],
      [
       -2933.34,
       3698.72
      ],
      [
       -2895.54,
       3688.26
      ],
      [
       -2891.94,
       3701.08
      ]
     ]
    ]
   }
  },
  {
   "type": "Feature",
   "properties": {
    "name": "Refinery Warehouse 1409 (Ambrosia)",
    "height_top_m": 26.2,
    "z_base_m": 17.2,
    "color": "#43a047",
    "note": "RAFFINERIE ALLIED CRYSTAL (Ambrosia) V3 2026-09-26 \u2014 positions par les CAMERAS (Postcard re-posee sur les routes de la leak map + Panorama VERIFIED); la V16 ne sert qu a la FORME: Yanis a dessine les batiments de cette zone a l oeil (la leak map n a que les routes ici). entrepot/atelier: forme V16 1",
    "kind": "building",
    "v16_polygon_id": 1332,
    "footprint_source": "v16",
    "footprint_area_m2": 1524.0
   },
   "geometry": {
    "type": "Polygon",
    "coordinates": [
     [
      [
       -2986.5,
       3652.67
      ],
      [
       -2943.3,
       3626.17
      ],
      [
       -2951.2,
       3613.35
      ],
      [
       -2959.0,
       3600.53
      ],
      [
       -3002.2,
       3627.02
      ],
      [
       -2994.4,
       3639.85
      ],
      [
       -2986.5,
       3652.67
      ]
     ]
    ]
   }
  },
  {
   "type": "Feature",
   "properties": {
    "name": "Refinery Warehouse 1411 (Ambrosia)",
    "height_top_m": 29.8,
    "z_base_m": 20.8,
    "color": "#43a047",
    "note": "RAFFINERIE ALLIED CRYSTAL (Ambrosia) V3 2026-09-26 \u2014 positions par les CAMERAS (Postcard re-posee sur les routes de la leak map + Panorama VERIFIED); la V16 ne sert qu a la FORME: Yanis a dessine les batiments de cette zone a l oeil (la leak map n a que les routes ici). entrepot/atelier: forme V16 1",
    "kind": "building",
    "v16_polygon_id": 1411,
    "footprint_source": "v16",
    "footprint_area_m2": 374.0
   },
   "geometry": {
    "type": "Polygon",
    "coordinates": [
     [
      [
       -2925.6,
       3829.57
      ],
      [
       -2912.5,
       3804.2
      ],
      [
       -2918.6,
       3801.45
      ],
      [
       -2924.7,
       3798.69
      ],
      [
       -2937.3,
       3824.08
      ],
      [
       -2931.1,
       3827.0
      ],
      [
       -2925.6,
       3829.57
      ]
     ]
    ]
   }
  },
  {
   "type": "Feature",
   "properties": {
    "name": "Refinery Warehouse 1341 (Ambrosia)",
    "height_top_m": 26.9,
    "z_base_m": 17.9,
    "color": "#43a047",
    "note": "RAFFINERIE ALLIED CRYSTAL (Ambrosia) V3 2026-09-26 \u2014 positions par les CAMERAS (Postcard re-posee sur les routes de la leak map + Panorama VERIFIED); la V16 ne sert qu a la FORME: Yanis a dessine les batiments de cette zone a l oeil (la leak map n a que les routes ici). entrepot/atelier: forme V16 1",
    "kind": "building",
    "v16_polygon_id": 1339,
    "footprint_source": "v16",
    "footprint_area_m2": 239.0
   },
   "geometry": {
    "type": "Polygon",
    "coordinates": [
     [
      [
       -2916.3,
       3630.47
      ],
      [
       -2927.6,
       3599.07
      ],
      [
       -2920.6,
       3596.57
      ],
      [
       -2911.8,
       3622.33
      ],
      [
       -2909.7,
       3628.08
      ],
      [
       -2916.3,
       3630.47
      ]
     ]
    ]
   }
  },
  {
   "type": "Feature",
   "properties": {
    "name": "Refinery Warehouse 1334 (Ambrosia)",
    "height_top_m": 25.9,
    "z_base_m": 16.9,
    "color": "#43a047",
    "note": "RAFFINERIE ALLIED CRYSTAL (Ambrosia) V3 2026-09-26 \u2014 positions par les CAMERAS (Postcard re-posee sur les routes de la leak map + Panorama VERIFIED); la V16 ne sert qu a la FORME: Yanis a dessine les batiments de cette zone a l oeil (la leak map n a que les routes ici). entrepot/atelier: forme V16 1",
    "kind": "building",
    "v16_polygon_id": null,
    "footprint_source": "mesh_base",
    "footprint_area_m2": 426.0
   },
   "geometry": {
    "type": "Polygon",
    "coordinates": [
     [
      [
       -2986.46,
       3574.27
      ],
      [
       -2970.65,
       3562.49
      ],
      [
       -2957.75,
       3579.81
      ],
      [
       -2973.56,
       3591.59
      ],
      [
       -2986.46,
       3574.27
      ]
     ]
    ]
   }
  },
  {
   "type": "Feature",
   "properties": {
    "name": "Refinery Warehouse 1404 (Ambrosia)",
    "height_top_m": 25.1,
    "z_base_m": 16.1,
    "color": "#43a047",
    "note": "RAFFINERIE ALLIED CRYSTAL (Ambrosia) V3 2026-09-26 \u2014 positions par les CAMERAS (Postcard re-posee sur les routes de la leak map + Panorama VERIFIED); la V16 ne sert qu a la FORME: Yanis a dessine les batiments de cette zone a l oeil (la leak map n a que les routes ici). entrepot/atelier: forme V16 1",
    "kind": "building",
    "v16_polygon_id": null,
    "footprint_source": "mesh_base",
    "footprint_area_m2": 253.0
   },
   "geometry": {
    "type": "Polygon",
    "coordinates": [
     [
      [
       -2989.63,
       3541.58
      ],
      [
       -2999.37,
       3518.98
      ],
      [
       -2989.76,
       3515.26
      ],
      [
       -2980.02,
       3537.86
      ],
      [
       -2989.63,
       3541.58
      ]
     ]
    ]
   }
  },
  {
   "type": "Feature",
   "properties": {
    "name": "Refinery Conveyors (Ambrosia)",
    "height_top_m": 30.1,
    "z_base_m": 16.9,
    "color": "#26c6da",
    "note": "RAFFINERIE ALLIED CRYSTAL (Ambrosia) V4 2026-09-26 \u2014 galeries de convoyeurs: lignes V16 1419 a leur position V16 (comme l entrepot 1410), +7/+10 m",
    "kind": "building",
    "v16_polygon_id": null,
    "footprint_source": "mesh_base",
    "footprint_area_m2": 7487.0
   },
   "geometry": {
    "type": "Polygon",
    "coordinates": [
     [
      [
       -2838.0,
       3775.88
      ],
      [
       -2841.0,
       3775.93
      ],
      [
       -2918.68,
       3698.25
      ],
      [
       -2919.29,
       3695.31
      ],
      [
       -2872.44,
       3594.68
      ],
      [
       -2869.57,
       3593.83
      ],
      [
       -2859.36,
       3628.35
      ],
      [
       -2849.16,
       3662.87
      ],
      [
       -2848.23,
       3668.15
      ],
      [
       -2842.02,
       3703.61
      ],
      [
       -2838.92,
       3721.34
      ],
      [
       -2838.9,
       3721.89
      ],
      [
       -2838.6,
       3739.88
      ],
      [
       -2838.0,
       3775.88
      ]
     ]
    ]
   }
  },
  {
   "type": "Feature",
   "properties": {
    "name": "Allied Crystal Tank (ALLIED lettering)",
    "height_top_m": 49.8,
    "z_base_m": 21.2,
    "color": "#ffb300",
    "note": "RAFFINERIE ALLIED CRYSTAL (Ambrosia) 2026-09-28: grand reservoir peint (fresque drapeau, lettres ALLIED/CRYSTAL CO.) - POSITION par intersection: direction depuis la voiture a 16 s dans taser.mp4 (position et cap par la minimap calee sur la 35) x rayon central de Panorama (VERIFIED); (-2669,3775) +-",
    "kind": "building",
    "v16_polygon_id": null,
    "footprint_source": "mesh_base",
    "footprint_area_m2": 1071.0
   },
   "geometry": {
    "type": "Polygon",
    "coordinates": [
     [
      [
       -2687.51,
       3775.0
      ],
      [
       -2687.23,
       3771.79
      ],
      [
       -2686.4,
       3768.67
      ],
      [
       -2685.03,
       3765.74
      ],
      [
       -2683.18,
       3763.1
      ],
      [
       -2680.9,
       3760.82
      ],
      [
       -2678.26,
       3758.97
      ],
      [
       -2675.33,
       3757.6
      ],
      [
       -2672.21,
       3756.77
      ],
      [
       -2669.0,
       3756.49
      ],
      [
       -2665.79,
       3756.77
      ],
      [
       -2662.67,
       3757.6
      ],
      [
       -2659.74,
       3758.97
      ],
      [
       -2657.1,
       3760.82
      ],
      [
       -2654.82,
       3763.1
      ],
      [
       -2652.97,
       3765.74
      ],
      [
       -2651.6,
       3768.67
      ],
      [
       -2650.77,
       3771.79
      ],
      [
       -2650.49,
       3775.0
      ],
      [
       -2650.77,
       3778.21
      ],
      [
       -2651.6,
       3781.33
      ],
      [
       -2652.97,
       3784.26
      ],
      [
       -2654.82,
       3786.9
      ],
      [
       -2657.1,
       3789.18
      ],
      [
       -2659.74,
       3791.03
      ],
      [
       -2662.67,
       3792.4
      ],
      [
       -2665.79,
       3793.23
      ],
      [
       -2669.0,
       3793.51
      ],
      [
       -2672.21,
       3793.23
      ],
      [
       -2675.33,
       3792.4
      ],
      [
       -2678.26,
       3791.03
      ],
      [
       -2680.9,
       3789.18
      ],
      [
       -2683.18,
       3786.9
      ],
      [
       -2685.03,
       3784.26
      ],
      [
       -2686.4,
       3781.33
      ],
      [
       -2687.23,
       3778.21
      ],
      [
       -2687.51,
       3775.0
      ]
     ]
    ]
   }
  },
  {
   "type": "Feature",
   "properties": {
    "name": "Radio Tower (Ambrosia)",
    "height_top_m": 119.8,
    "z_base_m": 19.2,
    "color": "#f87171",
    "note": "FIRES-V3 2026-09-28: tour treillis carree; sommet (-2069.3, 3331.7, 116.8) triangule Throwing x Fires V3, base au sol heightmap 19.3; largeurs mesurees dans Fires a 371 m (10 m a la base -> 4.3 m au-dessus de la plateforme d antennes z 92, ~9.2 m), paraboles 98-111 m; orientation de la section incon",
    "kind": "building",
    "v16_polygon_id": null,
    "footprint_source": "mesh_base",
    "footprint_area_m2": 100.0
   },
   "geometry": {
    "type": "Polygon",
    "coordinates": [
     [
      [
       -2074.32,
       3326.7
      ],
      [
       -2064.32,
       3326.7
      ],
      [
       -2064.32,
       3336.7
      ],
      [
       -2074.32,
       3336.7
      ],
      [
       -2074.32,
       3326.7
      ]
     ]
    ]
   }
  },
  {
   "type": "Feature",
   "properties": {
    "name": "Very Tall Water Tower",
    "height_top_m": 90.3,
    "z_base_m": 23.7,
    "color": "#4373a2",
    "note": "FIRES-V3 2026-09-28: sommet (-3001.7, 4260.6, 90.3) triangule Panorama x Throwing (parallaxe 14 deg -> profondeur +/- ~20-30 m); cuve ~12.9 m x 11 m et pieds (~20 m au sol, ~10 m sous la cuve) mesures dans Throwing a 974 m; sol heightmap 23.7",
    "kind": "building",
    "v16_polygon_id": null,
    "footprint_source": "mesh_base",
    "footprint_area_m2": 392.0
   },
   "geometry": {
    "type": "Polygon",
    "coordinates": [
     [
      [
       -3011.62,
       4250.71
      ],
      [
       -2991.82,
       4250.71
      ],
      [
       -2991.82,
       4270.51
      ],
      [
       -3011.62,
       4270.51
      ],
      [
       -3011.62,
       4250.71
      ]
     ]
    ]
   }
  },
  {
   "type": "Feature",
   "properties": {
    "name": "US Sugar Mill (Factory) (North Wing)",
    "height_top_m": 65.7,
    "z_base_m": 16.1,
    "color": "#ff8a65",
    "note": "USM-ORIENT 2026-09-28: aile nord basse = 3 blocs sous une poutre (sommet ~65.7 m) vus dans Fires (clics P1-P3); P2 (-2996.4, 3465.7) et P3 (-2995.4, 3475.1) re-triangules Fires x Postcard lointain; P1 extrapole a l espacement (~9.5 m); largeur E-O supposee (8 m)",
    "kind": "building",
    "v16_polygon_id": null,
    "footprint_source": "mesh_base",
    "footprint_area_m2": 211.0
   },
   "geometry": {
    "type": "Polygon",
    "coordinates": [
     [
      [
       -3000.0,
       3452.5
      ],
      [
       -2992.0,
       3452.5
      ],
      [
       -2992.0,
       3478.9
      ],
      [
       -3000.0,
       3478.9
      ],
      [
       -3000.0,
       3452.5
      ]
     ]
    ]
   }
  },
  {
   "type": "Feature",
   "properties": {
    "name": "The Crimson",
    "height_top_m": 92.0,
    "z_base_m": 3.4,
    "color": "#fb7185",
    "note": "CRIMSON 2026-09-29: plan = empreinte V16 2729 extrudee, sol 3.4 -> toit 92 m lu dans Vice City Postcard, Vice City 03 et Water Tower [Gameinformer] (poses validees); le LM The Crimson (CC) z 117.6 = sommet de la grue de chantier au-dessus du toit (VC03), pas le toit",
    "kind": "building",
    "v16_polygon_id": 2729,
    "footprint_source": "v16",
    "footprint_area_m2": 2508.0
   },
   "geometry": {
    "type": "Polygon",
    "coordinates": [
     [
      [
       -524.2,
       1246.47
      ],
      [
       -473.9,
       1297.33
      ],
      [
       -472.8,
       1296.22
      ],
      [
       -461.8,
       1307.46
      ],
      [
       -443.7,
       1289.63
      ],
      [
       -455.0,
       1278.19
      ],
      [
       -454.2,
       1277.35
      ],
      [
       -504.4,
       1226.56
      ],
      [
       -505.5,
       1227.65
      ],
      [
       -507.8,
       1224.72
      ],
      [
       -526.2,
       1242.82
      ],
      [
       -523.4,
       1245.69
      ],
      [
       -524.2,
       1246.47
      ]
     ]
    ]
   }
  },
  {
   "type": "Feature",
   "properties": {
    "name": "Lake Surprise Viaduct",
    "height_top_m": 26.2,
    "z_base_m": -0.5,
    "color": "#94a3b8",
    "note": "KEYS-BRIDGES-V1 2026-09-30 (demande Alexandre: meshes des ponts des Keys; pont de Thunderstorm [Gameinformer]): axe = droite des piles 2B..20B (tooltip-ligne Alexandre), chaussees V16 (deux tabliers -14.5..-2.2 / -0.8..12.5 m), culees s -252 / 432 (rives V16). Profil du dessous du tablier MESURE dan",
    "kind": "bridge",
    "width_m": 27.0,
    "footprint_source": "mesh_axis"
   },
   "geometry": {
    "type": "LineString",
    "coordinates": [
     [
      -2121.28,
      -5107.5
     ],
     [
      -2149.31,
      -5046.94
     ],
     [
      -2177.34,
      -4986.39
     ],
     [
      -2205.37,
      -4925.84
     ],
     [
      -2233.4,
      -4865.28
     ],
     [
      -2261.43,
      -4804.73
     ],
     [
      -2289.46,
      -4744.17
     ],
     [
      -2317.49,
      -4683.62
     ],
     [
      -2345.52,
      -4623.06
     ],
     [
      -2373.55,
      -4562.51
     ],
     [
      -2401.58,
      -4501.95
     ],
     [
      -2429.61,
      -4441.4
     ]
    ]
   }
  },
  {
   "type": "Feature",
   "properties": {
    "name": "New Bahia Honda Bridge",
    "height_top_m": 13.0,
    "z_base_m": -0.5,
    "color": "#a8a29e",
    "note": "KEYS-BRIDGES-V1 2026-09-30: axe V16 trace sur la raster (26 sommets, E->O), tablier unique 31 m (bords V16 +-15.5), culees aux rives V16 (s 330 / 1335). Piles = pieds cliques dans Keys (pose KEYS-REPOSE-V2) projetes a z=0 (ecart lateral a la chaussee V16 0.8 m, pas 25.8 m) + 3 piles cachees par l av",
    "kind": "bridge",
    "width_m": 47.6,
    "footprint_source": "mesh_axis"
   },
   "geometry": {
    "type": "LineString",
    "coordinates": [
     [
      -5105.06,
      -7161.4
     ],
     [
      -5190.84,
      -7131.54
     ],
     [
      -5277.08,
      -7103.21
     ],
     [
      -5363.47,
      -7075.36
     ],
     [
      -5449.64,
      -7046.82
     ],
     [
      -5535.94,
      -7018.68
     ],
     [
      -5622.06,
      -6989.95
     ],
     [
      -5708.17,
      -6961.16
     ],
     [
      -5794.67,
      -6933.69
     ],
     [
      -5882.74,
      -6911.34
     ],
     [
      -5973.36,
      -6897.3
     ],
     [
      -6063.91,
      -6883.01
     ]
    ]
   }
  },
  {
   "type": "Feature",
   "properties": {
    "name": "Old Bahia Honda Bridge",
    "height_top_m": 20.3,
    "z_base_m": 0.0,
    "color": "#78716c",
    "note": "KEYS-BRIDGES-V1 2026-09-30: ancien pont (voie ferree Flagler reconvertie): axe = troncon ouest de la ligne V16 (trace raster, rectiligne a 5 m) decale sur le centre des piles (2 m au sud a l est -> 9 m a l ouest, dans la bande V16 +-9.5), 21 piles aux pieds cliques dans Keys (KEYS-REPOSE-V2) projete",
    "kind": "bridge",
    "width_m": 12.0,
    "footprint_source": "mesh_axis"
   },
   "geometry": {
    "type": "LineString",
    "coordinates": [
     [
      -5497.32,
      -7241.92
     ],
     [
      -5548.99,
      -7218.29
     ],
     [
      -5600.66,
      -7194.66
     ],
     [
      -5652.34,
      -7171.03
     ],
     [
      -5704.01,
      -7147.41
     ],
     [
      -5755.68,
      -7123.78
     ],
     [
      -5807.35,
      -7100.15
     ],
     [
      -5859.03,
      -7076.53
     ],
     [
      -5910.7,
      -7052.9
     ],
     [
      -5962.37,
      -7029.27
     ],
     [
      -6014.05,
      -7005.64
     ],
     [
      -6065.72,
      -6982.02
     ]
    ]
   }
  },
  {
   "type": "Feature",
   "properties": {
    "name": "Seven Mile Bridge",
    "height_top_m": 21.7,
    "z_base_m": -0.5,
    "color": "#cbd5e1",
    "note": "KEYS-BRIDGES-V1 2026-09-30: axe = droite des 21 piles (xB) (triangulees Airplane + Keys) decalee au centre de la chaussee V16 (-5 m; tablier +-9.5 m = bande V16), culees s -335 / 395 (rives V16 -310 / 295 + rampes). Dessous du tablier lu dans Leonida Keys 01 (Airplane) (X) a la verticale des piles (",
    "kind": "bridge",
    "width_m": 19.0,
    "footprint_source": "mesh_axis"
   },
   "geometry": {
    "type": "LineString",
    "coordinates": [
     [
      -3446.39,
      -6806.17
     ],
     [
      -3507.3,
      -6842.48
     ],
     [
      -3568.21,
      -6878.79
     ],
     [
      -3629.12,
      -6915.1
     ],
     [
      -3690.02,
      -6951.41
     ],
     [
      -3750.93,
      -6987.72
     ],
     [
      -3811.84,
      -7024.03
     ],
     [
      -3872.75,
      -7060.34
     ],
     [
      -3933.65,
      -7096.65
     ],
     [
      -3994.56,
      -7132.96
     ],
     [
      -4055.47,
      -7169.27
     ],
     [
      -4116.37,
      -7205.58
     ]
    ]
   }
  },
  {
   "type": "Feature",
   "properties": {
    "name": "Old Seven Mile Bridge",
    "height_top_m": 6.5,
    "z_base_m": 0.0,
    "color": "#d6d3d1",
    "note": "KEYS-BRIDGES-V1 2026-09-30: ancien Seven Mile (viaduc a arches) = segments V16 au-dessus de l eau (w +27..29 par rapport a la ligne des piles du nouveau pont): s -310..-104, -74..42, 70..295; dalle 6.4 m; hauteur 6.0 m et portee 10 m lues dans Leonida Keys 01 (Airplane) (X).",
    "kind": "bridge",
    "width_m": 8.1,
    "footprint_source": "mesh_axis"
   },
   "geometry": {
    "type": "LineString",
    "coordinates": [
     [
      -3471.89,
      -6861.04
     ],
     [
      -3519.17,
      -6889.14
     ],
     [
      -3566.42,
      -6917.3
     ],
     [
      -3613.66,
      -6945.47
     ],
     [
      -3660.86,
      -6973.72
     ],
     [
      -3708.05,
      -7001.97
     ],
     [
      -3755.3,
      -7030.12
     ],
     [
      -3803.58,
      -7056.54
     ],
     [
      -3850.85,
      -7084.66
     ],
     [
      -3898.09,
      -7112.83
     ],
     [
      -3945.34,
      -7140.99
     ],
     [
      -3992.62,
      -7169.1
     ]
    ]
   }
  },
  {
   "type": "Feature",
   "properties": {
    "name": "Turkey Point Nuclear Power Station (Containments)",
    "height_top_m": 62.0,
    "z_base_m": 6.7,
    "color": "#e5e7eb",
    "note": "VALIDE Alexandre 2026-09-30 (decalage V16 correct) | TURKEY-POINT-V2 2026-09-30 (Alexandre: V1 trop simple): formes V16 translatees de (-4.9, -16.4) m (5 reperes triangules 3-4 cams). Enceintes = cylindre jusqu a l epaule 54 m + dome surbaisse jusqu aux sommets triangules (Grassrivers 02), event 62 ",
    "kind": "building",
    "v16_polygon_id": null,
    "footprint_source": "mesh_base",
    "footprint_area_m2": 3670.0
   },
   "geometry": {
    "type": "Polygon",
    "coordinates": [
     [
      [
       -1545.97,
       -3544.18
      ],
      [
       -1547.1,
       -3478.38
      ],
      [
       -1547.58,
       -3474.12
      ],
      [
       -1548.99,
       -3470.08
      ],
      [
       -1551.27,
       -3466.45
      ],
      [
       -1554.3,
       -3463.42
      ],
      [
       -1557.93,
       -3461.14
      ],
      [
       -1561.97,
       -3459.73
      ],
      [
       -1566.22,
       -3459.25
      ],
      [
       -1570.48,
       -3459.73
      ],
      [
       -1574.52,
       -3461.14
      ],
      [
       -1578.15,
       -3463.42
      ],
      [
       -1581.18,
       -3466.45
      ],
      [
       -1583.46,
       -3470.08
      ],
      [
       -1584.87,
       -3474.12
      ],
      [
       -1585.35,
       -3478.38
      ],
      [
       -1584.43,
       -3544.18
      ],
      [
       -1583.95,
       -3548.45
      ],
      [
       -1582.53,
       -3552.52
      ],
      [
       -1580.24,
       -3556.17
      ],
      [
       -1577.19,
       -3559.21
      ],
      [
       -1573.54,
       -3561.5
      ],
      [
       -1569.48,
       -3562.92
      ],
      [
       -1565.2,
       -3563.41
      ],
      [
       -1560.92,
       -3562.92
      ],
      [
       -1556.86,
       -3561.5
      ],
      [
       -1553.21,
       -3559.21
      ],
      [
       -1550.16,
       -3556.17
      ],
      [
       -1547.87,
       -3552.52
      ],
      [
       -1546.45,
       -3548.45
      ],
      [
       -1545.97,
       -3544.18
      ]
     ]
    ]
   }
  },
  {
   "type": "Feature",
   "properties": {
    "name": "Turkey Point Nuclear Power Station (Turbine Hall)",
    "height_top_m": 34.0,
    "z_base_m": 6.7,
    "color": "#9ca3af",
    "note": "VALIDE Alexandre 2026-09-30 (decalage V16 correct) | TURKEY-POINT-V2 2026-09-30 (Alexandre: V1 trop simple): formes V16 translatees de (-4.9, -16.4) m (5 reperes triangules 3-4 cams). Enceintes = cylindre jusqu a l epaule 54 m + dome surbaisse jusqu aux sommets triangules (Grassrivers 02), event 62 ",
    "kind": "building",
    "v16_polygon_id": null,
    "footprint_source": "mesh_base",
    "footprint_area_m2": 11190.0
   },
   "geometry": {
    "type": "Polygon",
    "coordinates": [
     [
      [
       -1626.6,
       -3460.3
      ],
      [
       -1680.8,
       -3536.4
      ],
      [
       -1680.8,
       -3575.5
      ],
      [
       -1587.5,
       -3608.4
      ],
      [
       -1566.4,
       -3608.4
      ],
      [
       -1566.4,
       -3586.7
      ],
      [
       -1600.5,
       -3460.3
      ],
      [
       -1626.6,
       -3460.3
      ]
     ]
    ]
   }
  },
  {
   "type": "Feature",
   "properties": {
    "name": "Turkey Point Nuclear Power Station (Fossil Units)",
    "height_top_m": 82.2,
    "z_base_m": 7.2,
    "color": "#f87171",
    "note": "VALIDE Alexandre 2026-09-30 (decalage V16 correct) | TURKEY-POINT-V2 2026-09-30 (Alexandre: V1 trop simple): formes V16 translatees de (-4.9, -16.4) m (5 reperes triangules 3-4 cams). Enceintes = cylindre jusqu a l epaule 54 m + dome surbaisse jusqu aux sommets triangules (Grassrivers 02), event 62 ",
    "kind": "building",
    "v16_polygon_id": null,
    "footprint_source": "mesh_base",
    "footprint_area_m2": 10120.0
   },
   "geometry": {
    "type": "Polygon",
    "coordinates": [
     [
      [
       -1454.6,
       -3802.9
      ],
      [
       -1454.6,
       -3712.6
      ],
      [
       -1484.55,
       -3692.49
      ],
      [
       -1486.3,
       -3691.81
      ],
      [
       -1501.2,
       -3688.5
      ],
      [
       -1549.4,
       -3688.5
      ],
      [
       -1552.3,
       -3771.4
      ],
      [
       -1552.3,
       -3790.7
      ],
      [
       -1472.8,
       -3802.9
      ],
      [
       -1454.6,
       -3802.9
      ]
     ]
    ]
   }
  },
  {
   "type": "Feature",
   "properties": {
    "name": "Nautilus Causeway Bridge (W)",
    "height_top_m": 19.0,
    "z_base_m": -0.5,
    "color": "#cbd5e1",
    "note": "VC-BRIDGES-V1 2026-09-30: plan V16 (troncon de chaussee au-dessus de l eau, axe polyligne, largeur 20 m, longueur 470 m); haut du tablier ESTIME d apres le pont IRL 18 m au milieu, 1.5 m aux culees (profil parabolique).",
    "kind": "bridge",
    "width_m": 22.6,
    "footprint_source": "mesh_axis"
   },
   "geometry": {
    "type": "LineString",
    "coordinates": [
     [
      197.28,
      1973.31
     ],
     [
      239.81,
      1972.06
     ],
     [
      282.23,
      1976.71
     ],
     [
      324.83,
      1972.09
     ],
     [
      367.33,
      1973.09
     ],
     [
      409.81,
      1974.66
     ],
     [
      452.39,
      1970.94
     ],
     [
      494.77,
      1977.82
     ],
     [
      537.37,
      1973.4
     ],
     [
      579.77,
      1978.77
     ],
     [
      622.2,
      1983.04
     ],
     [
      664.84,
      1976.8
     ]
    ]
   }
  },
  {
   "type": "Feature",
   "properties": {
    "name": "Leaf Links Bridge (E)",
    "height_top_m": 6.0,
    "z_base_m": -0.5,
    "color": "#cbd5e1",
    "note": "VC-BRIDGES-V1 2026-09-30: plan V16 (troncon de chaussee au-dessus de l eau, axe polyligne, largeur 22 m, longueur 339 m); haut du tablier ESTIME d apres le pont IRL 5 m au milieu, 1.5 m aux culees (profil parabolique).",
    "kind": "bridge",
    "width_m": 26.6,
    "footprint_source": "mesh_axis"
   },
   "geometry": {
    "type": "LineString",
    "coordinates": [
     [
      1038.1,
      2802.48
     ],
     [
      1056.99,
      2778.25
     ],
     [
      1075.52,
      2753.72
     ],
     [
      1090.41,
      2726.04
     ],
     [
      1110.06,
      2702.47
     ],
     [
      1134.21,
      2682.78
     ],
     [
      1154.28,
      2659.58
     ],
     [
      1179.17,
      2640.54
     ],
     [
      1195.21,
      2613.85
     ],
     [
      1216.29,
      2591.52
     ],
     [
      1237.52,
      2569.32
     ],
     [
      1258.64,
      2547.02
     ]
    ]
   }
  },
  {
   "type": "Feature",
   "properties": {
    "name": "I-397 Catalan Bay Bridge",
    "height_top_m": 21.6,
    "z_base_m": -0.5,
    "color": "#cbd5e1",
    "note": "VC-BRIDGES-V1 2026-09-30: plan V16 (troncon de chaussee au-dessus de l eau, axe polyligne, largeur 24 m, longueur 292 m); haut du tablier repris du pont I-404 mesure 21 m constant (viaduc autoroutier).",
    "kind": "bridge",
    "width_m": 25.8,
    "footprint_source": "mesh_axis"
   },
   "geometry": {
    "type": "LineString",
    "coordinates": [
     [
      879.52,
      -1098.21
     ],
     [
      872.23,
      -1073.18
     ],
     [
      857.82,
      -1050.48
     ],
     [
      856.82,
      -1023.39
     ],
     [
      848.72,
      -998.62
     ],
     [
      840.81,
      -973.79
     ],
     [
      832.75,
      -949.01
     ],
     [
      824.46,
      -924.3
     ],
     [
      816.19,
      -899.59
     ],
     [
      807.61,
      -874.98
     ],
     [
      799.08,
      -850.36
     ],
     [
      790.44,
      -825.77
     ]
    ]
   }
  },
  {
   "type": "Feature",
   "properties": {
    "name": "Leaf Links Bridge (W)",
    "height_top_m": 6.0,
    "z_base_m": -0.5,
    "color": "#cbd5e1",
    "note": "VC-BRIDGES-V1 2026-09-30: plan V16 (troncon de chaussee au-dessus de l eau, axe polyligne, largeur 19 m, longueur 352 m); haut du tablier ESTIME d apres le pont IRL 5 m au milieu, 1.5 m aux culees (profil parabolique).",
    "kind": "bridge",
    "width_m": 22.0,
    "footprint_source": "mesh_axis"
   },
   "geometry": {
    "type": "LineString",
    "coordinates": [
     [
      575.77,
      3050.92
     ],
     [
      545.03,
      3043.83
     ],
     [
      514.25,
      3036.87
     ],
     [
      483.55,
      3029.63
     ],
     [
      452.99,
      3021.86
     ],
     [
      422.42,
      3014.12
     ],
     [
      391.94,
      3006.03
     ],
     [
      361.54,
      2997.66
     ],
     [
      331.25,
      2988.88
     ],
     [
      300.85,
      2980.52
     ],
     [
      270.76,
      2970.99
     ],
     [
      240.53,
      2961.98
     ]
    ]
   }
  },
  {
   "type": "Feature",
   "properties": {
    "name": "I-397 Port Bridge",
    "height_top_m": 21.6,
    "z_base_m": -0.5,
    "color": "#cbd5e1",
    "note": "VC-BRIDGES-V1 2026-09-30: plan V16 (troncon de chaussee au-dessus de l eau, axe polyligne, largeur 23 m, longueur 280 m); haut du tablier repris du pont I-404 mesure 21 m constant (viaduc autoroutier).",
    "kind": "bridge",
    "width_m": 23.7,
    "footprint_source": "mesh_axis"
   },
   "geometry": {
    "type": "LineString",
    "coordinates": [
     [
      -209.93,
      -438.45
     ],
     [
      -185.61,
      -444.66
     ],
     [
      -161.28,
      -450.86
     ],
     [
      -136.95,
      -457.06
     ],
     [
      -112.61,
      -463.19
     ],
     [
      -88.27,
      -469.33
     ],
     [
      -63.92,
      -475.44
     ],
     [
      -39.56,
      -481.5
     ],
     [
      -15.21,
      -487.61
     ],
     [
      9.16,
      -493.61
     ],
     [
      33.53,
      -499.66
     ],
     [
      57.9,
      -505.66
     ]
    ]
   }
  },
  {
   "type": "Feature",
   "properties": {
    "name": "I-404 Causeway Bridge (Watson)",
    "height_top_m": 21.6,
    "z_base_m": -0.5,
    "color": "#cbd5e1",
    "note": "VC-BRIDGES-V1 2026-09-30: plan V16 (troncon de chaussee au-dessus de l eau, axe polyligne, largeur 22 m, longueur 282 m); haut du tablier repris du pont I-404 mesure 21 m constant (viaduc autoroutier).",
    "kind": "bridge",
    "width_m": 26.9,
    "footprint_source": "mesh_axis"
   },
   "geometry": {
    "type": "LineString",
    "coordinates": [
     [
      484.85,
      125.17
     ],
     [
      508.27,
      113.04
     ],
     [
      533.94,
      112.91
     ],
     [
      559.58,
      112.66
     ],
     [
      583.23,
      101.7
     ],
     [
      607.96,
      96.59
     ],
     [
      632.79,
      91.96
     ],
     [
      657.76,
      88.14
     ],
     [
      682.6,
      83.59
     ],
     [
      707.75,
      80.65
     ],
     [
      732.76,
      77.06
     ],
     [
      757.94,
      74.32
     ]
    ]
   }
  },
  {
   "type": "Feature",
   "properties": {
    "name": "I-404 Causeway Bridge (Downtown)",
    "height_top_m": 21.6,
    "z_base_m": -0.5,
    "color": "#cbd5e1",
    "note": "VC-BRIDGES-V1 2026-09-30: plan V16 (troncon de chaussee au-dessus de l eau, axe polyligne, largeur 34 m, longueur 234 m); haut du tablier MESURE 21 m constant (viaduc autoroutier).",
    "kind": "bridge",
    "width_m": 43.6,
    "footprint_source": "mesh_axis"
   },
   "geometry": {
    "type": "LineString",
    "coordinates": [
     [
      -162.68,
      558.38
     ],
     [
      -143.55,
      538.26
     ],
     [
      -122.76,
      533.13
     ],
     [
      -100.12,
      545.01
     ],
     [
      -79.16,
      541.46
     ],
     [
      -58.05,
      539.39
     ],
     [
      -37.03,
      536.4
     ],
     [
      -15.78,
      535.56
     ],
     [
      5.64,
      536.31
     ],
     [
      28.64,
      551.36
     ],
     [
      50.04,
      551.92
     ],
     [
      68.01,
      521.14
     ]
    ]
   }
  },
  {
   "type": "Feature",
   "properties": {
    "name": "Rialto Causeway Bridge (E)",
    "height_top_m": 7.0,
    "z_base_m": -0.5,
    "color": "#cbd5e1",
    "note": "VC-BRIDGES-V1 2026-09-30: plan V16 (troncon de chaussee au-dessus de l eau, axe polyligne, largeur 11 m, longueur 438 m); haut du tablier ESTIME d apres le pont IRL 6 m au milieu, 1.5 m aux culees (profil parabolique).",
    "kind": "bridge",
    "width_m": 11.5,
    "footprint_source": "mesh_axis"
   },
   "geometry": {
    "type": "LineString",
    "coordinates": [
     [
      1461.53,
      1527.38
     ],
     [
      1423.62,
      1515.75
     ],
     [
      1385.71,
      1504.11
     ],
     [
      1347.89,
      1492.19
     ],
     [
      1310.13,
      1480.06
     ],
     [
      1272.42,
      1467.79
     ],
     [
      1234.74,
      1455.44
     ],
     [
      1197.07,
      1443.05
     ],
     [
      1159.39,
      1430.7
     ],
     [
      1121.68,
      1418.43
     ],
     [
      1083.93,
      1406.3
     ],
     [
      1046.14,
      1394.28
     ]
    ]
   }
  },
  {
   "type": "Feature",
   "properties": {
    "name": "I-404 Causeway Bridge (Vice Beach)",
    "height_top_m": 11.0,
    "z_base_m": -0.5,
    "color": "#cbd5e1",
    "note": "VC-BRIDGES-V1 2026-09-30: plan V16 (troncon de chaussee au-dessus de l eau, axe polyligne, largeur 23 m, longueur 170 m); haut du tablier ESTIME d apres le pont IRL 10 m au milieu, 1.5 m aux culees (profil parabolique).",
    "kind": "bridge",
    "width_m": 22.5,
    "footprint_source": "mesh_axis"
   },
   "geometry": {
    "type": "LineString",
    "coordinates": [
     [
      1427.92,
      175.72
     ],
     [
      1413.57,
      171.01
     ],
     [
      1399.23,
      166.31
     ],
     [
      1384.89,
      161.61
     ],
     [
      1370.56,
      156.9
     ],
     [
      1356.22,
      152.19
     ],
     [
      1341.88,
      147.47
     ],
     [
      1327.54,
      142.76
     ],
     [
      1313.21,
      138.04
     ],
     [
      1298.87,
      133.33
     ],
     [
      1284.54,
      128.6
     ],
     [
      1270.2,
      123.88
     ]
    ]
   }
  },
  {
   "type": "Feature",
   "properties": {
    "name": "Tequesta Retreat Bridge",
    "height_top_m": 6.0,
    "z_base_m": -0.5,
    "color": "#cbd5e1",
    "note": "VC-BRIDGES-V1 2026-09-30: plan V16 (troncon de chaussee au-dessus de l eau, axe polyligne, largeur 15 m, longueur 199 m); haut du tablier ESTIME d apres le pont IRL 5 m au milieu, 1.5 m aux culees (profil parabolique).",
    "kind": "bridge",
    "width_m": 16.9,
    "footprint_source": "mesh_axis"
   },
   "geometry": {
    "type": "LineString",
    "coordinates": [
     [
      -558.0,
      -1072.78
     ],
     [
      -540.19,
      -1074.25
     ],
     [
      -522.4,
      -1075.96
     ],
     [
      -504.59,
      -1077.42
     ],
     [
      -486.78,
      -1078.86
     ],
     [
      -468.96,
      -1080.14
     ],
     [
      -451.13,
      -1081.27
     ],
     [
      -433.29,
      -1082.24
     ],
     [
      -415.44,
      -1083.06
     ],
     [
      -397.61,
      -1084.18
     ],
     [
      -379.74,
      -1084.71
     ],
     [
      -361.87,
      -1085.26
     ]
    ]
   }
  },
  {
   "type": "Feature",
   "properties": {
    "name": "Rialto Causeway Bridge (W)",
    "height_top_m": 7.0,
    "z_base_m": -0.5,
    "color": "#cbd5e1",
    "note": "VC-BRIDGES-V1 2026-09-30: plan V16 (troncon de chaussee au-dessus de l eau, axe polyligne, largeur 11 m, longueur 282 m); haut du tablier ESTIME d apres le pont IRL 6 m au milieu, 1.5 m aux culees (profil parabolique).",
    "kind": "bridge",
    "width_m": 10.9,
    "footprint_source": "mesh_axis"
   },
   "geometry": {
    "type": "LineString",
    "coordinates": [
     [
      36.59,
      1124.77
     ],
     [
      12.75,
      1116.93
     ],
     [
      -11.09,
      1109.1
     ],
     [
      -34.92,
      1101.26
     ],
     [
      -58.77,
      1093.43
     ],
     [
      -82.61,
      1085.61
     ],
     [
      -106.45,
      1077.79
     ],
     [
      -130.3,
      1069.98
     ],
     [
      -154.14,
      1062.17
     ],
     [
      -177.99,
      1054.37
     ],
     [
      -201.84,
      1046.58
     ],
     [
      -225.69,
      1038.78
     ]
    ]
   }
  },
  {
   "type": "Feature",
   "properties": {
    "name": "Gloriana Key Bridge",
    "height_top_m": 9.0,
    "z_base_m": -0.5,
    "color": "#cbd5e1",
    "note": "VC-BRIDGES-V1 2026-09-30: plan V16 (troncon de chaussee au-dessus de l eau, axe polyligne, largeur 21 m, longueur 152 m); haut du tablier ESTIME d apres le pont IRL 8 m au milieu, 1.5 m aux culees (profil parabolique).",
    "kind": "bridge",
    "width_m": 20.8,
    "footprint_source": "mesh_axis"
   },
   "geometry": {
    "type": "LineString",
    "coordinates": [
     [
      111.79,
      -2015.32
     ],
     [
      124.77,
      -2018.12
     ],
     [
      137.74,
      -2020.92
     ],
     [
      150.72,
      -2023.72
     ],
     [
      163.69,
      -2026.52
     ],
     [
      176.67,
      -2029.31
     ],
     [
      189.64,
      -2032.11
     ],
     [
      202.62,
      -2034.91
     ],
     [
      215.59,
      -2037.71
     ],
     [
      228.56,
      -2040.51
     ],
     [
      241.54,
      -2043.3
     ],
     [
      254.51,
      -2046.1
     ]
    ]
   }
  },
  {
   "type": "Feature",
   "properties": {
    "name": "Catalan Causeway Bridge (N)",
    "height_top_m": 25.0,
    "z_base_m": -0.5,
    "color": "#cbd5e1",
    "note": "VC-BRIDGES-V1 2026-09-30: plan V16 (troncon de chaussee au-dessus de l eau, axe polyligne, largeur 10 m, longueur 238 m); haut du tablier ESTIME d apres le pont IRL 24 m au milieu, 1.5 m aux culees (profil parabolique).",
    "kind": "bridge",
    "width_m": 11.8,
    "footprint_source": "mesh_axis"
   },
   "geometry": {
    "type": "LineString",
    "coordinates": [
     [
      -792.8,
      -1661.93
     ],
     [
      -770.92,
      -1663.73
     ],
     [
      -749.95,
      -1668.62
     ],
     [
      -730.16,
      -1677.46
     ],
     [
      -709.56,
      -1683.58
     ],
     [
      -689.05,
      -1690.0
     ],
     [
      -668.45,
      -1696.12
     ],
     [
      -647.77,
      -1701.97
     ],
     [
      -627.16,
      -1708.06
     ],
     [
      -606.39,
      -1713.58
     ],
     [
      -585.52,
      -1718.81
     ],
     [
      -564.92,
      -1724.93
     ]
    ]
   }
  },
  {
   "type": "Feature",
   "properties": {
    "name": "Catalan Causeway Bridge (S)",
    "height_top_m": 25.0,
    "z_base_m": -0.5,
    "color": "#cbd5e1",
    "note": "VC-BRIDGES-V1 2026-09-30: plan V16 (troncon de chaussee au-dessus de l eau, axe polyligne, largeur 10 m, longueur 237 m); haut du tablier ESTIME d apres le pont IRL 24 m au milieu, 1.5 m aux culees (profil parabolique).",
    "kind": "bridge",
    "width_m": 11.9,
    "footprint_source": "mesh_axis"
   },
   "geometry": {
    "type": "LineString",
    "coordinates": [
     [
      -784.88,
      -1636.47
     ],
     [
      -763.0,
      -1638.26
     ],
     [
      -742.04,
      -1643.15
     ],
     [
      -722.86,
      -1654.11
     ],
     [
      -701.62,
      -1658.05
     ],
     [
      -681.09,
      -1664.43
     ],
     [
      -660.48,
      -1670.51
     ],
     [
      -639.78,
      -1676.3
     ],
     [
      -619.15,
      -1682.34
     ],
     [
      -598.35,
      -1687.77
     ],
     [
      -577.46,
      -1692.9
     ],
     [
      -556.84,
      -1698.97
     ]
    ]
   }
  },
  {
   "type": "Feature",
   "properties": {
    "name": "I-404 Causeway Bridge (Fisher E)",
    "height_top_m": 11.0,
    "z_base_m": -0.5,
    "color": "#cbd5e1",
    "note": "VC-BRIDGES-V1 2026-09-30: plan V16 (troncon de chaussee au-dessus de l eau, axe polyligne, largeur 23 m, longueur 115 m); haut du tablier ESTIME d apres le pont IRL 10 m au milieu, 1.5 m aux culees (profil parabolique).",
    "kind": "bridge",
    "width_m": 23.1,
    "footprint_source": "mesh_axis"
   },
   "geometry": {
    "type": "LineString",
    "coordinates": [
     [
      1251.65,
      113.98
     ],
     [
      1242.47,
      111.04
     ],
     [
      1233.3,
      108.09
     ],
     [
      1224.12,
      105.15
     ],
     [
      1214.95,
      102.2
     ],
     [
      1205.77,
      99.26
     ],
     [
      1196.6,
      96.31
     ],
     [
      1187.42,
      93.36
     ],
     [
      1178.24,
      90.42
     ],
     [
      1169.07,
      87.47
     ],
     [
      1159.89,
      84.53
     ],
     [
      1150.72,
      81.58
     ]
    ]
   }
  },
  {
   "type": "Feature",
   "properties": {
    "name": "Leaf Links Bridge (SE)",
    "height_top_m": 6.0,
    "z_base_m": -0.5,
    "color": "#cbd5e1",
    "note": "VC-BRIDGES-V1 2026-09-30: plan V16 (troncon de chaussee au-dessus de l eau, axe polyligne, largeur 14 m, longueur 157 m); haut du tablier ESTIME d apres le pont IRL 5 m au milieu, 1.5 m aux culees (profil parabolique).",
    "kind": "bridge",
    "width_m": 15.2,
    "footprint_source": "mesh_axis"
   },
   "geometry": {
    "type": "LineString",
    "coordinates": [
     [
      998.97,
      2488.82
     ],
     [
      1011.24,
      2481.66
     ],
     [
      1023.58,
      2474.61
     ],
     [
      1035.85,
      2467.44
     ],
     [
      1048.28,
      2460.54
     ],
     [
      1060.65,
      2453.55
     ],
     [
      1073.07,
      2446.66
     ],
     [
      1085.5,
      2439.77
     ],
     [
      1097.99,
      2432.99
     ],
     [
      1110.5,
      2426.25
     ],
     [
      1123.08,
      2419.64
     ],
     [
      1135.59,
      2412.89
     ]
    ]
   }
  },
  {
   "type": "Feature",
   "properties": {
    "name": "Leaf Links Bridge (NE)",
    "height_top_m": 6.0,
    "z_base_m": -0.5,
    "color": "#cbd5e1",
    "note": "VC-BRIDGES-V1 2026-09-30: plan V16 (troncon de chaussee au-dessus de l eau, axe polyligne, largeur 10 m, longueur 175 m); haut du tablier ESTIME d apres le pont IRL 5 m au milieu, 1.5 m aux culees (profil parabolique).",
    "kind": "bridge",
    "width_m": 10.3,
    "footprint_source": "mesh_axis"
   },
   "geometry": {
    "type": "LineString",
    "coordinates": [
     [
      1169.44,
      2904.93
     ],
     [
      1179.13,
      2893.37
     ],
     [
      1188.83,
      2881.81
     ],
     [
      1198.53,
      2870.24
     ],
     [
      1208.23,
      2858.68
     ],
     [
      1217.93,
      2847.12
     ],
     [
      1227.63,
      2835.56
     ],
     [
      1237.33,
      2823.99
     ],
     [
      1247.03,
      2812.43
     ],
     [
      1256.73,
      2800.87
     ],
     [
      1266.42,
      2789.31
     ],
     [
      1276.12,
      2777.74
     ]
    ]
   }
  },
  {
   "type": "Feature",
   "properties": {
    "name": "Starfish Island Bridge",
    "height_top_m": 5.0,
    "z_base_m": -0.5,
    "color": "#cbd5e1",
    "note": "VC-BRIDGES-V1 2026-09-30: plan V16 (troncon de chaussee au-dessus de l eau, axe polyligne, largeur 10 m, longueur 179 m); haut du tablier ESTIME d apres le pont IRL 4 m au milieu, 1.5 m aux culees (profil parabolique).",
    "kind": "bridge",
    "width_m": 10.4,
    "footprint_source": "mesh_axis"
   },
   "geometry": {
    "type": "LineString",
    "coordinates": [
     [
      687.83,
      285.15
     ],
     [
      687.16,
      269.16
     ],
     [
      686.49,
      253.16
     ],
     [
      685.89,
      237.17
     ],
     [
      685.27,
      221.17
     ],
     [
      684.72,
      205.17
     ],
     [
      684.17,
      189.17
     ],
     [
      683.65,
      173.17
     ],
     [
      683.16,
      157.17
     ],
     [
      682.72,
      141.17
     ],
     [
      682.28,
      125.17
     ],
     [
      681.85,
      109.16
     ]
    ]
   }
  },
  {
   "type": "Feature",
   "properties": {
    "name": "Vice River Bridge (Salton)",
    "height_top_m": 7.0,
    "z_base_m": -0.5,
    "color": "#cbd5e1",
    "note": "VC-BRIDGES-V1 2026-09-30: plan V16 (troncon de chaussee au-dessus de l eau, axe polyligne, largeur 29 m, longueur 108 m); haut du tablier ESTIME d apres le pont IRL 6 m au milieu, 1.5 m aux culees (profil parabolique).",
    "kind": "bridge",
    "width_m": 28.8,
    "footprint_source": "mesh_axis"
   },
   "geometry": {
    "type": "LineString",
    "coordinates": [
     [
      -1060.16,
      -554.73
     ],
     [
      -1062.14,
      -564.16
     ],
     [
      -1064.11,
      -573.6
     ],
     [
      -1066.09,
      -583.04
     ],
     [
      -1068.06,
      -592.47
     ],
     [
      -1070.04,
      -601.91
     ],
     [
      -1072.02,
      -611.34
     ],
     [
      -1073.99,
      -620.78
     ],
     [
      -1075.97,
      -630.21
     ],
     [
      -1077.95,
      -639.65
     ],
     [
      -1079.92,
      -649.08
     ],
     [
      -1081.9,
      -658.52
     ]
    ]
   }
  },
  {
   "type": "Feature",
   "properties": {
    "name": "Vice River Bridge (N)",
    "height_top_m": 7.0,
    "z_base_m": -0.5,
    "color": "#cbd5e1",
    "note": "VC-BRIDGES-V1 2026-09-30: plan V16 (troncon de chaussee au-dessus de l eau, axe polyligne, largeur 14 m, longueur 146 m); haut du tablier ESTIME d apres le pont IRL 6 m au milieu, 1.5 m aux culees (profil parabolique).",
    "kind": "bridge",
    "width_m": 14.0,
    "footprint_source": "mesh_axis"
   },
   "geometry": {
    "type": "LineString",
    "coordinates": [
     [
      -1260.01,
      1630.34
     ],
     [
      -1247.57,
      1625.7
     ],
     [
      -1235.13,
      1621.06
     ],
     [
      -1222.7,
      1616.42
     ],
     [
      -1210.26,
      1611.78
     ],
     [
      -1197.82,
      1607.14
     ],
     [
      -1185.38,
      1602.5
     ],
     [
      -1172.94,
      1597.86
     ],
     [
      -1160.51,
      1593.21
     ],
     [
      -1148.07,
      1588.58
     ],
     [
      -1135.63,
      1583.94
     ],
     [
      -1123.19,
      1579.3
     ]
    ]
   }
  },
  {
   "type": "Feature",
   "properties": {
    "name": "Nautilus Causeway Bridge (E)",
    "height_top_m": 9.0,
    "z_base_m": -0.5,
    "color": "#cbd5e1",
    "note": "VC-BRIDGES-V1 2026-09-30: plan V16 (troncon de chaussee au-dessus de l eau, axe polyligne, largeur 21 m, longueur 87 m); haut du tablier ESTIME d apres le pont IRL 8 m au milieu, 1.5 m aux culees (profil parabolique).",
    "kind": "bridge",
    "width_m": 21.0,
    "footprint_source": "mesh_axis"
   },
   "geometry": {
    "type": "LineString",
    "coordinates": [
     [
      1329.88,
      1788.53
     ],
     [
      1337.55,
      1790.12
     ],
     [
      1345.21,
      1791.71
     ],
     [
      1352.88,
      1793.3
     ],
     [
      1360.55,
      1794.89
     ],
     [
      1368.21,
      1796.47
     ],
     [
      1375.88,
      1798.06
     ],
     [
      1383.54,
      1799.64
     ],
     [
      1391.21,
      1801.23
     ],
     [
      1398.88,
      1802.82
     ],
     [
      1406.54,
      1804.41
     ],
     [
      1414.21,
      1806.0
     ]
    ]
   }
  },
  {
   "type": "Feature",
   "properties": {
    "name": "Little Cuba Bridge",
    "height_top_m": 7.0,
    "z_base_m": -0.5,
    "color": "#cbd5e1",
    "note": "VC-BRIDGES-V1 2026-09-30: plan V16 (troncon de chaussee au-dessus de l eau, axe polyligne, largeur 15 m, longueur 99 m); haut du tablier ESTIME d apres le pont IRL 6 m au milieu, 1.5 m aux culees (profil parabolique).",
    "kind": "bridge",
    "width_m": 14.8,
    "footprint_source": "mesh_axis"
   },
   "geometry": {
    "type": "LineString",
    "coordinates": [
     [
      -1188.48,
      -263.47
     ],
     [
      -1196.66,
      -266.52
     ],
     [
      -1204.83,
      -269.57
     ],
     [
      -1213.01,
      -272.61
     ],
     [
      -1221.19,
      -275.66
     ],
     [
      -1229.37,
      -278.71
     ],
     [
      -1237.55,
      -281.76
     ],
     [
      -1245.73,
      -284.8
     ],
     [
      -1253.9,
      -287.85
     ],
     [
      -1262.08,
      -290.9
     ],
     [
      -1270.26,
      -293.95
     ],
     [
      -1278.44,
      -297.0
     ]
    ]
   }
  },
  {
   "type": "Feature",
   "properties": {
    "name": "Vice City Bridge (-430, 2360)",
    "height_top_m": 11.0,
    "z_base_m": -0.5,
    "color": "#cbd5e1",
    "note": "VC-BRIDGES-V1 2026-09-30: plan V16 (troncon de chaussee au-dessus de l eau, axe polyligne, largeur 13 m, longueur 138 m); haut du tablier ESTIME (classe de longueur) 10 m au milieu, 1.5 m aux culees (profil parabolique).",
    "kind": "bridge",
    "width_m": 13.4,
    "footprint_source": "mesh_axis"
   },
   "geometry": {
    "type": "LineString",
    "coordinates": [
     [
      -385.65,
      2407.01
     ],
     [
      -394.49,
      2398.36
     ],
     [
      -403.32,
      2389.71
     ],
     [
      -412.15,
      2381.06
     ],
     [
      -420.99,
      2372.41
     ],
     [
      -429.82,
      2363.76
     ],
     [
      -438.65,
      2355.1
     ],
     [
      -447.49,
      2346.45
     ],
     [
      -456.32,
      2337.8
     ],
     [
      -465.15,
      2329.15
     ],
     [
      -473.98,
      2320.5
     ],
     [
      -482.82,
      2311.85
     ]
    ]
   }
  },
  {
   "type": "Feature",
   "properties": {
    "name": "I-404 Causeway Bridge (Fisher W)",
    "height_top_m": 11.0,
    "z_base_m": -0.5,
    "color": "#cbd5e1",
    "note": "VC-BRIDGES-V1 2026-09-30: plan V16 (troncon de chaussee au-dessus de l eau, axe polyligne, largeur 21 m, longueur 85 m); haut du tablier ESTIME d apres le pont IRL 10 m au milieu, 1.5 m aux culees (profil parabolique).",
    "kind": "bridge",
    "width_m": 20.9,
    "footprint_source": "mesh_axis"
   },
   "geometry": {
    "type": "LineString",
    "coordinates": [
     [
      1028.0,
      34.86
     ],
     [
      1021.15,
      35.73
     ],
     [
      1014.29,
      36.61
     ],
     [
      1007.44,
      37.49
     ],
     [
      1000.58,
      38.37
     ],
     [
      993.73,
      39.24
     ],
     [
      986.87,
      40.13
     ],
     [
      980.02,
      41.0
     ],
     [
      973.16,
      41.88
     ],
     [
      966.3,
      42.76
     ],
     [
      959.45,
      43.63
     ],
     [
      952.59,
      44.51
     ]
    ]
   }
  },
  {
   "type": "Feature",
   "properties": {
    "name": "Gloriana Key Bridge (N)",
    "height_top_m": 9.0,
    "z_base_m": -0.5,
    "color": "#cbd5e1",
    "note": "VC-BRIDGES-V1 2026-09-30: plan V16 (troncon de chaussee au-dessus de l eau, axe polyligne, largeur 8 m, longueur 154 m); haut du tablier ESTIME d apres le pont IRL 8 m au milieu, 1.5 m aux culees (profil parabolique).",
    "kind": "bridge",
    "width_m": 8.0,
    "footprint_source": "mesh_axis"
   },
   "geometry": {
    "type": "LineString",
    "coordinates": [
     [
      339.62,
      -1501.78
     ],
     [
      326.45,
      -1503.39
     ],
     [
      313.27,
      -1504.98
     ],
     [
      300.09,
      -1506.59
     ],
     [
      286.92,
      -1508.18
     ],
     [
      273.74,
      -1509.79
     ],
     [
      260.56,
      -1511.39
     ],
     [
      247.39,
      -1512.99
     ],
     [
      234.21,
      -1514.58
     ],
     [
      221.03,
      -1516.18
     ],
     [
      207.86,
      -1517.78
     ],
     [
      194.68,
      -1519.38
     ]
    ]
   }
  },
  {
   "type": "Feature",
   "properties": {
    "name": "Vice City Bridge (-1460, 440)",
    "height_top_m": 6.0,
    "z_base_m": -0.5,
    "color": "#cbd5e1",
    "note": "VC-BRIDGES-V1 2026-09-30: plan V16 (troncon de chaussee au-dessus de l eau, axe polyligne, largeur 23 m, longueur 64 m); haut du tablier ESTIME (classe de longueur) 5 m au milieu, 1.5 m aux culees (profil parabolique).",
    "kind": "bridge",
    "width_m": 22.6,
    "footprint_source": "mesh_axis"
   },
   "geometry": {
    "type": "LineString",
    "coordinates": [
     [
      -1434.01,
      451.61
     ],
     [
      -1442.89,
      446.62
     ],
     [
      -1451.77,
      441.64
     ],
     [
      -1456.21,
      439.15
     ],
     [
      -1460.65,
      436.66
     ],
     [
      -1465.09,
      434.17
     ],
     [
      -1469.53,
      431.68
     ],
     [
      -1478.41,
      426.7
     ],
     [
      -1482.85,
      424.21
     ]
    ]
   }
  },
  {
   "type": "Feature",
   "properties": {
    "name": "Vice City Bridge (-70, 2420)",
    "height_top_m": 6.0,
    "z_base_m": -0.5,
    "color": "#cbd5e1",
    "note": "VC-BRIDGES-V1 2026-09-30: plan V16 (troncon de chaussee au-dessus de l eau, axe polyligne, largeur 23 m, longueur 80 m); haut du tablier ESTIME (classe de longueur) 5 m au milieu, 1.5 m aux culees (profil parabolique).",
    "kind": "bridge",
    "width_m": 22.8,
    "footprint_source": "mesh_axis"
   },
   "geometry": {
    "type": "LineString",
    "coordinates": [
     [
      -88.99,
      2454.31
     ],
     [
      -85.47,
      2448.35
     ],
     [
      -81.95,
      2442.4
     ],
     [
      -78.44,
      2436.44
     ],
     [
      -74.91,
      2430.49
     ],
     [
      -71.4,
      2424.53
     ],
     [
      -67.88,
      2418.57
     ],
     [
      -64.36,
      2412.61
     ],
     [
      -60.84,
      2406.66
     ],
     [
      -57.32,
      2400.7
     ],
     [
      -53.8,
      2394.75
     ],
     [
      -50.28,
      2388.79
     ]
    ]
   }
  },
  {
   "type": "Feature",
   "properties": {
    "name": "Vice River Bridge (Mouth)",
    "height_top_m": 7.0,
    "z_base_m": -0.5,
    "color": "#cbd5e1",
    "note": "VC-BRIDGES-V1 2026-09-30: plan V16 (troncon de chaussee au-dessus de l eau, axe polyligne, largeur 17 m, longueur 72 m); haut du tablier ESTIME d apres le pont IRL 6 m au milieu, 1.5 m aux culees (profil parabolique).",
    "kind": "bridge",
    "width_m": 17.4,
    "footprint_source": "mesh_axis"
   },
   "geometry": {
    "type": "LineString",
    "coordinates": [
     [
      -480.05,
      -637.76
     ],
     [
      -482.32,
      -643.32
     ],
     [
      -484.59,
      -648.88
     ],
     [
      -486.87,
      -654.43
     ],
     [
      -489.14,
      -659.98
     ],
     [
      -491.41,
      -665.54
     ],
     [
      -493.68,
      -671.1
     ],
     [
      -495.95,
      -676.65
     ],
     [
      -498.21,
      -682.21
     ],
     [
      -500.49,
      -687.77
     ],
     [
      -502.76,
      -693.32
     ],
     [
      -505.03,
      -698.88
     ]
    ]
   }
  },
  {
   "type": "Feature",
   "properties": {
    "name": "Vice City Bridge (-1400, 70)",
    "height_top_m": 6.0,
    "z_base_m": -0.5,
    "color": "#cbd5e1",
    "note": "VC-BRIDGES-V1 2026-09-30: plan V16 (troncon de chaussee au-dessus de l eau, axe polyligne, largeur 15 m, longueur 84 m); haut du tablier ESTIME (classe de longueur) 5 m au milieu, 1.5 m aux culees (profil parabolique).",
    "kind": "bridge",
    "width_m": 14.9,
    "footprint_source": "mesh_axis"
   },
   "geometry": {
    "type": "LineString",
    "coordinates": [
     [
      -1372.22,
      95.47
     ],
     [
      -1377.08,
      90.55
     ],
     [
      -1381.93,
      85.63
     ],
     [
      -1386.78,
      80.71
     ],
     [
      -1391.63,
      75.78
     ],
     [
      -1396.48,
      70.86
     ],
     [
      -1401.33,
      65.94
     ],
     [
      -1406.18,
      61.02
     ],
     [
      -1411.03,
      56.1
     ],
     [
      -1415.88,
      51.18
     ],
     [
      -1420.73,
      46.26
     ],
     [
      -1425.59,
      41.34
     ]
    ]
   }
  },
  {
   "type": "Feature",
   "properties": {
    "name": "Vice City Bridge (940, 3210)",
    "height_top_m": 6.0,
    "z_base_m": -0.5,
    "color": "#cbd5e1",
    "note": "VC-BRIDGES-V1 2026-09-30: plan V16 (troncon de chaussee au-dessus de l eau, axe polyligne, largeur 10 m, longueur 103 m); haut du tablier ESTIME (classe de longueur) 5 m au milieu, 1.5 m aux culees (profil parabolique).",
    "kind": "bridge",
    "width_m": 10.0,
    "footprint_source": "mesh_axis"
   },
   "geometry": {
    "type": "LineString",
    "coordinates": [
     [
      912.09,
      3253.78
     ],
     [
      916.63,
      3246.33
     ],
     [
      921.16,
      3238.87
     ],
     [
      925.7,
      3231.41
     ],
     [
      930.24,
      3223.96
     ],
     [
      934.77,
      3216.5
     ],
     [
      939.31,
      3209.05
     ],
     [
      943.85,
      3201.59
     ],
     [
      948.39,
      3194.14
     ],
     [
      952.92,
      3186.68
     ],
     [
      957.46,
      3179.23
     ],
     [
      962.0,
      3171.77
     ]
    ]
   }
  },
  {
   "type": "Feature",
   "properties": {
    "name": "Vice City Bridge (-750, 2010)",
    "height_top_m": 6.0,
    "z_base_m": -0.5,
    "color": "#cbd5e1",
    "note": "VC-BRIDGES-V1 2026-09-30: plan V16 (troncon de chaussee au-dessus de l eau, axe polyligne, largeur 17 m, longueur 85 m); haut du tablier ESTIME (classe de longueur) 5 m au milieu, 1.5 m aux culees (profil parabolique).",
    "kind": "bridge",
    "width_m": 17.4,
    "footprint_source": "mesh_axis"
   },
   "geometry": {
    "type": "LineString",
    "coordinates": [
     [
      -711.14,
      2036.76
     ],
     [
      -716.59,
      2032.51
     ],
     [
      -722.04,
      2028.26
     ],
     [
      -727.49,
      2024.02
     ],
     [
      -732.94,
      2019.77
     ],
     [
      -738.39,
      2015.52
     ],
     [
      -743.84,
      2011.27
     ],
     [
      -749.29,
      2007.02
     ],
     [
      -754.74,
      2002.77
     ],
     [
      -760.19,
      1998.53
     ],
     [
      -765.64,
      1994.28
     ],
     [
      -771.09,
      1990.03
     ]
    ]
   }
  },
  {
   "type": "Feature",
   "properties": {
    "name": "Vice City Bridge (1290, 2420)",
    "height_top_m": 6.0,
    "z_base_m": -0.5,
    "color": "#cbd5e1",
    "note": "VC-BRIDGES-V1 2026-09-30: plan V16 (troncon de chaussee au-dessus de l eau, axe polyligne, largeur 15 m, longueur 73 m); haut du tablier ESTIME (classe de longueur) 5 m au milieu, 1.5 m aux culees (profil parabolique).",
    "kind": "bridge",
    "width_m": 14.8,
    "footprint_source": "mesh_axis"
   },
   "geometry": {
    "type": "LineString",
    "coordinates": [
     [
      1296.04,
      2452.16
     ],
     [
      1294.32,
      2446.41
     ],
     [
      1292.6,
      2440.66
     ],
     [
      1290.88,
      2434.91
     ],
     [
      1289.16,
      2429.15
     ],
     [
      1287.44,
      2423.4
     ],
     [
      1285.72,
      2417.65
     ],
     [
      1284.0,
      2411.9
     ],
     [
      1282.28,
      2406.15
     ],
     [
      1280.56,
      2400.4
     ],
     [
      1278.84,
      2394.65
     ],
     [
      1277.12,
      2388.9
     ]
    ]
   }
  },
  {
   "type": "Feature",
   "properties": {
    "name": "Vice City Bridge (170, 3120)",
    "height_top_m": 6.0,
    "z_base_m": -0.5,
    "color": "#cbd5e1",
    "note": "VC-BRIDGES-V1 2026-09-30: plan V16 (troncon de chaussee au-dessus de l eau, axe polyligne, largeur 13 m, longueur 84 m); haut du tablier ESTIME (classe de longueur) 5 m au milieu, 1.5 m aux culees (profil parabolique).",
    "kind": "bridge",
    "width_m": 13.5,
    "footprint_source": "mesh_axis"
   },
   "geometry": {
    "type": "LineString",
    "coordinates": [
     [
      176.06,
      3151.82
     ],
     [
      174.26,
      3145.15
     ],
     [
      172.47,
      3138.48
     ],
     [
      170.67,
      3131.81
     ],
     [
      168.87,
      3125.13
     ],
     [
      167.07,
      3118.46
     ],
     [
      165.28,
      3111.79
     ],
     [
      163.48,
      3105.12
     ],
     [
      161.68,
      3098.44
     ],
     [
      159.89,
      3091.77
     ],
     [
      158.08,
      3085.1
     ],
     [
      156.29,
      3078.43
     ]
    ]
   }
  },
  {
   "type": "Feature",
   "properties": {
    "name": "Vice City Bridge (700, 2920)",
    "height_top_m": 6.0,
    "z_base_m": -0.5,
    "color": "#cbd5e1",
    "note": "VC-BRIDGES-V1 2026-09-30: plan V16 (troncon de chaussee au-dessus de l eau, axe polyligne, largeur 10 m, longueur 99 m); haut du tablier ESTIME (classe de longueur) 5 m au milieu, 1.5 m aux culees (profil parabolique).",
    "kind": "bridge",
    "width_m": 9.9,
    "footprint_source": "mesh_axis"
   },
   "geometry": {
    "type": "LineString",
    "coordinates": [
     [
      724.64,
      2958.09
     ],
     [
      720.3,
      2950.52
     ],
     [
      715.97,
      2942.94
     ],
     [
      711.63,
      2935.37
     ],
     [
      707.3,
      2927.79
     ],
     [
      702.96,
      2920.22
     ],
     [
      698.63,
      2912.64
     ],
     [
      694.29,
      2905.07
     ],
     [
      689.96,
      2897.49
     ],
     [
      685.63,
      2889.92
     ],
     [
      681.29,
      2882.34
     ],
     [
      676.95,
      2874.77
     ]
    ]
   }
  },
  {
   "type": "Feature",
   "properties": {
    "name": "Vice City Bridge (-660, 2210)",
    "height_top_m": 6.0,
    "z_base_m": -0.5,
    "color": "#cbd5e1",
    "note": "VC-BRIDGES-V1 2026-09-30: plan V16 (troncon de chaussee au-dessus de l eau, axe polyligne, largeur 12 m, longueur 85 m); haut du tablier ESTIME (classe de longueur) 5 m au milieu, 1.5 m aux culees (profil parabolique).",
    "kind": "bridge",
    "width_m": 11.9,
    "footprint_source": "mesh_axis"
   },
   "geometry": {
    "type": "LineString",
    "coordinates": [
     [
      -614.98,
      2215.0
     ],
     [
      -621.89,
      2214.84
     ],
     [
      -628.79,
      2214.69
     ],
     [
      -635.7,
      2214.53
     ],
     [
      -642.61,
      2214.38
     ],
     [
      -649.52,
      2214.23
     ],
     [
      -656.42,
      2214.08
     ],
     [
      -663.33,
      2213.92
     ],
     [
      -670.24,
      2213.77
     ],
     [
      -677.15,
      2213.62
     ],
     [
      -684.05,
      2213.47
     ],
     [
      -690.96,
      2213.31
     ]
    ]
   }
  },
  {
   "type": "Feature",
   "properties": {
    "name": "Vice City Bridge (210, 3100)",
    "height_top_m": 6.0,
    "z_base_m": -0.5,
    "color": "#cbd5e1",
    "note": "VC-BRIDGES-V1 2026-09-30: plan V16 (troncon de chaussee au-dessus de l eau, axe polyligne, largeur 12 m, longueur 92 m); haut du tablier ESTIME (classe de longueur) 5 m au milieu, 1.5 m aux culees (profil parabolique).",
    "kind": "bridge",
    "width_m": 11.5,
    "footprint_source": "mesh_axis"
   },
   "geometry": {
    "type": "LineString",
    "coordinates": [
     [
      218.66,
      3142.18
     ],
     [
      216.67,
      3134.62
     ],
     [
      214.69,
      3127.06
     ],
     [
      212.7,
      3119.5
     ],
     [
      210.71,
      3111.93
     ],
     [
      208.73,
      3104.37
     ],
     [
      206.74,
      3096.81
     ],
     [
      204.76,
      3089.25
     ],
     [
      202.77,
      3081.68
     ],
     [
      200.78,
      3074.12
     ],
     [
      198.79,
      3066.56
     ],
     [
      196.81,
      3059.0
     ]
    ]
   }
  },
  {
   "type": "Feature",
   "properties": {
    "name": "Vice City Bridge (-1510, -1470)",
    "height_top_m": 6.0,
    "z_base_m": -0.5,
    "color": "#cbd5e1",
    "note": "VC-BRIDGES-V1 2026-09-30: plan V16 (troncon de chaussee au-dessus de l eau, axe polyligne, largeur 13 m, longueur 88 m); haut du tablier ESTIME (classe de longueur) 5 m au milieu, 1.5 m aux culees (profil parabolique).",
    "kind": "bridge",
    "width_m": 12.8,
    "footprint_source": "mesh_axis"
   },
   "geometry": {
    "type": "LineString",
    "coordinates": [
     [
      -1519.02,
      -1432.25
     ],
     [
      -1517.98,
      -1440.0
     ],
     [
      -1516.95,
      -1447.75
     ],
     [
      -1515.91,
      -1455.5
     ],
     [
      -1514.87,
      -1463.25
     ],
     [
      -1513.84,
      -1471.0
     ],
     [
      -1512.8,
      -1478.75
     ],
     [
      -1511.77,
      -1486.5
     ],
     [
      -1510.73,
      -1494.25
     ],
     [
      -1509.69,
      -1502.0
     ],
     [
      -1508.66,
      -1509.75
     ],
     [
      -1507.62,
      -1517.5
     ]
    ]
   }
  },
  {
   "type": "Feature",
   "properties": {
    "name": "Vice City Bridge (140, 3140)",
    "height_top_m": 6.0,
    "z_base_m": -0.5,
    "color": "#cbd5e1",
    "note": "VC-BRIDGES-V1 2026-09-30: plan V16 (troncon de chaussee au-dessus de l eau, axe polyligne, largeur 14 m, longueur 75 m); haut du tablier ESTIME (classe de longueur) 5 m au milieu, 1.5 m aux culees (profil parabolique).",
    "kind": "bridge",
    "width_m": 14.0,
    "footprint_source": "mesh_axis"
   },
   "geometry": {
    "type": "LineString",
    "coordinates": [
     [
      153.53,
      3176.18
     ],
     [
      151.61,
      3170.49
     ],
     [
      149.69,
      3164.8
     ],
     [
      147.76,
      3159.12
     ],
     [
      145.84,
      3153.43
     ],
     [
      143.92,
      3147.75
     ],
     [
      142.0,
      3142.06
     ],
     [
      140.08,
      3136.38
     ],
     [
      138.16,
      3130.69
     ],
     [
      136.23,
      3125.01
     ],
     [
      134.31,
      3119.32
     ],
     [
      132.39,
      3113.63
     ]
    ]
   }
  },
  {
   "type": "Feature",
   "properties": {
    "name": "Vice City Bridge (1600, 1940)",
    "height_top_m": 6.0,
    "z_base_m": -0.5,
    "color": "#cbd5e1",
    "note": "VC-BRIDGES-V1 2026-09-30: plan V16 (troncon de chaussee au-dessus de l eau, axe polyligne, largeur 14 m, longueur 61 m); haut du tablier ESTIME (classe de longueur) 5 m au milieu, 1.5 m aux culees (profil parabolique).",
    "kind": "bridge",
    "width_m": 14.1,
    "footprint_source": "mesh_axis"
   },
   "geometry": {
    "type": "LineString",
    "coordinates": [
     [
      1591.05,
      1965.17
     ],
     [
      1592.36,
      1955.07
     ],
     [
      1593.68,
      1944.97
     ],
     [
      1594.34,
      1939.92
     ],
     [
      1595.0,
      1934.88
     ],
     [
      1595.65,
      1929.83
     ],
     [
      1596.31,
      1924.78
     ],
     [
      1597.63,
      1914.68
     ],
     [
      1598.29,
      1909.63
     ]
    ]
   }
  },
  {
   "type": "Feature",
   "properties": {
    "name": "Vice City Bridge (90, 2040)",
    "height_top_m": 6.0,
    "z_base_m": -0.5,
    "color": "#cbd5e1",
    "note": "VC-BRIDGES-V1 2026-09-30: plan V16 (troncon de chaussee au-dessus de l eau, axe polyligne, largeur 10 m, longueur 82 m); haut du tablier ESTIME (classe de longueur) 5 m au milieu, 1.5 m aux culees (profil parabolique).",
    "kind": "bridge",
    "width_m": 9.9,
    "footprint_source": "mesh_axis"
   },
   "geometry": {
    "type": "LineString",
    "coordinates": [
     [
      59.53,
      2047.08
     ],
     [
      66.1,
      2044.95
     ],
     [
      72.68,
      2042.82
     ],
     [
      79.25,
      2040.7
     ],
     [
      85.82,
      2038.57
     ],
     [
      92.4,
      2036.44
     ],
     [
      98.97,
      2034.31
     ],
     [
      105.55,
      2032.19
     ],
     [
      112.12,
      2030.06
     ],
     [
      118.69,
      2027.94
     ],
     [
      125.27,
      2025.81
     ],
     [
      131.84,
      2023.68
     ]
    ]
   }
  },
  {
   "type": "Feature",
   "properties": {
    "name": "Vice City Bridge (-1460, 500)",
    "height_top_m": 6.0,
    "z_base_m": -0.5,
    "color": "#cbd5e1",
    "note": "VC-BRIDGES-V1 2026-09-30: plan V16 (troncon de chaussee au-dessus de l eau, axe polyligne, largeur 14 m, longueur 59 m); haut du tablier ESTIME (classe de longueur) 5 m au milieu, 1.5 m aux culees (profil parabolique).",
    "kind": "bridge",
    "width_m": 13.8,
    "footprint_source": "mesh_axis"
   },
   "geometry": {
    "type": "LineString",
    "coordinates": [
     [
      -1435.57,
      515.01
     ],
     [
      -1444.4,
      509.91
     ],
     [
      -1453.22,
      504.82
     ],
     [
      -1457.63,
      502.27
     ],
     [
      -1462.05,
      499.73
     ],
     [
      -1466.46,
      497.17
     ],
     [
      -1470.87,
      494.63
     ],
     [
      -1479.7,
      489.53
     ],
     [
      -1484.11,
      486.98
     ]
    ]
   }
  },
  {
   "type": "Feature",
   "properties": {
    "name": "Vice City Bridge (-740, -1350)",
    "height_top_m": 5.9,
    "z_base_m": -0.5,
    "color": "#cbd5e1",
    "note": "VC-BRIDGES-V1 2026-09-30: plan V16 (troncon de chaussee au-dessus de l eau, axe polyligne, largeur 23 m, longueur 53 m); haut du tablier ESTIME (classe de longueur) 5 m au milieu, 1.5 m aux culees (profil parabolique).",
    "kind": "bridge",
    "width_m": 23.2,
    "footprint_source": "mesh_axis"
   },
   "geometry": {
    "type": "LineString",
    "coordinates": [
     [
      -763.37,
      -1330.12
     ],
     [
      -757.57,
      -1336.16
     ],
     [
      -754.67,
      -1339.17
     ],
     [
      -751.78,
      -1342.19
     ],
     [
      -748.88,
      -1345.21
     ],
     [
      -745.98,
      -1348.22
     ],
     [
      -743.08,
      -1351.24
     ],
     [
      -740.18,
      -1354.25
     ],
     [
      -737.29,
      -1357.27
     ],
     [
      -734.39,
      -1360.29
     ],
     [
      -731.49,
      -1363.31
     ]
    ]
   }
  },
  {
   "type": "Feature",
   "properties": {
    "name": "Vice City Bridge (-1660, 670)",
    "height_top_m": 6.0,
    "z_base_m": -0.5,
    "color": "#cbd5e1",
    "note": "VC-BRIDGES-V1 2026-09-30: plan V16 (troncon de chaussee au-dessus de l eau, axe polyligne, largeur 12 m, longueur 61 m); haut du tablier ESTIME (classe de longueur) 5 m au milieu, 1.5 m aux culees (profil parabolique).",
    "kind": "bridge",
    "width_m": 12.0,
    "footprint_source": "mesh_axis"
   },
   "geometry": {
    "type": "LineString",
    "coordinates": [
     [
      -1677.04,
      690.39
     ],
     [
      -1669.63,
      683.4
     ],
     [
      -1662.22,
      676.42
     ],
     [
      -1658.51,
      672.93
     ],
     [
      -1654.81,
      669.44
     ],
     [
      -1651.1,
      665.95
     ],
     [
      -1647.4,
      662.46
     ],
     [
      -1639.99,
      655.47
     ],
     [
      -1636.28,
      651.98
     ]
    ]
   }
  },
  {
   "type": "Feature",
   "properties": {
    "name": "Vice City Bridge (-730, -690)",
    "height_top_m": 5.9,
    "z_base_m": -0.5,
    "color": "#cbd5e1",
    "note": "VC-BRIDGES-V1 2026-09-30: plan V16 (troncon de chaussee au-dessus de l eau, axe polyligne, largeur 16 m, longueur 52 m); haut du tablier ESTIME (classe de longueur) 5 m au milieu, 1.5 m aux culees (profil parabolique).",
    "kind": "bridge",
    "width_m": 15.6,
    "footprint_source": "mesh_axis"
   },
   "geometry": {
    "type": "LineString",
    "coordinates": [
     [
      -722.47,
      -663.81
     ],
     [
      -725.91,
      -671.44
     ],
     [
      -727.62,
      -675.25
     ],
     [
      -729.34,
      -679.07
     ],
     [
      -731.05,
      -682.88
     ],
     [
      -732.77,
      -686.7
     ],
     [
      -734.48,
      -690.51
     ],
     [
      -736.2,
      -694.33
     ],
     [
      -737.92,
      -698.14
     ],
     [
      -739.63,
      -701.96
     ],
     [
      -741.35,
      -705.77
     ]
    ]
   }
  },
  {
   "type": "Feature",
   "properties": {
    "name": "Vice City Bridge (-1040, -630)",
    "height_top_m": 6.0,
    "z_base_m": -0.5,
    "color": "#cbd5e1",
    "note": "VC-BRIDGES-V1 2026-09-30: plan V16 (troncon de chaussee au-dessus de l eau, axe polyligne, largeur 10 m, longueur 82 m); haut du tablier ESTIME (classe de longueur) 5 m au milieu, 1.5 m aux culees (profil parabolique).",
    "kind": "bridge",
    "width_m": 10.2,
    "footprint_source": "mesh_axis"
   },
   "geometry": {
    "type": "LineString",
    "coordinates": [
     [
      -1025.08,
      -596.14
     ],
     [
      -1028.72,
      -602.02
     ],
     [
      -1032.36,
      -607.89
     ],
     [
      -1036.0,
      -613.76
     ],
     [
      -1039.64,
      -619.64
     ],
     [
      -1043.28,
      -625.51
     ],
     [
      -1046.92,
      -631.38
     ],
     [
      -1050.56,
      -637.25
     ],
     [
      -1054.2,
      -643.13
     ],
     [
      -1057.84,
      -649.0
     ],
     [
      -1061.48,
      -654.87
     ],
     [
      -1065.12,
      -660.75
     ]
    ]
   }
  },
  {
   "type": "Feature",
   "properties": {
    "name": "Vice City Bridge (1380, 2050)",
    "height_top_m": 6.0,
    "z_base_m": -0.5,
    "color": "#cbd5e1",
    "note": "VC-BRIDGES-V1 2026-09-30: plan V16 (troncon de chaussee au-dessus de l eau, axe polyligne, largeur 11 m, longueur 61 m); haut du tablier ESTIME (classe de longueur) 5 m au milieu, 1.5 m aux culees (profil parabolique).",
    "kind": "bridge",
    "width_m": 10.7,
    "footprint_source": "mesh_axis"
   },
   "geometry": {
    "type": "LineString",
    "coordinates": [
     [
      1412.66,
      2051.59
     ],
     [
      1402.64,
      2049.77
     ],
     [
      1392.62,
      2047.95
     ],
     [
      1387.61,
      2047.04
     ],
     [
      1382.6,
      2046.13
     ],
     [
      1377.59,
      2045.22
     ],
     [
      1372.59,
      2044.31
     ],
     [
      1362.57,
      2042.49
     ],
     [
      1357.56,
      2041.58
     ]
    ]
   }
  },
  {
   "type": "Feature",
   "properties": {
    "name": "Vice City Bridge (1610, 2150)",
    "height_top_m": 5.9,
    "z_base_m": -0.5,
    "color": "#cbd5e1",
    "note": "VC-BRIDGES-V1 2026-09-30: plan V16 (troncon de chaussee au-dessus de l eau, axe polyligne, largeur 14 m, longueur 52 m); haut du tablier ESTIME (classe de longueur) 5 m au milieu, 1.5 m aux culees (profil parabolique).",
    "kind": "bridge",
    "width_m": 13.5,
    "footprint_source": "mesh_axis"
   },
   "geometry": {
    "type": "LineString",
    "coordinates": [
     [
      1634.03,
      2166.1
     ],
     [
      1626.63,
      2162.2
     ],
     [
      1622.93,
      2160.25
     ],
     [
      1619.22,
      2158.3
     ],
     [
      1615.52,
      2156.35
     ],
     [
      1611.82,
      2154.41
     ],
     [
      1608.12,
      2152.46
     ],
     [
      1604.42,
      2150.51
     ],
     [
      1600.71,
      2148.56
     ],
     [
      1597.01,
      2146.61
     ],
     [
      1593.31,
      2144.66
     ]
    ]
   }
  },
  {
   "type": "Feature",
   "properties": {
    "name": "Vice City Bridge (1780, -910)",
    "height_top_m": 6.0,
    "z_base_m": -0.5,
    "color": "#cbd5e1",
    "note": "VC-BRIDGES-V1 2026-09-30: plan V16 (troncon de chaussee au-dessus de l eau, axe polyligne, largeur 10 m, longueur 84 m); haut du tablier ESTIME (classe de longueur) 5 m au milieu, 1.5 m aux culees (profil parabolique).",
    "kind": "bridge",
    "width_m": 10.2,
    "footprint_source": "mesh_axis"
   },
   "geometry": {
    "type": "LineString",
    "coordinates": [
     [
      1779.18,
      -877.09
     ],
     [
      1780.27,
      -883.92
     ],
     [
      1781.37,
      -890.74
     ],
     [
      1782.46,
      -897.56
     ],
     [
      1783.55,
      -904.38
     ],
     [
      1784.64,
      -911.2
     ],
     [
      1785.74,
      -918.03
     ],
     [
      1786.83,
      -924.85
     ],
     [
      1787.93,
      -931.67
     ],
     [
      1789.03,
      -938.49
     ],
     [
      1790.12,
      -945.31
     ],
     [
      1791.21,
      -952.14
     ]
    ]
   }
  },
  {
   "type": "Feature",
   "properties": {
    "name": "Vice City Bridge (1510, -1160)",
    "height_top_m": 6.0,
    "z_base_m": -0.5,
    "color": "#cbd5e1",
    "note": "VC-BRIDGES-V1 2026-09-30: plan V16 (troncon de chaussee au-dessus de l eau, axe polyligne, largeur 18 m, longueur 86 m); haut du tablier ESTIME (classe de longueur) 5 m au milieu, 1.5 m aux culees (profil parabolique).",
    "kind": "bridge",
    "width_m": 17.7,
    "footprint_source": "mesh_axis"
   },
   "geometry": {
    "type": "LineString",
    "coordinates": [
     [
      1523.78,
      -1122.18
     ],
     [
      1521.05,
      -1129.51
     ],
     [
      1518.33,
      -1136.85
     ],
     [
      1515.6,
      -1144.18
     ],
     [
      1512.88,
      -1151.51
     ],
     [
      1510.16,
      -1158.85
     ],
     [
      1507.43,
      -1166.18
     ],
     [
      1504.71,
      -1173.51
     ],
     [
      1501.99,
      -1180.84
     ],
     [
      1499.26,
      -1188.18
     ],
     [
      1496.54,
      -1195.51
     ],
     [
      1493.82,
      -1202.84
     ]
    ]
   }
  },
  {
   "type": "Feature",
   "properties": {
    "name": "Vice City Bridge (60, 1940)",
    "height_top_m": 6.0,
    "z_base_m": -0.5,
    "color": "#cbd5e1",
    "note": "VC-BRIDGES-V1 2026-09-30: plan V16 (troncon de chaussee au-dessus de l eau, axe polyligne, largeur 10 m, longueur 74 m); haut du tablier ESTIME (classe de longueur) 5 m au milieu, 1.5 m aux culees (profil parabolique).",
    "kind": "bridge",
    "width_m": 9.7,
    "footprint_source": "mesh_axis"
   },
   "geometry": {
    "type": "LineString",
    "coordinates": [
     [
      101.36,
      1947.4
     ],
     [
      95.62,
      1945.64
     ],
     [
      89.88,
      1943.89
     ],
     [
      84.14,
      1942.13
     ],
     [
      78.4,
      1940.37
     ],
     [
      72.67,
      1938.62
     ],
     [
      66.92,
      1936.86
     ],
     [
      61.18,
      1935.11
     ],
     [
      55.45,
      1933.35
     ],
     [
      49.71,
      1931.59
     ],
     [
      43.97,
      1929.83
     ],
     [
      38.23,
      1928.08
     ]
    ]
   }
  },
  {
   "type": "Feature",
   "properties": {
    "name": "Vice City Bridge (440, 1230)",
    "height_top_m": 6.0,
    "z_base_m": -0.5,
    "color": "#cbd5e1",
    "note": "VC-BRIDGES-V1 2026-09-30: plan V16 (troncon de chaussee au-dessus de l eau, axe polyligne, largeur 11 m, longueur 59 m); haut du tablier ESTIME (classe de longueur) 5 m au milieu, 1.5 m aux culees (profil parabolique).",
    "kind": "bridge",
    "width_m": 10.7,
    "footprint_source": "mesh_axis"
   },
   "geometry": {
    "type": "LineString",
    "coordinates": [
     [
      470.6,
      1239.92
     ],
     [
      460.72,
      1237.46
     ],
     [
      450.83,
      1235.01
     ],
     [
      445.89,
      1233.79
     ],
     [
      440.95,
      1232.56
     ],
     [
      436.01,
      1231.34
     ],
     [
      431.07,
      1230.11
     ],
     [
      421.18,
      1227.66
     ],
     [
      416.24,
      1226.43
     ]
    ]
   }
  },
  {
   "type": "Feature",
   "properties": {
    "name": "Vice City Bridge (-1010, 580)",
    "height_top_m": 5.9,
    "z_base_m": -0.5,
    "color": "#cbd5e1",
    "note": "VC-BRIDGES-V1 2026-09-30: plan V16 (troncon de chaussee au-dessus de l eau, axe polyligne, largeur 13 m, longueur 51 m); haut du tablier ESTIME (classe de longueur) 5 m au milieu, 1.5 m aux culees (profil parabolique).",
    "kind": "bridge",
    "width_m": 12.8,
    "footprint_source": "mesh_axis"
   },
   "geometry": {
    "type": "LineString",
    "coordinates": [
     [
      -1038.33,
      588.32
     ],
     [
      -1030.18,
      586.41
     ],
     [
      -1026.1,
      585.45
     ],
     [
      -1022.02,
      584.49
     ],
     [
      -1017.94,
      583.54
     ],
     [
      -1013.87,
      582.58
     ],
     [
      -1009.79,
      581.62
     ],
     [
      -1005.71,
      580.66
     ],
     [
      -1001.63,
      579.71
     ],
     [
      -997.55,
      578.75
     ],
     [
      -993.47,
      577.79
     ]
    ]
   }
  },
  {
   "type": "Feature",
   "properties": {
    "name": "Skyviews Miami Observation Wheel",
    "height_top_m": 68.9,
    "z_base_m": 0.0,
    "color": "#f5f5f4",
    "note": "WHEEL-V2 2026-09-30 (demande Alexandre): socle = polygone V16 2432; moyeu (31.3, 132.5, 36.0), rayon de jante 32.9 m, azimut du plan 61.1 deg AJUSTES sur le contour de la jante + moyeu dans 4 cams (Shoreline, Vice City 08, Port VC A, Megamundo; residus <= 11 px); coherent avec le socle V16 (64 deg) ",
    "kind": "building",
    "v16_polygon_id": 2432,
    "footprint_source": "v16",
    "footprint_area_m2": 1116.0
   },
   "geometry": {
    "type": "Polygon",
    "coordinates": [
     [
      [
       37.3,
       164.8
      ],
      [
       3.7,
       95.8
      ],
      [
       16.6,
       89.3
      ],
      [
       50.6,
       159.0
      ],
      [
       37.3,
       164.8
      ]
     ]
    ]
   }
  },
  {
   "type": "Feature",
   "properties": {
    "name": "Prison (Buildings)",
    "height_top_m": 30.0,
    "z_base_m": 11.8,
    "color": "#fca5a5",
    "note": "PRISON-V1 2026-09-30 (demande Alexandre): plan V16 (batiments 940-963, tours 964-981); hauteurs lues dans Prison (Aerial) (Biplane) recale sur les 6 tours (rms 5 px): blocs cellulaires 6-8 m a l egout + toit a deux pans, bloc blanc central 18 m, entrepot blanc nord 13 m, bloc est 12 m; petits batime",
    "kind": "building",
    "v16_polygon_id": null,
    "footprint_source": "mesh_base",
    "footprint_area_m2": 59234.0
   },
   "geometry": {
    "type": "Polygon",
    "coordinates": [
     [
      [
       -2863.1,
       -2737.3
      ],
      [
       -2947.8,
       -2782.1
      ],
      [
       -2961.0,
       -2803.3
      ],
      [
       -2989.6,
       -2856.6
      ],
      [
       -2928.0,
       -2912.4
      ],
      [
       -2915.3,
       -2921.8
      ],
      [
       -2632.2,
       -2970.4
      ],
      [
       -2594.7,
       -2961.3
      ],
      [
       -2596.6,
       -2953.7
      ],
      [
       -2598.6,
       -2946.0
      ],
      [
       -2626.1,
       -2853.7
      ],
      [
       -2659.8,
       -2826.4
      ],
      [
       -2671.7,
       -2818.0
      ],
      [
       -2781.9,
       -2740.3
      ],
      [
       -2863.1,
       -2737.3
      ]
     ]
    ]
   }
  },
  {
   "type": "Feature",
   "properties": {
    "name": "Prison Towers",
    "height_top_m": 38.3,
    "z_base_m": 11.8,
    "color": "#e5e7eb",
    "note": "PRISON-V1 2026-09-30 (demande Alexandre): plan V16 (batiments 940-963, tours 964-981); hauteurs lues dans Prison (Aerial) (Biplane) recale sur les 6 tours (rms 5 px): blocs cellulaires 6-8 m a l egout + toit a deux pans, bloc blanc central 18 m, entrepot blanc nord 13 m, bloc est 12 m; petits batime",
    "kind": "building",
    "v16_polygon_id": null,
    "footprint_source": "mesh_base",
    "footprint_area_m2": 58610.0
   },
   "geometry": {
    "type": "Polygon",
    "coordinates": [
     [
      [
       -2739.35,
       -2758.8
      ],
      [
       -2895.75,
       -2729.19
      ],
      [
       -2897.31,
       -2729.19
      ],
      [
       -2898.71,
       -2729.87
      ],
      [
       -3025.12,
       -2821.05
      ],
      [
       -3026.08,
       -2822.26
      ],
      [
       -3026.43,
       -2823.77
      ],
      [
       -3026.08,
       -2825.28
      ],
      [
       -3025.12,
       -2826.49
      ],
      [
       -2910.86,
       -2935.92
      ],
      [
       -2909.46,
       -2936.6
      ],
      [
       -2907.92,
       -2936.6
      ],
      [
       -2656.62,
       -2920.95
      ],
      [
       -2655.22,
       -2920.28
      ],
      [
       -2654.26,
       -2919.07
      ],
      [
       -2601.57,
       -2847.71
      ],
      [
       -2601.22,
       -2846.19
      ],
      [
       -2601.57,
       -2844.67
      ],
      [
       -2602.54,
       -2843.46
      ],
      [
       -2737.95,
       -2759.47
      ],
      [
       -2739.35,
       -2758.8
      ]
     ]
    ]
   }
  },
  {
   "type": "Feature",
   "properties": {
    "name": "Prison Fence",
    "height_top_m": 16.8,
    "z_base_m": 10.9,
    "color": "#a3a3a3",
    "note": "PRISON-V1 2026-09-30 (demande Alexandre): plan V16 (batiments 940-963, tours 964-981); hauteurs lues dans Prison (Aerial) (Biplane) recale sur les 6 tours (rms 5 px): blocs cellulaires 6-8 m a l egout + toit a deux pans, bloc blanc central 18 m, entrepot blanc nord 13 m, bloc est 12 m; petits batime",
    "kind": "building",
    "v16_polygon_id": null,
    "footprint_source": "mesh_base",
    "footprint_area_m2": 60362.0
   },
   "geometry": {
    "type": "Polygon",
    "coordinates": [
     [
      [
       -3029.94,
       -2823.38
      ],
      [
       -2971.87,
       -2880.69
      ],
      [
       -2931.22,
       -2920.8
      ],
      [
       -2913.79,
       -2937.99
      ],
      [
       -2897.39,
       -2936.93
      ],
      [
       -2864.57,
       -2934.8
      ],
      [
       -2708.69,
       -2924.68
      ],
      [
       -2651.26,
       -2920.95
      ],
      [
       -2607.46,
       -2860.08
      ],
      [
       -2597.73,
       -2846.55
      ],
      [
       -2625.28,
       -2828.63
      ],
      [
       -2673.5,
       -2797.27
      ],
      [
       -2728.61,
       -2761.43
      ],
      [
       -2735.5,
       -2756.95
      ],
      [
       -2790.73,
       -2747.08
      ],
      [
       -2869.61,
       -2732.99
      ],
      [
       -2901.17,
       -2727.36
      ],
      [
       -2920.49,
       -2741.76
      ],
      [
       -2997.75,
       -2799.37
      ],
      [
       -3029.94,
       -2823.38
      ]
     ]
    ]
   }
  },
  {
   "type": "Feature",
   "properties": {
    "name": "Container Crane (1)",
    "height_top_m": 73.2,
    "z_base_m": 4.7,
    "color": "#f59e0b",
    "note": "PORT-CRANES-V1 2026-09-30: plan = polygone V16 3140 (portique, local, arriere-bec, fleche 47 m au-dessus de l eau); sommet du chevalet = landmark Container Crane (1) (z 73.1), fleche z 45.2 (LM BB2).",
    "kind": "building",
    "v16_polygon_id": 3140,
    "footprint_source": "v16",
    "footprint_area_m2": 1186.0
   },
   "geometry": {
    "type": "Polygon",
    "coordinates": [
     [
      [
       950.3,
       -833.5
      ],
      [
       944.4,
       -804.9
      ],
      [
       948.1,
       -804.1
      ],
      [
       946.7,
       -797.2
      ],
      [
       949.1,
       -796.7
      ],
      [
       945.2,
       -777.5
      ],
      [
       952.4,
       -776.0
      ],
      [
       956.4,
       -795.2
      ],
      [
       958.6,
       -794.8
      ],
      [
       960.0,
       -801.6
      ],
      [
       964.7,
       -800.7
      ],
      [
       970.6,
       -829.3
      ],
      [
       963.7,
       -830.7
      ],
      [
       973.4,
       -877.2
      ],
      [
       966.2,
       -878.7
      ],
      [
       956.5,
       -832.2
      ],
      [
       950.3,
       -833.5
      ]
     ]
    ]
   }
  },
  {
   "type": "Feature",
   "properties": {
    "name": "Container Crane (2)",
    "height_top_m": 74.3,
    "z_base_m": 4.6,
    "color": "#f59e0b",
    "note": "PORT-CRANES-V1 2026-09-30: plan = polygone V16 3139 (portique, local, arriere-bec, fleche 47 m au-dessus de l eau); sommet du chevalet = landmark Container Crane (2) (z 74.3), fleche z 44.9 (LM BB2).",
    "kind": "building",
    "v16_polygon_id": 3139,
    "footprint_source": "v16",
    "footprint_area_m2": 1185.0
   },
   "geometry": {
    "type": "Polygon",
    "coordinates": [
     [
      [
       1109.5,
       -799.8
      ],
      [
       1103.5,
       -771.2
      ],
      [
       1107.3,
       -770.4
      ],
      [
       1105.9,
       -763.5
      ],
      [
       1108.3,
       -763.0
      ],
      [
       1104.3,
       -743.8
      ],
      [
       1111.5,
       -742.3
      ],
      [
       1115.5,
       -761.5
      ],
      [
       1117.7,
       -761.0
      ],
      [
       1119.2,
       -767.9
      ],
      [
       1123.8,
       -766.9
      ],
      [
       1129.8,
       -795.5
      ],
      [
       1122.9,
       -797.0
      ],
      [
       1132.6,
       -843.4
      ],
      [
       1125.4,
       -844.9
      ],
      [
       1115.7,
       -798.5
      ],
      [
       1109.5,
       -799.8
      ]
     ]
    ]
   }
  },
  {
   "type": "Feature",
   "properties": {
    "name": "Container Crane (3)",
    "height_top_m": 74.5,
    "z_base_m": 3.7,
    "color": "#f59e0b",
    "note": "PORT-CRANES-V1 2026-09-30: plan = polygone V16 3138 (portique, local, arriere-bec, fleche 47 m au-dessus de l eau); sommet du chevalet = landmark Container Crane (3) (z 74.5), fleche z 40.6 (LM BB2).",
    "kind": "building",
    "v16_polygon_id": 3138,
    "footprint_source": "v16",
    "footprint_area_m2": 1185.0
   },
   "geometry": {
    "type": "Polygon",
    "coordinates": [
     [
      [
       1262.0,
       -766.1
      ],
      [
       1256.0,
       -737.5
      ],
      [
       1259.8,
       -736.7
      ],
      [
       1258.4,
       -729.8
      ],
      [
       1260.8,
       -729.3
      ],
      [
       1256.8,
       -710.1
      ],
      [
       1264.0,
       -708.6
      ],
      [
       1268.0,
       -727.8
      ],
      [
       1270.2,
       -727.4
      ],
      [
       1271.7,
       -734.2
      ],
      [
       1276.3,
       -733.3
      ],
      [
       1282.3,
       -761.9
      ],
      [
       1275.4,
       -763.3
      ],
      [
       1285.1,
       -809.8
      ],
      [
       1277.9,
       -811.3
      ],
      [
       1268.2,
       -764.8
      ],
      [
       1262.0,
       -766.1
      ]
     ]
    ]
   }
  },
  {
   "type": "Feature",
   "properties": {
    "name": "Container Crane (4)",
    "height_top_m": 74.1,
    "z_base_m": 4.5,
    "color": "#f59e0b",
    "note": "PORT-CRANES-V1 2026-09-30: plan = polygone V16 3137 (portique, local, arriere-bec, fleche 47 m au-dessus de l eau); sommet du chevalet = landmark Container Crane (4) (z 74.1), fleche z 44.0 (mediane des BB2).",
    "kind": "building",
    "v16_polygon_id": 3137,
    "footprint_source": "v16",
    "footprint_area_m2": 1187.0
   },
   "geometry": {
    "type": "Polygon",
    "coordinates": [
     [
      [
       1364.3,
       -743.3
      ],
      [
       1358.4,
       -714.7
      ],
      [
       1362.1,
       -713.9
      ],
      [
       1360.7,
       -707.0
      ],
      [
       1363.2,
       -706.5
      ],
      [
       1359.2,
       -687.3
      ],
      [
       1366.4,
       -685.8
      ],
      [
       1370.4,
       -705.0
      ],
      [
       1372.6,
       -704.5
      ],
      [
       1374.0,
       -711.4
      ],
      [
       1378.7,
       -710.5
      ],
      [
       1384.6,
       -739.1
      ],
      [
       1377.8,
       -740.5
      ],
      [
       1387.4,
       -787.0
      ],
      [
       1380.2,
       -788.5
      ],
      [
       1370.5,
       -742.0
      ],
      [
       1364.3,
       -743.3
      ]
     ]
    ]
   }
  },
  {
   "type": "Feature",
   "properties": {
    "name": "Container Crane (5)",
    "height_top_m": 81.9,
    "z_base_m": 4.8,
    "color": "#f59e0b",
    "note": "PORT-CRANES-V1 2026-09-30: plan = polygone V16 3136 (portique, local, arriere-bec, fleche 47 m au-dessus de l eau); sommet du chevalet = landmark Container Crane (5) (z 81.9), fleche z 44.0 (mediane des BB2).",
    "kind": "building",
    "v16_polygon_id": 3136,
    "footprint_source": "v16",
    "footprint_area_m2": 1187.0
   },
   "geometry": {
    "type": "Polygon",
    "coordinates": [
     [
      [
       1513.2,
       -581.2
      ],
      [
       1494.0,
       -603.3
      ],
      [
       1491.1,
       -600.8
      ],
      [
       1486.5,
       -606.1
      ],
      [
       1484.7,
       -604.4
      ],
      [
       1471.8,
       -619.2
      ],
      [
       1466.2,
       -614.4
      ],
      [
       1479.1,
       -599.6
      ],
      [
       1477.4,
       -598.1
      ],
      [
       1482.0,
       -592.8
      ],
      [
       1478.4,
       -589.7
      ],
      [
       1497.6,
       -567.6
      ],
      [
       1502.9,
       -572.2
      ],
      [
       1534.1,
       -536.4
      ],
      [
       1539.6,
       -541.3
      ],
      [
       1508.5,
       -577.1
      ],
      [
       1513.2,
       -581.2
      ]
     ]
    ]
   }
  },
  {
   "type": "Feature",
   "properties": {
    "name": "Container Crane (6)",
    "height_top_m": 82.2,
    "z_base_m": 4.4,
    "color": "#f59e0b",
    "note": "PORT-CRANES-V1 2026-09-30: plan = polygone V16 3135 (portique, local, arriere-bec, fleche 47 m au-dessus de l eau); sommet du chevalet = landmark Container Crane (6) (z 82.2), fleche z 44.0 (mediane des BB2).",
    "kind": "building",
    "v16_polygon_id": 3135,
    "footprint_source": "v16",
    "footprint_area_m2": 1183.0
   },
   "geometry": {
    "type": "Polygon",
    "coordinates": [
     [
      [
       1378.5,
       -470.9
      ],
      [
       1359.3,
       -492.9
      ],
      [
       1356.4,
       -490.4
      ],
      [
       1351.8,
       -495.7
      ],
      [
       1349.9,
       -494.1
      ],
      [
       1337.1,
       -508.8
      ],
      [
       1331.5,
       -504.0
      ],
      [
       1344.4,
       -489.2
      ],
      [
       1342.7,
       -487.7
      ],
      [
       1347.3,
       -482.4
      ],
      [
       1343.7,
       -479.3
      ],
      [
       1362.9,
       -457.3
      ],
      [
       1368.2,
       -461.9
      ],
      [
       1399.4,
       -426.1
      ],
      [
       1404.9,
       -430.9
      ],
      [
       1373.8,
       -466.7
      ],
      [
       1378.5,
       -470.9
      ]
     ]
    ]
   }
  },
  {
   "type": "Feature",
   "properties": {
    "name": "Container Crane (7)",
    "height_top_m": 71.0,
    "z_base_m": 4.4,
    "color": "#f59e0b",
    "note": "PORT-CRANES-V1 2026-09-30: plan = polygone V16 3134 (portique, local, arriere-bec, fleche 47 m au-dessus de l eau); sommet du chevalet = landmark Container Crane (7) (z 71.0), fleche z 44.0 (mediane des BB2).",
    "kind": "building",
    "v16_polygon_id": 3134,
    "footprint_source": "v16",
    "footprint_area_m2": 1183.0
   },
   "geometry": {
    "type": "Polygon",
    "coordinates": [
     [
      [
       1271.4,
       -382.3
      ],
      [
       1252.2,
       -404.3
      ],
      [
       1249.3,
       -401.8
      ],
      [
       1244.7,
       -407.1
      ],
      [
       1242.8,
       -405.5
      ],
      [
       1229.9,
       -420.3
      ],
      [
       1224.4,
       -415.4
      ],
      [
       1237.3,
       -400.6
      ],
      [
       1235.6,
       -399.1
      ],
      [
       1240.2,
       -393.8
      ],
      [
       1236.6,
       -390.7
      ],
      [
       1255.8,
       -368.7
      ],
      [
       1261.1,
       -373.3
      ],
      [
       1292.2,
       -337.5
      ],
      [
       1297.8,
       -342.3
      ],
      [
       1266.6,
       -378.1
      ],
      [
       1271.4,
       -382.3
      ]
     ]
    ]
   }
  },
  {
   "type": "Feature",
   "properties": {
    "name": "Container Crane (8)",
    "height_top_m": 72.5,
    "z_base_m": 4.0,
    "color": "#f59e0b",
    "note": "PORT-CRANES-V1 2026-09-30: plan = polygone V16 3133 (portique, local, arriere-bec, fleche 47 m au-dessus de l eau); sommet du chevalet = landmark Container Crane (8) (z 72.5), fleche z 44.0 (mediane des BB2).",
    "kind": "building",
    "v16_polygon_id": 3133,
    "footprint_source": "v16",
    "footprint_area_m2": 1183.0
   },
   "geometry": {
    "type": "Polygon",
    "coordinates": [
     [
      [
       1172.3,
       -297.7
      ],
      [
       1153.1,
       -319.7
      ],
      [
       1150.2,
       -317.2
      ],
      [
       1145.6,
       -322.5
      ],
      [
       1143.7,
       -320.9
      ],
      [
       1130.9,
       -335.7
      ],
      [
       1125.3,
       -330.8
      ],
      [
       1138.2,
       -316.0
      ],
      [
       1136.5,
       -314.6
      ],
      [
       1141.1,
       -309.3
      ],
      [
       1137.5,
       -306.1
      ],
      [
       1156.7,
       -284.1
      ],
      [
       1162.0,
       -288.7
      ],
      [
       1193.1,
       -252.9
      ],
      [
       1198.7,
       -257.7
      ],
      [
       1167.5,
       -293.5
      ],
      [
       1172.3,
       -297.7
      ]
     ]
    ]
   }
  },
  {
   "type": "Feature",
   "properties": {
    "name": "Container Crane (9)",
    "height_top_m": 72.5,
    "z_base_m": 3.3,
    "color": "#f59e0b",
    "note": "PORT-CRANES-V1 2026-09-30: plan = polygone V16 3132 (portique, local, arriere-bec, fleche 47 m au-dessus de l eau); sommet du chevalet = landmark Container Crane (9) (z 72.5), fleche z 44.0 (mediane des BB2).",
    "kind": "building",
    "v16_polygon_id": 3132,
    "footprint_source": "v16",
    "footprint_area_m2": 1185.0
   },
   "geometry": {
    "type": "Polygon",
    "coordinates": [
     [
      [
       1077.2,
       -218.0
      ],
      [
       1058.0,
       -240.0
      ],
      [
       1055.1,
       -237.5
      ],
      [
       1050.5,
       -242.8
      ],
      [
       1048.6,
       -241.2
      ],
      [
       1035.7,
       -255.9
      ],
      [
       1030.2,
       -251.1
      ],
      [
       1043.0,
       -236.3
      ],
      [
       1041.3,
       -234.8
      ],
      [
       1045.9,
       -229.5
      ],
      [
       1042.3,
       -226.4
      ],
      [
       1061.5,
       -204.4
      ],
      [
       1066.8,
       -209.0
      ],
      [
       1098.0,
       -173.2
      ],
      [
       1103.5,
       -178.0
      ],
      [
       1072.4,
       -213.8
      ],
      [
       1077.2,
       -218.0
      ]
     ]
    ]
   }
  },
  {
   "type": "Feature",
   "properties": {
    "name": "Park Grove Condominium",
    "height_top_m": 100.2,
    "z_base_m": 8.7,
    "color": "#67e8f9",
    "note": "MISC-MESH-V1 2026-09-30: extrusion V16 [1756], toit = LM:Park Grove Condominium (N).",
    "kind": "building",
    "v16_polygon_id": 1756,
    "footprint_source": "v16",
    "footprint_area_m2": 1070.0
   },
   "geometry": {
    "type": "Polygon",
    "coordinates": [
     [
      [
       -1311.7,
       -2015.9
      ],
      [
       -1335.3,
       -2030.5
      ],
      [
       -1361.0,
       -2015.1
      ],
      [
       -1335.3,
       -1987.1
      ],
      [
       -1311.7,
       -2015.9
      ]
     ]
    ]
   }
  },
  {
   "type": "Feature",
   "properties": {
    "name": "Park Grove Condominium (C)",
    "height_top_m": 99.3,
    "z_base_m": 7.4,
    "color": "#67e8f9",
    "note": "MISC-MESH-V1 2026-09-30: extrusion V16 [1621], toit = LM:Park Grove Condominium (C).",
    "kind": "building",
    "v16_polygon_id": 1621,
    "footprint_source": "v16",
    "footprint_area_m2": 2489.0
   },
   "geometry": {
    "type": "Polygon",
    "coordinates": [
     [
      [
       -1315.0,
       -2102.7
      ],
      [
       -1315.5,
       -2106.0
      ],
      [
       -1315.5,
       -2106.1
      ],
      [
       -1316.2,
       -2108.5
      ],
      [
       -1317.3,
       -2110.8
      ],
      [
       -1318.1,
       -2112.1
      ],
      [
       -1319.8,
       -2114.5
      ],
      [
       -1320.1,
       -2114.8
      ],
      [
       -1323.9,
       -2118.1
      ],
      [
       -1325.2,
       -2118.7
      ],
      [
       -1328.1,
       -2119.8
      ],
      [
       -1331.6,
       -2120.5
      ],
      [
       -1332.1,
       -2120.5
      ],
      [
       -1333.3,
       -2120.5
      ],
      [
       -1336.6,
       -2119.8
      ],
      [
       -1338.0,
       -2119.4
      ],
      [
       -1342.9,
       -2117.1
      ],
      [
       -1347.3,
       -2114.5
      ],
      [
       -1351.7,
       -2110.4
      ],
      [
       -1352.0,
       -2110.1
      ],
      [
       -1352.0,
       -2110.0
      ],
      [
       -1355.2,
       -2105.5
      ],
      [
       -1356.9,
       -2102.2
      ],
      [
       -1358.1,
       -2098.9
      ],
      [
       -1358.3,
       -2098.2
      ],
      [
       -1358.6,
       -2095.4
      ],
      [
       -1358.6,
       -2094.9
      ],
      [
       -1358.2,
       -2093.0
      ],
      [
       -1357.5,
       -2091.1
      ],
      [
       -1357.3,
       -2090.9
      ],
      [
       -1355.9,
       -2088.5
      ],
      [
       -1355.1,
       -2087.4
      ],
      [
       -1353.0,
       -2085.0
      ],
      [
       -1349.0,
       -2081.7
      ],
      [
       -1348.1,
       -2081.1
      ],
      [
       -1346.6,
       -2080.3
      ],
      [
       -1343.0,
       -2078.8
      ],
      [
       -1341.3,
       -2078.3
      ],
      [
       -1339.6,
       -2078.0
      ],
      [
       -1337.7,
       -2077.6
      ],
      [
       -1337.2,
       -2077.5
      ],
      [
       -1334.7,
       -2076.3
      ],
      [
       -1334.4,
       -2076.2
      ],
      [
       -1329.7,
       -2072.9
      ],
      [
       -1328.9,
       -2072.2
      ],
      [
       -1326.6,
       -2069.4
      ],
      [
       -1325.3,
       -2067.1
      ],
      [
       -1325.2,
       -2066.9
      ],
      [
       -1324.0,
       -2063.7
      ],
      [
       -1323.9,
       -2063.5
      ],
      [
       -1323.6,
       -2061.9
      ],
      [
       -1323.0,
       -2059.7
      ],
      [
       -1322.7,
       -2059.1
      ],
      [
       -1321.7,
       -2057.3
      ],
      [
       -1320.7,
       -2056.2
      ],
      [
       -1319.9,
       -2055.6
      ],
      [
       -1317.1,
       -2053.9
      ],
      [
       -1316.7,
       -2053.7
      ],
      [
       -1314.7,
       -2053.2
      ],
      [
       -1313.4,
       -2053.2
      ],
      [
       -1312.5,
       -2053.3
      ],
      [
       -1310.6,
       -2053.6
      ],
      [
       -1308.7,
       -2054.3
      ],
      [
       -1307.4,
       -2055.1
      ],
      [
       -1303.6,
       -2057.7
      ],
      [
       -1300.0,
       -2060.5
      ],
      [
       -1296.9,
       -2063.5
      ],
      [
       -1295.7,
       -2065.3
      ],
      [
       -1293.3,
       -2069.5
      ],
      [
       -1292.4,
       -2071.3
      ],
      [
       -1291.8,
       -2072.9
      ],
      [
       -1291.5,
       -2075.4
      ],
      [
       -1291.5,
       -2075.5
      ],
      [
       -1291.6,
       -2076.6
      ],
      [
       -1292.0,
       -2079.0
      ],
      [
       -1292.1,
       -2079.4
      ],
      [
       -1292.9,
       -2081.5
      ],
      [
       -1295.0,
       -2084.6
      ],
      [
       -1295.4,
       -2085.1
      ],
      [
       -1296.7,
       -2086.3
      ],
      [
       -1299.2,
       -2088.1
      ],
      [
       -1299.4,
       -2088.2
      ],
      [
       -1302.0,
       -2089.4
      ],
      [
       -1303.8,
       -2089.8
      ],
      [
       -1304.5,
       -2090.1
      ],
      [
       -1307.4,
       -2091.6
      ],
      [
       -1307.5,
       -2091.6
      ],
      [
       -1309.7,
       -2093.3
      ],
      [
       -1311.8,
       -2095.7
      ],
      [
       -1312.3,
       -2096.3
      ],
      [
       -1313.7,
       -2098.5
      ],
      [
       -1314.8,
       -2101.8
      ],
      [
       -1315.0,
       -2102.7
      ]
     ]
    ]
   }
  },
  {
   "type": "Feature",
   "properties": {
    "name": "Park Grove Condominium (S)",
    "height_top_m": 99.1,
    "z_base_m": 5.8,
    "color": "#67e8f9",
    "note": "MISC-MESH-V1 2026-09-30: extrusion V16 [1488], toit = LM:Park Grove Condominium (S).",
    "kind": "building",
    "v16_polygon_id": 1488,
    "footprint_source": "v16",
    "footprint_area_m2": 2489.0
   },
   "geometry": {
    "type": "Polygon",
    "coordinates": [
     [
      [
       -1321.4,
       -2183.3
      ],
      [
       -1321.8,
       -2186.6
      ],
      [
       -1321.8,
       -2186.7
      ],
      [
       -1322.6,
       -2189.2
      ],
      [
       -1323.7,
       -2191.5
      ],
      [
       -1324.5,
       -2192.8
      ],
      [
       -1326.1,
       -2195.1
      ],
      [
       -1326.4,
       -2195.4
      ],
      [
       -1330.3,
       -2198.7
      ],
      [
       -1331.6,
       -2199.3
      ],
      [
       -1334.5,
       -2200.4
      ],
      [
       -1337.9,
       -2201.1
      ],
      [
       -1338.4,
       -2201.2
      ],
      [
       -1339.6,
       -2201.2
      ],
      [
       -1342.9,
       -2200.5
      ],
      [
       -1344.4,
       -2200.0
      ],
      [
       -1349.3,
       -2197.8
      ],
      [
       -1353.7,
       -2195.1
      ],
      [
       -1358.0,
       -2191.1
      ],
      [
       -1358.3,
       -2190.7
      ],
      [
       -1361.5,
       -2186.2
      ],
      [
       -1363.3,
       -2182.8
      ],
      [
       -1364.5,
       -2179.5
      ],
      [
       -1364.6,
       -2178.8
      ],
      [
       -1365.0,
       -2176.0
      ],
      [
       -1364.9,
       -2175.5
      ],
      [
       -1364.5,
       -2173.7
      ],
      [
       -1363.8,
       -2171.8
      ],
      [
       -1363.7,
       -2171.5
      ],
      [
       -1362.3,
       -2169.2
      ],
      [
       -1361.4,
       -2168.0
      ],
      [
       -1359.4,
       -2165.6
      ],
      [
       -1355.3,
       -2162.4
      ],
      [
       -1354.5,
       -2161.8
      ],
      [
       -1352.9,
       -2160.9
      ],
      [
       -1349.4,
       -2159.5
      ],
      [
       -1347.6,
       -2159.0
      ],
      [
       -1346.0,
       -2158.7
      ],
      [
       -1344.0,
       -2158.3
      ],
      [
       -1343.5,
       -2158.1
      ],
      [
       -1341.0,
       -2156.9
      ],
      [
       -1340.8,
       -2156.8
      ],
      [
       -1336.0,
       -2153.6
      ],
      [
       -1335.3,
       -2152.8
      ],
      [
       -1332.9,
       -2150.0
      ],
      [
       -1331.6,
       -2147.7
      ],
      [
       -1331.5,
       -2147.5
      ],
      [
       -1330.3,
       -2144.4
      ],
      [
       -1330.3,
       -2144.2
      ],
      [
       -1330.0,
       -2142.5
      ],
      [
       -1329.3,
       -2140.4
      ],
      [
       -1329.1,
       -2139.7
      ],
      [
       -1328.0,
       -2137.9
      ],
      [
       -1327.0,
       -2136.9
      ],
      [
       -1326.3,
       -2136.2
      ],
      [
       -1323.4,
       -2134.5
      ],
      [
       -1323.1,
       -2134.4
      ],
      [
       -1321.0,
       -2133.9
      ],
      [
       -1319.8,
       -2133.8
      ],
      [
       -1318.9,
       -2133.9
      ],
      [
       -1317.0,
       -2134.2
      ],
      [
       -1315.1,
       -2135.0
      ],
      [
       -1313.7,
       -2135.7
      ],
      [
       -1310.0,
       -2138.3
      ],
      [
       -1306.4,
       -2141.2
      ],
      [
       -1303.3,
       -2144.2
      ],
      [
       -1302.0,
       -2146.0
      ],
      [
       -1299.6,
       -2150.1
      ],
      [
       -1298.8,
       -2151.9
      ],
      [
       -1298.2,
       -2153.5
      ],
      [
       -1297.8,
       -2156.0
      ],
      [
       -1297.8,
       -2156.2
      ],
      [
       -1297.9,
       -2157.2
      ],
      [
       -1298.4,
       -2159.6
      ],
      [
       -1298.5,
       -2160.0
      ],
      [
       -1299.2,
       -2162.1
      ],
      [
       -1301.3,
       -2165.3
      ],
      [
       -1301.8,
       -2165.7
      ],
      [
       -1303.0,
       -2167.0
      ],
      [
       -1305.6,
       -2168.8
      ],
      [
       -1305.8,
       -2168.9
      ],
      [
       -1308.3,
       -2170.0
      ],
      [
       -1310.2,
       -2170.5
      ],
      [
       -1310.8,
       -2170.7
      ],
      [
       -1313.8,
       -2172.2
      ],
      [
       -1313.8,
       -2172.3
      ],
      [
       -1316.0,
       -2174.0
      ],
      [
       -1318.2,
       -2176.3
      ],
      [
       -1318.6,
       -2177.0
      ],
      [
       -1320.0,
       -2179.2
      ],
      [
       -1321.2,
       -2182.4
      ],
      [
       -1321.4,
       -2183.3
      ]
     ]
    ]
   }
  },
  {
   "type": "Feature",
   "properties": {
    "name": "Bank of America Financial Center (Miami Beach)",
    "height_top_m": 66.5,
    "z_base_m": 3.3,
    "color": "#93c5fd",
    "note": "MISC-MESH-V1 2026-09-30: extrusion V16 [3466, 3465], toit = LM:Bank of America Financial Center (NW).",
    "kind": "building",
    "v16_polygon_id": 3465,
    "footprint_source": "v16",
    "footprint_area_m2": 1316.0
   },
   "geometry": {
    "type": "Polygon",
    "coordinates": [
     [
      [
       1705.9,
       1359.18
      ],
      [
       1703.6,
       1380.48
      ],
      [
       1704.0,
       1380.54
      ],
      [
       1703.4,
       1385.85
      ],
      [
       1732.5,
       1388.92
      ],
      [
       1732.5,
       1389.15
      ],
      [
       1739.4,
       1390.0
      ],
      [
       1740.1,
       1384.9
      ],
      [
       1739.6,
       1384.84
      ],
      [
       1742.7,
       1357.95
      ],
      [
       1734.0,
       1356.66
      ],
      [
       1734.6,
       1351.56
      ],
      [
       1707.8,
       1348.12
      ],
      [
       1706.4,
       1359.26
      ],
      [
       1705.9,
       1359.18
      ]
     ]
    ]
   }
  },
  {
   "type": "Feature",
   "properties": {
    "name": "1500 Ocean Dr",
    "height_top_m": 62.4,
    "z_base_m": 4.1,
    "color": "#60a5fa",
    "note": "FOOTPRINT-MESH-V1 2026-09-30: extrusion de l'empreinte V16 (polygone 3335, 47 sommets, 6054 m2), sol 4.1 (heightmap), toit 62.4 (mediane de 4 coins), coins a 6.8 m du bord (mediane); anneaux tous les 25.0 m",
    "kind": "building",
    "v16_polygon_id": null,
    "footprint_source": "mesh_base",
    "footprint_area_m2": 7519.0
   },
   "geometry": {
    "type": "Polygon",
    "coordinates": [
     [
      [
       2121.5,
       957.7
      ],
      [
       2121.6,
       997.1
      ],
      [
       2061.1,
       999.9
      ],
      [
       1982.0,
       1000.6
      ],
      [
       1960.3,
       998.1
      ],
      [
       1957.0,
       992.8
      ],
      [
       1956.7,
       985.5
      ],
      [
       1956.6,
       976.4
      ],
      [
       1960.1,
       954.1
      ],
      [
       1976.1,
       953.9
      ],
      [
       2058.9,
       952.9
      ],
      [
       2107.7,
       953.2
      ],
      [
       2121.5,
       957.7
      ]
     ]
    ]
   }
  },
  {
   "type": "Feature",
   "properties": {
    "name": "Jade Ocean Condos",
    "height_top_m": 202.8,
    "z_base_m": 2.7,
    "color": "#f97316",
    "note": "FOOTPRINT-MESH-V1 2026-09-30: extrusion de l'empreinte V16 (polygone 3584, 33 sommets, 2889 m2), sol 2.7 (heightmap), toit 202.8 (mediane de 2 coins), coins a 4.6 m du bord (mediane); anneaux tous les 25.0 m",
    "kind": "building",
    "v16_polygon_id": 3584,
    "footprint_source": "v16",
    "footprint_area_m2": 2889.0
   },
   "geometry": {
    "type": "Polygon",
    "coordinates": [
     [
      [
       1637.0,
       2555.9
      ],
      [
       1647.3,
       2532.38
      ],
      [
       1664.5,
       2516.86
      ],
      [
       1663.7,
       2515.94
      ],
      [
       1668.6,
       2509.9
      ],
      [
       1666.0,
       2506.85
      ],
      [
       1672.7,
       2499.73
      ],
      [
       1665.5,
       2495.37
      ],
      [
       1664.4,
       2495.18
      ],
      [
       1662.5,
       2492.22
      ],
      [
       1659.5,
       2489.27
      ],
      [
       1655.1,
       2487.16
      ],
      [
       1655.5,
       2486.65
      ],
      [
       1648.1,
       2482.41
      ],
      [
       1643.5,
       2487.16
      ],
      [
       1640.0,
       2484.12
      ],
      [
       1635.3,
       2490.98
      ],
      [
       1633.0,
       2489.29
      ],
      [
       1622.1,
       2513.5
      ],
      [
       1605.7,
       2527.66
      ],
      [
       1606.9,
       2529.25
      ],
      [
       1602.5,
       2534.51
      ],
      [
       1604.4,
       2537.3
      ],
      [
       1598.7,
       2542.32
      ],
      [
       1604.8,
       2550.16
      ],
      [
       1605.6,
       2549.27
      ],
      [
       1609.4,
       2553.91
      ],
      [
       1615.1,
       2558.29
      ],
      [
       1615.3,
       2559.6
      ],
      [
       1620.9,
       2565.63
      ],
      [
       1626.1,
       2558.25
      ],
      [
       1629.7,
       2561.45
      ],
      [
       1634.6,
       2554.22
      ],
      [
       1637.0,
       2555.9
      ]
     ]
    ]
   }
  },
  {
   "type": "Feature",
   "properties": {
    "name": "Hotel Breakwater",
    "height_top_m": 26.5,
    "z_base_m": 3.3,
    "color": "#38bdf8",
    "note": "FOOTPRINT-MESH-V1 2026-09-30: extrusion de l'empreinte V16 (polygone 3279, 12 sommets, 954 m2), sol 3.3 (heightmap), toit 26.5 (mediane de 1 coins), coins a 2.9 m du bord (mediane); anneaux tous les 25.0 m",
    "kind": "building",
    "v16_polygon_id": 3279,
    "footprint_source": "v16",
    "footprint_area_m2": 954.0
   },
   "geometry": {
    "type": "Polygon",
    "coordinates": [
     [
      [
       1938.4,
       592.1
      ],
      [
       1975.1,
       586.8
      ],
      [
       1974.3,
       580.2
      ],
      [
       1976.4,
       579.8
      ],
      [
       1975.8,
       576.1
      ],
      [
       1973.8,
       576.4
      ],
      [
       1971.5,
       559.6
      ],
      [
       1954.5,
       562.2
      ],
      [
       1955.5,
       570.2
      ],
      [
       1946.6,
       571.5
      ],
      [
       1945.4,
       563.5
      ],
      [
       1934.4,
       565.2
      ],
      [
       1938.4,
       592.1
      ]
     ]
    ]
   }
  },
  {
   "type": "Feature",
   "properties": {
    "name": "McAlpin Ocean Plaza",
    "height_top_m": 17.5,
    "z_base_m": 4.2,
    "color": "#a3e635",
    "note": "FOOTPRINT-MESH-V1 2026-09-30: extrusion de l'empreinte V16 (polygone 3324, 4 sommets, 553 m2), sol 4.2 (heightmap), toit 17.5 (mediane de 3 coins), coins a 4.6 m du bord (mediane); anneaux tous les 25.0 m",
    "kind": "building",
    "v16_polygon_id": 3324,
    "footprint_source": "v16",
    "footprint_area_m2": 553.0
   },
   "geometry": {
    "type": "Polygon",
    "coordinates": [
     [
      [
       2027.4,
       862.6
      ],
      [
       2025.3,
       847.7
      ],
      [
       1988.8,
       853.0
      ],
      [
       1990.5,
       867.7
      ],
      [
       2027.4,
       862.6
      ]
     ]
    ]
   }
  },
  {
   "type": "Feature",
   "properties": {
    "name": "Wheelabrator South Broward (North Hall)",
    "height_top_m": 55.2,
    "z_base_m": 11.4,
    "color": "#94a3b8",
    "note": "MISC-MESH-V1 2026-09-30: extrusion V16 RECT (V16 1302/1301), toit = 55.2.",
    "kind": "building",
    "v16_polygon_id": null,
    "footprint_source": "mesh_base",
    "footprint_area_m2": 5414.0
   },
   "geometry": {
    "type": "Polygon",
    "coordinates": [
     [
      [
       -2429.2,
       2669.0
      ],
      [
       -2276.8,
       2669.0
      ],
      [
       -2278.3,
       2704.3
      ],
      [
       -2429.2,
       2705.1
      ],
      [
       -2429.2,
       2669.0
      ]
     ]
    ]
   }
  },
  {
   "type": "Feature",
   "properties": {
    "name": "Wheelabrator South Broward (Boiler Band)",
    "height_top_m": 45.0,
    "z_base_m": 11.0,
    "color": "#94a3b8",
    "note": "MISC-MESH-V1 2026-09-30: extrusion V16 RECT (V16 1302/1301), toit = 45.0.",
    "kind": "building",
    "v16_polygon_id": null,
    "footprint_source": "mesh_base",
    "footprint_area_m2": 4877.0
   },
   "geometry": {
    "type": "Polygon",
    "coordinates": [
     [
      [
       -2444.4,
       2669.0
      ],
      [
       -2444.0,
       2641.4
      ],
      [
       -2262.8,
       2642.4
      ],
      [
       -2263.0,
       2668.6
      ],
      [
       -2444.4,
       2669.0
      ]
     ]
    ]
   }
  },
  {
   "type": "Feature",
   "properties": {
    "name": "Wheelabrator South Broward (Middle)",
    "height_top_m": 40.0,
    "z_base_m": 11.0,
    "color": "#94a3b8",
    "note": "MISC-MESH-V1 2026-09-30: extrusion V16 RECT (V16 1302/1301), toit = 40.0.",
    "kind": "building",
    "v16_polygon_id": null,
    "footprint_source": "mesh_base",
    "footprint_area_m2": 2413.0
   },
   "geometry": {
    "type": "Polygon",
    "coordinates": [
     [
      [
       -2388.3,
       2641.7
      ],
      [
       -2387.9,
       2615.0
      ],
      [
       -2297.8,
       2614.5
      ],
      [
       -2298.3,
       2641.4
      ],
      [
       -2388.3,
       2641.7
      ]
     ]
    ]
   }
  },
  {
   "type": "Feature",
   "properties": {
    "name": "Wheelabrator South Broward (South Hall)",
    "height_top_m": 63.1,
    "z_base_m": 11.0,
    "color": "#94a3b8",
    "note": "MISC-MESH-V1 2026-09-30: extrusion V16 RECT (V16 1302/1301), toit = 63.1.",
    "kind": "building",
    "v16_polygon_id": null,
    "footprint_source": "mesh_base",
    "footprint_area_m2": 3315.0
   },
   "geometry": {
    "type": "Polygon",
    "coordinates": [
     [
      [
       -2371.0,
       2614.5
      ],
      [
       -2370.5,
       2557.0
      ],
      [
       -2312.2,
       2557.6
      ],
      [
       -2313.1,
       2614.2
      ],
      [
       -2371.0,
       2614.5
      ]
     ]
    ]
   }
  },
  {
   "type": "Feature",
   "properties": {
    "name": "Wheelabrator South Broward (Stack)",
    "height_top_m": 100.0,
    "z_base_m": 11.3,
    "color": "#94a3b8",
    "note": "MISC-MESH-V1 2026-09-30: extrusion V16 CYL (V16 1302/1301), toit = LM:Wheelabrator South Broward.",
    "kind": "building",
    "v16_polygon_id": null,
    "footprint_source": "mesh_base",
    "footprint_area_m2": 79.0
   },
   "geometry": {
    "type": "Polygon",
    "coordinates": [
     [
      [
       -2377.88,
       2501.81
      ],
      [
       -2375.83,
       2500.83
      ],
      [
       -2373.57,
       2500.83
      ],
      [
       -2371.52,
       2501.81
      ],
      [
       -2370.11,
       2503.59
      ],
      [
       -2369.6,
       2505.8
      ],
      [
       -2370.11,
       2508.01
      ],
      [
       -2371.52,
       2509.79
      ],
      [
       -2373.57,
       2510.77
      ],
      [
       -2375.83,
       2510.77
      ],
      [
       -2377.88,
       2509.79
      ],
      [
       -2379.29,
       2508.01
      ],
      [
       -2379.8,
       2505.8
      ],
      [
       -2379.29,
       2503.59
      ],
      [
       -2377.88,
       2501.81
      ]
     ]
    ]
   }
  },
  {
   "type": "Feature",
   "properties": {
    "name": "Maison Grande Condominium",
    "height_top_m": 63.6,
    "z_base_m": 3.6,
    "color": "#facc15",
    "note": "FOOTPRINT-MESH-V1 2026-09-30: extrusion de l'empreinte V16 (polygone 3582, 25 sommets, 5611 m2), sol 3.6 (heightmap), toit 63.6 (mediane de 4 coins), coins a 8.3 m du bord (mediane); anneaux tous les 25.0 m",
    "kind": "building",
    "v16_polygon_id": 3582,
    "footprint_source": "v16",
    "footprint_area_m2": 5611.0
   },
   "geometry": {
    "type": "Polygon",
    "coordinates": [
     [
      [
       1630.0,
       2442.22
      ],
      [
       1686.6,
       2477.12
      ],
      [
       1700.1,
       2455.62
      ],
      [
       1665.5,
       2434.23
      ],
      [
       1676.1,
       2424.18
      ],
      [
       1704.5,
       2441.89
      ],
      [
       1718.1,
       2419.94
      ],
      [
       1689.8,
       2402.23
      ],
      [
       1694.9,
       2389.72
      ],
      [
       1724.4,
       2400.7
      ],
      [
       1733.6,
       2376.8
      ],
      [
       1703.7,
       2366.07
      ],
      [
       1706.6,
       2357.27
      ],
      [
       1694.5,
       2355.0
      ],
      [
       1695.5,
       2350.59
      ],
      [
       1690.7,
       2349.59
      ],
      [
       1690.4,
       2350.63
      ],
      [
       1682.1,
       2347.25
      ],
      [
       1672.6,
       2382.18
      ],
      [
       1662.9,
       2397.77
      ],
      [
       1654.2,
       2409.32
      ],
      [
       1644.1,
       2420.11
      ],
      [
       1635.2,
       2427.72
      ],
      [
       1626.5,
       2434.0
      ],
      [
       1631.2,
       2441.26
      ],
      [
       1630.0,
       2442.22
      ]
     ]
    ]
   }
  },
  {
   "type": "Feature",
   "properties": {
    "name": "Sherry Frontenac Oceanfront Hotel",
    "height_top_m": 49.2,
    "z_base_m": 2.9,
    "color": "#60a5fa",
    "note": "FOOTPRINT-MESH-V1 2026-09-30: extrusion de l'empreinte V16 (polygone 3585, 44 sommets, 2782 m2), sol 2.9 (heightmap), toit 49.2 (mediane de 2 coins), coins a 8.3 m du bord (mediane); anneaux tous les 25.0 m",
    "kind": "building",
    "v16_polygon_id": 3585,
    "footprint_source": "v16",
    "footprint_area_m2": 2782.0
   },
   "geometry": {
    "type": "Polygon",
    "coordinates": [
     [
      [
       1562.7,
       2596.75
      ],
      [
       1574.7,
       2583.2
      ],
      [
       1563.7,
       2573.87
      ],
      [
       1564.7,
       2572.46
      ],
      [
       1571.7,
       2578.82
      ],
      [
       1572.6,
       2577.78
      ],
      [
       1574.5,
       2579.71
      ],
      [
       1584.7,
       2567.88
      ],
      [
       1583.0,
       2566.13
      ],
      [
       1583.7,
       2565.33
      ],
      [
       1573.2,
       2556.74
      ],
      [
       1573.5,
       2555.2
      ],
      [
       1563.8,
       2547.14
      ],
      [
       1564.7,
       2546.04
      ],
      [
       1550.4,
       2536.11
      ],
      [
       1545.3,
       2542.47
      ],
      [
       1541.6,
       2538.87
      ],
      [
       1540.9,
       2544.22
      ],
      [
       1541.2,
       2544.46
      ],
      [
       1537.1,
       2551.91
      ],
      [
       1536.7,
       2551.45
      ],
      [
       1535.6,
       2554.16
      ],
      [
       1533.6,
       2557.58
      ],
      [
       1531.6,
       2560.16
      ],
      [
       1528.4,
       2563.39
      ],
      [
       1526.3,
       2565.06
      ],
      [
       1526.5,
       2565.3
      ],
      [
       1518.7,
       2570.84
      ],
      [
       1518.2,
       2570.41
      ],
      [
       1513.7,
       2572.08
      ],
      [
       1517.8,
       2574.96
      ],
      [
       1512.2,
       2581.28
      ],
      [
       1525.0,
       2593.97
      ],
      [
       1525.8,
       2592.92
      ],
      [
       1535.0,
       2600.68
      ],
      [
       1536.9,
       2600.61
      ],
      [
       1546.8,
       2609.18
      ],
      [
       1547.4,
       2608.44
      ],
      [
       1549.2,
       2610.18
      ],
      [
       1559.6,
       2598.07
      ],
      [
       1557.4,
       2596.34
      ],
      [
       1558.5,
       2594.99
      ],
      [
       1551.0,
       2588.67
      ],
      [
       1551.9,
       2587.64
      ],
      [
       1562.7,
       2596.75
      ]
     ]
    ]
   }
  }
 ]
}