ply
format ascii 1.0
element vertex 16816
property float x
property float y
property float z
property uchar red
property uchar green
property uchar blue
end_header
1694.565 -232.028 -8.474 0 0 0
1694.079 -231.706 -8.458 0 0 0
1694.079 -231.706 -8.458 0 0 0
1723.135 -180.227 111.601 110 104 100
1720.296 -182.917 96.599 234 228 216
1712.125 -184.404 36.894 240 243 241
1718.435 -182.160 82.530 221 160 149
1723.163 -191.774 132.612 109 119 117
1708.526 -184.939 13.234 229 214 206
1720.760 -190.181 89.115 169 191 189
1701.047 -197.755 -9.340 228 219 213
1714.745 -178.478 66.621 168 170 172
1716.403 -180.111 75.102 226 229 227
1698.860 -227.779 58.789 227 229 227
1710.437 -176.524 41.009 225 224 221
1710.065 -176.145 37.858 228 228 227
1717.613 -180.880 82.149 224 224 223
1717.022 -180.573 78.480 227 229 227
1715.272 -179.625 68.403 225 220 216
1696.823 -227.554 45.440 228 231 231
1696.823 -227.554 45.440 228 231 231
1695.961 -225.885 42.176 226 228 227
1709.045 -174.432 31.467 226 228 229
1719.155 -181.478 91.189 110 112 116
1718.207 -180.959 86.491 105 108 115
1718.070 -180.171 85.786 225 225 223
1715.588 -178.835 71.805 223 223 222
1714.738 -176.045 66.557 188 190 192
1714.200 -176.417 63.770 228 231 231
1719.326 -199.775 65.431 226 224 220
1715.567 -186.610 57.217 227 229 228
1715.783 -191.362 53.297 225 228 226
1710.617 -173.970 41.503 227 228 224
1711.692 -189.957 29.240 226 227 229
1706.690 -174.067 17.479 225 220 218
1707.790 -186.952 7.815 131 160 167
1690.454 -221.846 9.306 177 187 190
1705.145 -172.519 8.569 188 199 202
1700.940 -200.225 -6.611 105 92 102
1701.284 -196.645 -8.952 229 220 216
1724.665 -182.823 124.099 230 230 226
1721.570 -181.551 105.185 151 175 179
1721.332 -180.851 105.015 226 225 220
1721.133 -180.780 104.019 226 224 220
1721.192 -182.837 103.209 187 188 182
1722.760 -190.966 102.342 187 208 210
1709.481 -238.137 91.982 106 120 140
1721.400 -189.819 92.865 171 191 194
1721.846 -198.237 86.823 191 177 168
1700.019 -224.597 76.957 226 224 220
1717.099 -178.390 81.023 229 229 229
1714.833 -177.027 67.448 219 222 222
1715.023 -179.009 67.601 161 159 160
1716.521 -185.581 65.455 165 161 166
1715.579 -185.667 58.870 222 222 220
1715.348 -184.811 57.728 209 202 197
1712.598 -178.124 53.167 225 216 211
1695.875 -227.851 41.252 112 123 129
1693.245 -223.940 27.620 124 137 149
1708.531 -173.556 29.126 164 183 193
1707.109 -172.568 20.225 86 89 105
1690.682 -223.464 12.627 159 180 184
1706.132 -171.956 15.446 145 164 175
1706.232 -173.960 14.935 223 216 213
1705.161 -172.703 10.051 194 201 203
1690.185 -221.673 7.589 175 186 190
1689.779 -221.927 5.280 226 220 215
1700.603 -227.349 5.029 116 124 142
1707.624 -187.702 6.536 222 219 219
1717.517 -208.776 109.284 225 221 215
1711.271 -238.518 104.262 106 120 140
1721.406 -182.179 104.554 216 223 222
1723.836 -205.338 93.530 227 226 225
1709.166 -236.774 91.326 155 167 183
1709.166 -236.774 91.326 155 167 183
1716.965 -178.969 79.679 177 196 198
1719.047 -188.293 80.262 151 158 161
1717.058 -185.670 69.286 221 209 202
1718.942 -201.812 65.325 223 218 216
1698.061 -226.864 54.269 115 133 149
1716.789 -191.313 58.959 189 200 202
1712.454 -176.872 53.645 195 198 201
1713.179 -193.705 38.045 221 224 224
1709.138 -174.562 32.755 214 216 214
1707.994 -172.971 25.376 190 207 211
1709.754 -190.823 13.639 203 203 203
1690.966 -223.085 13.971 196 211 215
1705.529 -171.776 12.886 113 112 121
1706.231 -173.206 14.943 161 174 174
1701.279 -228.102 3.879 127 143 158
1706.133 -194.735 5.750 202 176 165
1726.847 -187.581 130.798 222 211 198
1708.368 -185.870 -3.525 206 220 218
1697.308 -207.386 6.600 184 209 214
1698.663 -208.805 15.745 231 233 231
1705.185 -223.909 100.828 235 239 235
1711.935 -197.078 39.316 158 155 152
1714.783 -166.764 27.879 238 241 239
1694.316 -215.461 29.880 231 236 237
1702.284 -201.329 -4.043 231 213 204
1725.499 -205.068 118.356 159 146 143
1711.029 -186.567 22.825 229 215 206
1721.813 -201.796 79.873 214 220 220
1716.650 -183.360 68.736 223 205 196
1709.821 -210.209 56.480 220 218 217
1711.325 -200.717 43.723 170 190 202
1705.727 -213.351 57.898 211 223 225
1723.097 -194.033 97.458 228 212 203
1715.017 -195.950 49.887 218 213 207
1710.984 -204.910 46.979 125 126 129
1713.597 -195.256 38.126 201 209 205
1705.876 -189.079 -6.586 174 181 188
1701.247 -203.518 -7.599 168 155 161
1701.024 -203.481 -7.599 168 155 161
1722.940 -191.259 99.451 162 173 177
1709.208 -169.327 19.722 207 198 195
1707.026 -172.975 19.406 183 181 185
1702.967 -194.956 -3.282 186 187 191
1702.368 -199.487 -3.606 198 199 201
1719.455 -181.044 93.894 206 207 205
1711.391 -209.312 60.814 93 88 95
1726.433 -192.973 121.604 232 231 226
1723.168 -180.969 114.662 205 203 199
1720.623 -211.179 95.814 229 225 220
1715.329 -169.401 41.463 220 222 220
1711.274 -182.988 33.662 227 230 230
1708.209 -175.036 27.263 225 227 227
1721.636 -187.477 134.977 228 228 224
1727.341 -204.594 125.290 197 203 202
1723.898 -190.860 108.369 227 229 228
1720.545 -182.957 98.876 226 224 220
1723.669 -196.273 100.415 229 230 227
1714.612 -212.235 82.765 226 228 229
1719.644 -193.763 76.965 228 231 231
1707.123 -214.318 63.114 227 222 220
1700.048 -219.175 63.479 227 228 227
1714.650 -195.778 48.971 219 216 213
1715.884 -192.887 44.273 220 213 210
1712.547 -197.555 42.637 227 229 228
1696.409 -224.462 43.998 228 217 211
1696.409 -224.462 43.998 228 217 211
1711.092 -188.377 26.113 230 231 230
1691.228 -214.849 19.649 226 229 226
1692.208 -212.927 12.854 225 216 212
1711.772 -164.705 10.942 228 231 231
1707.505 -187.312 5.426 227 229 228
1705.041 -196.589 5.045 230 228 224
1690.621 -218.781 8.658 228 231 231
1690.127 -222.401 8.285 225 229 228
1690.127 -222.401 8.285 225 229 228
1701.396 -199.480 -5.582 227 226 228
1701.579 -201.538 -4.181 228 217 212
1700.864 -201.211 -7.348 226 215 212
1725.153 -183.998 127.784 191 206 206
1727.786 -205.129 129.000 161 163 168
1724.896 -182.066 124.966 173 169 167
1722.519 -179.598 109.154 192 194 191
1721.070 -181.976 102.577 227 229 228
1726.756 -172.910 95.498 223 225 223
1720.086 -182.115 96.737 178 198 199
1716.985 -176.593 77.953 226 225 223
1720.555 -205.616 78.877 226 228 230
1719.195 -204.230 68.671 225 228 226
1714.047 -197.292 49.077 223 220 218
1712.001 -199.458 44.930 158 178 187
1710.349 -205.399 42.783 177 183 188
1695.917 -227.240 41.989 228 232 231
1710.407 -176.652 39.381 222 223 221
1713.359 -190.274 38.539 188 213 215
1711.595 -182.865 35.120 225 228 228
1703.913 -204.741 16.215 177 191 194
1690.223 -216.051 16.596 229 227 223
1691.405 -214.272 15.292 128 139 152
1709.798 -167.843 10.772 223 229 230
1690.454 -221.846 9.306 176 186 189
1707.329 -186.711 4.251 147 171 182
1706.480 -186.209 -0.252 146 164 160
1709.382 -183.972 -3.719 219 193 185
1702.693 -196.129 -2.018 226 222 220
1701.807 -200.549 -3.209 142 140 147
1701.547 -200.416 -4.756 150 143 148
1695.517 -213.380 -16.501 218 194 186
1731.422 -174.917 121.167 121 148 158
1723.503 -213.454 120.211 229 227 222
1721.671 -180.985 107.364 230 229 224
1721.904 -182.534 107.478 215 223 223
1721.491 -181.569 105.121 151 175 180
1721.321 -183.684 103.371 223 216 212
1724.652 -196.277 106.344 196 207 206
1720.320 -181.430 99.119 229 230 227
1719.606 -182.557 93.926 221 214 207
1721.807 -190.160 95.320 178 193 193
1718.731 -179.463 91.205 217 221 221
1718.865 -176.632 85.867 227 225 224
1718.478 -181.744 86.458 221 217 215
1717.982 -176.904 82.335 228 224 224
1717.752 -180.587 83.121 148 177 179
1720.443 -206.266 77.565 226 224 223
1716.568 -185.238 66.322 221 207 201
1716.521 -185.581 65.455 165 161 166
1719.741 -201.352 67.561 224 222 220
1706.884 -212.864 60.012 221 222 218
1709.747 -208.305 50.186 181 208 210
1696.657 -219.244 52.835 190 198 192
1717.775 -168.069 43.496 64 67 83
1710.885 -201.647 43.277 166 187 200
1712.281 -184.013 39.486 190 206 204
1713.128 -194.338 38.547 185 197 195
1695.710 -226.908 40.612 220 225 225
1694.015 -226.135 31.864 225 231 231
1708.830 -174.239 30.026 200 217 221
1705.821 -173.032 12.619 94 93 105
1708.106 -189.726 5.053 224 224 224
1705.613 -194.210 4.535 175 168 170
1709.378 -184.618 -4.270 217 226 224
1707.700 -186.238 -8.150 223 214 211
1722.433 -189.907 99.823 210 209 206
1722.313 -189.818 98.892 217 212 207
1724.294 -204.230 94.550 220 217 217
1723.705 -208.162 96.818 217 214 210
1721.846 -198.237 86.823 192 178 169
1721.592 -206.335 84.846 204 213 214
1709.992 -217.174 86.466 229 222 217
1719.163 -200.439 64.613 182 186 188
1710.856 -200.934 41.309 198 207 213
1710.039 -199.045 34.715 208 188 179
1707.815 -197.807 21.934 227 226 221
1705.758 -172.437 13.299 210 205 203
1705.602 -172.368 12.546 185 180 181
1710.148 -175.083 -14.128 229 225 216
1700.822 -206.326 11.890 152 131 125
1715.207 -215.417 -18.963 102 43 58
1790.789 -215.251 121.159 73 88 113
1702.260 -208.890 30.560 194 188 189
1698.827 -218.294 56.764 236 235 235
1718.265 -214.704 106.579 235 241 241
1706.172 -201.260 13.007 217 225 223
1719.521 -210.449 89.147 228 226 222
1725.153 -169.022 62.660 59 70 91
1705.448 -212.544 54.431 97 104 109
1710.050 -201.869 34.626 226 224 220
1706.462 -187.983 -2.771 153 159 174
1721.398 -216.090 121.361 198 213 216
1723.847 -168.530 52.673 87 110 130
1711.468 -209.417 60.846 93 89 94
1723.266 -166.569 25.214 219 216 212
1725.559 -205.192 118.267 168 156 151
1724.053 -210.764 122.900 230 231 228
1725.710 -173.447 92.104 225 228 228
1722.040 -209.371 91.731 226 224 220
1710.645 -215.071 82.821 228 231 231
1725.120 -169.336 71.441 218 223 222
1718.443 -207.672 73.417 205 204 199
1717.970 -170.639 56.253 157 151 152
1706.987 -187.082 -4.748 226 217 212
1706.077 -188.707 -4.513 230 229 231
1723.886 -210.761 101.873 229 226 222
1711.663 -217.164 93.473 230 229 227
1711.076 -216.770 89.917 227 229 228
1705.157 -222.398 94.024 227 230 230
1722.687 -171.852 75.224 223 229 230
1710.128 -215.195 79.800 232 229 227
1709.515 -215.179 78.658 96 99 104
1709.405 -215.086 78.690 96 99 104
1713.709 -210.219 72.486 227 229 231
1713.260 -209.576 69.165 226 228 230
1708.534 -213.758 69.691 224 228 228
1707.469 -214.836 69.780 225 230 229
1699.622 -220.191 66.864 227 229 228
1706.083 -212.073 55.913 230 230 231
1705.484 -213.260 56.043 225 230 230
1714.986 -194.686 45.958 227 226 226
1700.380 -216.876 42.435 208 179 181
1702.700 -209.973 35.979 227 230 230
1706.310 -205.152 28.908 227 229 230
1705.554 -206.491 28.964 227 229 229
1701.339 -209.544 29.288 227 230 231
1701.227 -209.557 25.854 228 232 231
1704.832 -204.627 18.653 228 231 231
1698.930 -209.420 19.228 230 231 231
1710.601 -166.019 9.273 223 221 219
1698.520 -207.473 12.295 228 231 231
1698.333 -208.649 12.311 227 229 229
1697.252 -208.070 8.990 227 229 228
1692.356 -213.551 14.546 78 77 88
1691.087 -213.314 9.443 228 231 231
1703.683 -201.890 7.184 222 216 214
1701.186 -202.401 3.061 134 171 174
1701.545 -202.073 1.935 229 228 227
1706.816 -182.049 -9.826 228 213 205
1702.933 -186.589 -11.552 228 217 211
1732.039 -199.380 -26.415 219 193 185
1711.367 -217.990 133.147 143 140 110
1721.979 -216.340 125.136 183 202 207
1725.723 -175.908 109.916 208 207 203
1720.962 -215.816 117.538 195 197 196
1714.401 -218.543 108.069 197 205 209
1718.145 -213.737 100.933 128 168 180
1713.269 -218.376 103.468 226 227 225
1706.354 -224.669 107.332 227 229 228
1725.410 -169.979 77.540 167 197 200
1715.809 -211.536 84.579 216 221 220
1715.405 -211.648 85.276 94 122 133
1710.339 -214.961 81.104 211 218 218
1712.002 -210.727 69.140 227 228 228
1720.309 -168.133 53.969 152 180 191
1711.486 -208.760 59.283 228 231 231
1706.340 -212.950 60.635 130 145 158
1709.661 -208.000 51.539 182 208 210
1705.735 -212.078 52.851 226 224 223
1719.044 -166.134 40.612 192 203 203
1716.091 -170.795 44.800 224 222 220
1706.237 -209.996 41.730 226 218 212
1703.917 -210.027 39.673 216 198 190
1707.544 -206.083 35.704 229 229 228
1696.124 -215.761 39.195 179 197 200
1705.944 -205.654 29.726 144 153 157
1705.501 -204.996 22.071 227 228 224
1698.126 -207.502 11.468 101 106 120
1698.079 -207.906 9.695 150 152 158
1691.718 -213.072 11.979 154 160 162
1691.718 -213.072 11.979 154 160 162
1692.215 -212.673 11.477 226 216 212
1706.809 -192.997 4.203 219 216 212
1705.438 -194.363 2.639 202 184 176
1704.509 -201.469 7.686 118 108 113
1703.211 -201.556 3.725 224 213 208
1697.514 -207.779 8.131 187 208 215
1704.759 -192.624 -1.621 227 224 222
1700.655 -202.200 -0.673 150 144 159
1700.655 -202.200 -0.673 150 144 159
1726.651 -206.663 129.745 227 226 221
1710.808 -226.572 128.457 230 229 226
1728.702 -174.335 107.486 198 213 216
1724.364 -176.669 110.556 190 183 179
1709.321 -226.327 122.050 198 205 206
1715.407 -219.310 114.557 157 153 150
1718.345 -213.986 103.096 226 227 227
1716.175 -213.960 94.575 178 176 177
1722.181 -208.955 90.241 221 225 222
1718.649 -210.238 87.503 228 224 219
1705.545 -221.844 94.963 106 120 130
1702.929 -224.235 90.743 227 226 224
1716.867 -211.032 85.786 228 222 218
1715.750 -210.534 81.023 199 195 190
1715.222 -211.700 83.583 188 213 215
1713.714 -210.727 75.013 181 205 209
1709.923 -214.581 77.905 218 211 207
1709.230 -214.982 76.439 224 223 223
1709.316 -214.071 74.681 220 220 218
1709.368 -213.775 72.137 208 204 200
1708.711 -213.837 71.822 222 225 223
1709.087 -213.313 70.542 211 206 203
1708.198 -214.451 72.308 152 179 188
1708.212 -213.305 67.601 214 211 211
1708.528 -212.417 63.770 227 216 212
1706.377 -214.598 66.856 184 172 174
1699.537 -220.304 65.698 218 220 220
1707.275 -212.781 61.721 210 210 208
1698.898 -218.911 60.968 131 143 155
1699.995 -217.343 58.716 226 219 215
1713.418 -198.209 49.036 219 215 212
1710.220 -207.460 51.223 217 222 221
1698.524 -219.055 58.035 157 182 188
1697.748 -218.328 54.334 103 104 110
1751.287 -203.525 43.415 58 72 100
1707.733 -205.280 34.286 194 195 191
1707.733 -205.280 34.286 194 195 191
1702.949 -209.712 33.298 205 198 195
1695.799 -215.776 37.510 172 197 205
1694.770 -217.827 39.268 186 185 184
1706.992 -204.853 29.847 189 182 178
1702.486 -209.080 31.775 190 186 187
1702.486 -209.080 31.775 190 186 187
1702.260 -208.890 30.560 194 188 189
1701.783 -208.687 27.685 201 207 207
1701.783 -208.687 27.685 201 207 207
1693.506 -215.748 29.353 177 189 194
1705.480 -204.525 23.489 215 216 215
1704.873 -204.973 23.084 102 98 109
1700.816 -207.990 21.367 204 202 200
1700.816 -207.990 21.367 204 202 200
1692.777 -215.193 24.210 101 102 112
1700.268 -207.569 18.159 205 205 204
1703.352 -202.336 9.144 197 188 187
1703.352 -202.336 9.144 197 188 187
1699.565 -207.096 14.036 179 167 162
1699.431 -207.019 13.283 179 167 162
1699.173 -207.480 14.530 221 216 216
1699.238 -207.314 11.566 201 198 197
1697.882 -207.730 8.860 227 229 228
1697.546 -208.565 11.104 225 225 225
1691.224 -213.047 10.294 154 172 177
1750.890 -201.309 -4.286 119 96 117
1707.334 -192.317 5.418 223 220 216
1702.246 -201.853 2.486 186 185 185
1698.076 -207.196 7.686 226 224 220
1691.020 -212.947 8.650 199 205 206
1702.118 -201.761 1.060 207 200 198
1707.808 -186.871 -5.460 157 153 159
1707.464 -186.647 -7.421 152 130 140
1727.901 -203.496 125.071 199 203 201
1718.878 -220.297 128.797 200 199 196
1718.699 -220.102 127.898 199 192 189
1711.913 -225.664 128.821 229 227 223
1709.202 -225.361 118.575 215 217 215
1715.470 -216.580 108.344 225 222 216
1715.348 -217.511 107.923 211 206 197
1714.905 -217.889 108.191 225 227 226
1709.585 -224.122 115.513 230 229 224
1717.737 -214.416 102.205 224 226 225
1706.969 -223.844 105.971 196 203 206
1723.920 -208.435 97.912 220 218 220
1723.587 -207.728 94.931 177 179 179
1716.277 -214.111 95.449 200 190 185
1712.459 -218.663 100.933 201 193 190
1711.494 -218.082 95.733 180 173 173
1706.265 -223.175 101.743 215 223 225
1716.866 -211.811 90.460 199 201 201
1716.094 -210.856 83.315 210 199 196
1711.023 -214.539 81.906 191 206 210
1714.418 -209.542 73.142 193 189 183
1762.287 -208.671 61.219 186 190 202
1759.519 -206.782 50.778 118 126 140
1750.395 -203.456 46.614 63 77 101
1710.862 -207.294 51.466 184 170 167
1705.506 -211.736 51.742 218 227 227
1705.126 -212.312 52.211 166 176 180
1713.661 -197.661 48.396 102 100 102
1752.179 -204.170 31.799 147 144 155
1701.917 -208.764 28.535 206 209 208
1694.419 -214.931 29.143 177 198 210
1705.367 -203.783 19.520 181 170 169
1705.367 -203.783 19.520 181 170 169
1703.137 -202.640 7.661 181 174 176
1702.819 -202.436 5.636 204 204 203
1702.873 -201.600 2.534 222 211 203
1702.873 -201.600 2.534 222 211 203
1698.600 -206.995 8.237 205 202 201
1723.948 -241.271 127.331 111 126 148
1755.452 -230.196 117.416 73 88 111
1754.469 -229.058 111.123 46 58 76
1723.537 -213.655 -10.547 141 147 156
1728.794 -210.871 -11.584 196 201 204
1760.086 -230.681 101.638 167 172 181
1766.462 -233.804 113.529 157 167 183
1753.173 -228.783 105.631 168 176 188
1756.071 -221.437 36.214 154 159 173
1750.906 -225.770 67.002 39 53 73
1751.709 -215.860 -3.201 141 140 151
1715.445 -214.982 -10.393 46 50 67
1761.628 -230.783 96.567 57 71 99
1761.030 -230.393 92.801 56 63 84
1762.200 -230.772 88.572 176 186 199
1760.133 -229.559 83.955 168 183 203
1747.765 -224.859 75.831 165 184 200
1757.502 -228.041 72.761 66 78 102
1751.671 -226.341 67.634 183 193 205
1747.649 -221.952 32.334 122 121 132
1743.020 -220.619 16.968 175 192 204
1747.228 -221.144 9.209 190 201 211
1745.573 -220.461 3.385 50 66 92
1744.451 -219.775 -3.014 113 137 172
1750.587 -216.149 -3.727 57 68 95
1757.996 -231.072 113.537 145 160 180
1706.321 -235.356 95.012 137 177 188
1763.413 -231.533 95.644 174 184 198
1763.706 -231.691 94.283 88 99 123
1763.111 -231.275 90.646 91 102 126
1733.449 -220.489 76.852 47 60 80
1757.984 -228.212 71.684 136 149 173
1757.249 -227.832 67.925 130 145 167
1673.141 -213.951 -21.685 0 0 0
1749.643 -223.168 26.761 112 129 159
1741.544 -220.032 13.761 175 190 204
1748.937 -222.464 16.515 113 148 179
1748.258 -221.798 11.809 73 99 133
1747.551 -221.395 11.549 133 155 177
1700.291 -227.094 3.053 100 101 114
1718.868 -214.564 -12.516 47 54 68
1714.853 -174.651 -17.813 207 169 169
1717.615 -220.524 130.255 230 230 224
1725.216 -174.876 93.821 115 121 124
1727.807 -172.004 95.425 220 223 223
1722.504 -173.677 84.838 227 226 224
1716.241 -221.002 129.485 229 228 224
1714.429 -217.882 106.870 228 232 231
1748.288 -204.406 89.779 82 96 125
1727.116 -170.349 86.102 122 146 148
1714.200 -216.884 134.256 193 183 173
1714.368 -216.028 99.669 229 224 221
1719.532 -219.285 130.992 224 217 209
1718.485 -219.865 131.373 216 216 212
1718.860 -218.285 123.313 216 210 200
1717.366 -217.380 114.557 215 211 203
1714.324 -217.063 105.291 216 219 216
1754.638 -207.110 91.351 48 58 73
1729.944 -171.803 86.102 175 197 206
1729.944 -171.803 86.102 175 197 206
1717.160 -214.398 101.792 193 193 191
1713.490 -217.623 102.699 162 182 190
1713.102 -217.397 100.973 164 183 188
1708.031 -222.694 106.076 226 215 205
1707.363 -222.919 106.101 132 146 152
1706.586 -223.212 104.772 208 215 218
1737.592 -196.585 6.811 62 69 91
1750.922 -203.229 41.949 127 126 135
1746.217 -199.858 2.429 134 115 142
1712.677 -173.904 -10.231 234 216 206
1718.551 -164.912 4.300 212 190 194
1749.842 -200.497 7.702 171 158 166
1720.571 -174.953 -12.248 135 93 132
1719.147 -166.659 46.290 183 210 216
1724.442 -167.074 29.961 201 211 211
1742.637 -199.851 8.763 147 144 152
1725.123 -168.850 62.669 97 116 132
1709.319 -211.297 62.588 229 215 210
1717.736 -164.372 19.147 87 119 150
1727.696 -184.022 -3.363 37 49 75
1748.166 -204.680 79.622 43 53 78
1735.130 -171.984 78.221 77 76 87
1732.579 -171.203 73.280 208 214 212
1733.495 -171.016 64.459 52 58 67
1722.176 -170.490 70.096 107 125 144
1745.128 -202.840 63.106 38 49 74
1732.616 -171.716 61.769 129 136 152
1760.111 -207.365 56.440 131 126 132
1723.993 -167.725 55.824 110 149 172
1752.827 -204.787 50.672 72 86 119
1752.827 -204.787 50.672 72 86 119
1717.561 -168.072 43.042 64 73 91
1717.561 -168.072 43.042 64 73 91
1716.072 -166.478 32.966 121 160 182
1716.072 -166.478 32.966 121 160 182
1748.434 -201.687 26.980 27 35 54
1726.151 -167.498 24.647 62 68 80
1701.946 -209.894 30.925 212 220 222
1717.211 -164.157 15.640 125 137 148
1717.097 -163.857 15.567 125 137 148
1713.020 -165.447 16.183 93 99 105
1708.383 -186.276 -3.873 208 221 220
1749.421 -204.769 86.523 44 54 76
1749.437 -205.131 86.596 44 54 76
1729.744 -171.536 82.522 89 131 155
1716.872 -212.195 92.954 227 227 227
1716.872 -212.195 92.954 227 227 227
1747.447 -203.925 72.599 37 44 63
1721.927 -172.684 76.358 180 175 184
1721.927 -172.684 76.358 180 175 184
1721.766 -170.237 66.686 128 157 174
1721.766 -170.237 66.686 128 157 174
1745.865 -202.698 66.184 49 60 85
1727.396 -169.241 59.915 185 195 195
1743.314 -200.622 58.254 94 109 134
1743.876 -200.553 52.139 47 58 82
1721.695 -166.871 51.231 229 231 231
1721.695 -166.871 51.231 229 231 231
1726.604 -167.496 33.622 206 207 206
1726.604 -167.496 33.622 206 207 206
1748.834 -200.988 15.648 145 114 140
1734.711 -193.777 8.439 34 39 57
1711.876 -164.033 9.265 170 199 207
1718.753 -174.933 -10.102 126 81 129
1732.307 -198.798 -24.058 227 203 190
1747.139 -203.859 82.003 91 103 121
1725.347 -170.199 81.695 230 232 231
1744.543 -203.058 76.511 54 68 91
1743.483 -201.815 67.650 53 70 97
1746.428 -202.071 53.750 162 180 197
1722.275 -167.103 54.633 229 232 230
1719.425 -165.399 37.842 228 232 231
1759.238 -205.203 31.160 78 81 87
1727.014 -168.149 35.485 126 127 139
1715.449 -168.036 34.659 229 231 231
1715.430 -167.859 34.610 229 231 231
1714.996 -167.958 31.249 228 230 229
1757.976 -203.816 17.487 46 53 74
1735.383 -192.587 21.180 149 151 165
1723.896 -165.891 19.544 221 223 219
1717.115 -164.273 24.307 228 232 231
1754.278 -202.542 14.376 120 120 140
1753.747 -201.863 10.829 119 121 143
1753.668 -202.040 10.780 119 121 143
1750.161 -202.031 15.575 196 172 172
1725.298 -166.507 17.057 82 83 93
1716.010 -163.471 17.616 230 232 231
1732.259 -190.602 9.500 36 46 62
1752.118 -205.641 80.570 161 177 197
1751.310 -205.326 79.703 27 34 52
1745.874 -204.112 84.182 49 66 92
1726.809 -169.724 81.412 228 231 231
1726.209 -169.936 78.431 226 229 228
1755.648 -206.575 72.777 157 174 195
1751.642 -205.297 77.354 166 177 195
1750.999 -204.629 73.749 157 177 201
1748.447 -204.326 73.757 116 127 150
1745.789 -202.371 75.296 102 116 144
1725.047 -169.419 75.766 152 193 199
1721.837 -171.651 71.757 229 231 230
1755.151 -206.398 69.643 161 174 194
1754.956 -206.018 64.928 39 53 73
1753.971 -205.403 62.758 168 182 200
1748.272 -203.167 63.892 173 187 201
1747.466 -202.808 60.498 179 194 209
1728.416 -168.684 57.647 226 226 221
1728.416 -168.684 57.647 226 226 221
1753.264 -204.600 52.341 177 195 212
1721.447 -167.328 53.548 105 147 160
1751.033 -203.438 45.804 174 184 203
1719.055 -166.786 44.735 230 231 228
1747.212 -203.058 39.284 80 86 103
1744.095 -202.034 35.242 63 63 83
1744.095 -202.034 35.242 63 63 83
1743.454 -200.348 29.710 182 189 203
1714.795 -168.808 35.825 137 131 147
1756.539 -203.957 23.351 197 207 215
1755.794 -203.439 19.957 189 206 220
1747.592 -200.771 18.329 181 196 215
1741.765 -198.824 19.423 165 183 201
1739.245 -198.030 21.294 113 124 142
1711.095 -166.682 23.902 224 224 221
1754.708 -202.432 13.186 198 210 220
1739.911 -197.591 11.979 31 45 70
1753.556 -201.795 8.723 64 65 81
1753.317 -201.574 7.435 60 61 74
1744.488 -199.141 8.374 198 202 211
1745.178 -199.023 4.729 200 210 214
1738.951 -197.119 9.776 187 193 205
1739.295 -197.202 6.025 190 198 210
1738.298 -196.793 6.333 187 193 204
1737.455 -197.092 9.792 148 151 160
1737.455 -197.092 9.792 148 151 160
1706.890 -171.070 11.647 230 231 231
1734.149 -195.557 2.607 37 47 66
1717.578 -164.089 3.838 133 101 132
1738.327 -196.150 -0.763 185 197 206
1738.327 -196.150 -0.763 185 197 206
1737.803 -196.271 -4.213 183 189 200
1736.937 -195.628 -4.942 64 68 95
1724.482 -179.709 -1.524 143 98 135
1714.516 -174.253 -0.682 223 201 193
1700.989 -202.605 0.866 171 191 200
1733.727 -194.554 -6.019 37 41 59
1725.724 -184.607 -7.664 201 206 212
1725.724 -184.607 -7.664 201 206 212
1715.238 -175.221 -19.012 185 137 160
1752.806 -206.187 88.313 84 100 124
1753.328 -206.429 87.390 174 191 207
1758.158 -207.488 79.338 174 188 202
1758.158 -207.488 79.338 174 188 202
1757.031 -206.933 79.849 176 186 199
1752.715 -206.014 83.947 177 191 204
1752.712 -206.039 83.988 177 191 204
1751.535 -205.497 84.271 179 189 205
1752.083 -205.919 83.405 51 72 111
1751.252 -205.575 82.684 124 141 166
1751.252 -205.575 82.684 124 141 166
1750.890 -205.192 80.894 164 182 204
1745.378 -203.953 85.235 124 140 165
1735.247 -172.240 77.346 67 70 78
1729.191 -171.184 81.031 216 223 224
1729.451 -171.397 77.103 224 226 228
1716.525 -212.218 89.593 224 224 224
1711.339 -216.160 90.711 152 174 179
1711.686 -216.137 89.820 227 229 228
1757.470 -207.182 76.123 163 178 198
1756.937 -206.608 72.421 159 175 194
1756.100 -206.555 71.935 34 49 78
1749.278 -204.572 77.411 145 159 179
1750.645 -204.409 74.681 46 60 90
1749.037 -204.217 74.746 77 84 103
1749.992 -204.402 73.928 161 179 201
1733.494 -171.637 74.843 195 192 189
1728.848 -171.120 76.147 101 127 153
1755.260 -206.092 66.970 96 123 158
1750.481 -204.221 70.461 157 176 198
1732.842 -170.850 63.811 77 73 82
1763.391 -208.462 59.858 55 76 111
1754.714 -205.725 63.738 39 53 83
1754.053 -205.218 59.971 28 36 56
1746.173 -203.181 65.277 48 58 82
1746.173 -203.181 65.277 48 58 82
1744.320 -200.653 61.470 102 116 144
1743.312 -201.304 64.977 96 115 140
1716.123 -173.851 64.475 227 228 224
1762.697 -208.188 56.634 123 150 181
1762.191 -207.670 53.094 71 97 130
1761.866 -207.366 51.393 90 111 148
1753.828 -204.887 55.638 166 183 205
1753.188 -204.770 55.063 61 87 121
1748.062 -202.603 56.796 168 185 202
1746.328 -202.257 57.922 56 67 83
1729.340 -168.421 57.598 100 93 96
1727.046 -168.633 56.990 223 224 223
1726.132 -169.174 56.715 223 225 223
1724.119 -167.959 57.638 222 231 231
1707.174 -213.685 65.171 106 118 139
1760.904 -206.938 47.327 174 190 209
1752.251 -203.910 49.636 60 82 112
1752.779 -204.216 48.737 175 187 203
1746.913 -202.136 50.243 169 184 204
1744.708 -200.835 50.656 133 145 162
1745.991 -201.539 50.292 170 188 209
1722.031 -166.994 52.592 217 225 227
1717.033 -170.612 54.293 229 228 226
1751.668 -203.765 42.459 154 159 168
1747.492 -202.429 42.670 122 118 125
1745.637 -201.160 45.715 37 49 65
1735.807 -191.774 42.645 200 207 215
1724.154 -168.338 47.052 223 219 217
1723.454 -167.840 47.319 215 221 221
1723.454 -167.840 47.319 215 221 221
1719.091 -168.141 48.242 229 231 233
1719.827 -166.607 43.885 80 87 105
1734.786 -191.337 40.288 20 34 53
1734.422 -190.980 38.806 18 25 44
1722.161 -167.140 40.653 222 225 226
1717.234 -168.387 41.568 229 229 228
1740.601 -199.388 32.439 51 60 84
1748.297 -201.121 26.048 37 43 55
1747.724 -200.715 22.622 91 116 156
1735.899 -192.462 29.394 36 43 55
1735.899 -192.462 29.394 36 43 55
1718.068 -164.981 28.900 216 224 225
1719.882 -165.966 27.425 213 222 223
1716.165 -166.288 31.467 230 231 230
1715.714 -166.026 28.163 228 232 231
1747.488 -200.725 20.913 96 121 159
1747.220 -200.650 19.212 102 130 157
1746.903 -200.447 17.633 91 116 156
1747.080 -200.588 21.901 170 186 203
1740.916 -198.260 18.969 90 127 165
1739.362 -198.526 22.055 113 124 142
1738.941 -198.196 19.658 125 135 157
1718.433 -164.559 23.934 217 226 228
1717.808 -164.369 20.727 215 221 224
1713.028 -167.419 25.554 122 116 122
1746.101 -200.276 15.089 178 194 209
1746.356 -199.982 14.239 109 134 162
1745.255 -199.429 11.509 192 202 215
1740.056 -198.081 16.652 172 191 211
1753.024 -201.754 5.669 51 54 71
1745.348 -199.400 9.047 50 64 87
1739.963 -197.534 9.549 183 192 204
1739.963 -197.534 9.549 183 192 204
1739.038 -196.963 7.135 38 45 66
1722.698 -167.566 8.812 230 231 229
1715.086 -163.095 12.149 222 229 229
1714.349 -162.998 12.060 107 147 171
1715.451 -163.053 10.205 103 134 158
1714.113 -162.812 11.088 228 231 231
1714.790 -162.626 9.848 221 228 229
1752.611 -201.029 -0.544 194 208 219
1745.103 -199.371 3.004 170 190 203
1744.133 -198.682 2.510 110 130 157
1736.448 -196.386 4.988 159 161 174
1731.789 -189.586 5.645 56 63 85
1747.088 -204.750 -6.441 113 116 124
1737.577 -196.082 -1.411 57 68 95
1737.195 -196.143 -0.398 194 197 208
1730.786 -189.468 -4.464 140 141 157
1730.786 -189.468 -4.464 140 141 157
1723.951 -179.827 -3.160 123 99 127
1718.544 -164.688 2.461 148 122 140
1726.810 -185.215 -7.145 58 73 104
1726.351 -185.072 -8.790 57 68 96
1725.042 -184.108 -8.231 64 73 102
1724.304 -183.416 -10.993 127 115 134
1733.415 -198.600 -21.458 224 201 192
1717.044 -176.123 -16.606 194 141 145
1757.640 -207.338 84.636 142 157 183
1757.268 -207.358 86.588 139 150 164
1754.106 -206.633 87.941 58 72 95
1750.801 -205.711 88.151 82 95 114
1750.712 -205.574 87.252 120 127 145
1748.917 -203.729 84.911 142 154 171
1747.566 -203.757 85.178 104 118 146
1736.105 -173.180 85.389 65 73 83
1730.170 -172.072 84.417 215 221 223
1728.154 -170.208 83.672 183 216 220
1728.154 -170.208 83.672 183 216 220
1727.720 -170.546 86.434 230 233 230
1727.141 -169.854 82.465 217 229 230
1712.266 -217.025 95.960 131 143 151
1756.956 -206.882 81.047 136 149 167
1757.292 -206.846 78.990 42 58 84
1756.068 -207.045 78.933 60 70 95
1747.963 -204.040 80.885 41 51 76
1749.452 -204.659 79.209 114 124 145
1746.717 -203.672 83.542 100 114 135
1745.450 -203.710 82.732 53 71 97
1744.917 -203.375 79.638 48 60 85
1728.821 -171.099 81.866 129 168 177
1730.093 -170.911 76.584 171 190 189
1730.093 -170.911 76.584 171 190 189
1727.413 -169.701 80.740 112 154 163
1727.413 -169.701 80.740 112 154 163
1727.093 -169.664 78.747 88 118 141
1724.601 -169.805 76.998 221 230 232
1755.358 -206.827 75.402 111 115 131
1748.338 -204.154 72.372 101 115 143
1747.673 -203.875 73.766 47 57 83
1744.033 -203.407 78.755 140 158 180
1744.627 -202.891 75.369 96 110 135
1744.627 -202.891 75.369 96 110 135
1734.462 -172.210 69.942 216 221 223
1727.306 -170.061 73.806 87 126 150
1727.019 -169.729 71.619 106 144 165
1725.975 -169.247 76.025 220 229 230
1754.226 -206.163 68.962 96 106 122
1756.019 -206.359 66.994 145 162 189
1756.019 -206.359 66.994 145 162 189
1754.682 -206.056 68.177 145 163 186
1750.003 -203.999 71.174 103 134 170
1748.312 -203.814 69.448 66 78 102
1746.815 -203.334 71.068 122 128 148
1745.308 -202.078 71.805 102 114 138
1744.813 -201.237 67.180 76 90 119
1743.729 -202.279 71.214 66 80 108
1743.337 -202.043 69.699 41 53 76
1743.853 -201.980 68.695 85 102 127
1742.953 -201.871 67.504 53 68 91
1754.005 -205.666 64.143 146 159 180
1752.806 -205.469 64.669 130 132 139
1752.710 -204.930 59.979 59 70 95
1747.715 -203.442 65.933 81 92 117
1746.967 -202.772 61.284 66 75 99
1732.688 -171.056 59.696 216 218 215
1729.256 -169.546 58.894 204 196 191
1752.269 -204.804 58.400 115 121 140
1753.452 -204.737 56.383 119 143 171
1746.651 -202.764 59.704 65 72 92
1744.486 -200.798 53.945 120 125 141
1743.681 -200.236 54.147 113 121 136
1739.693 -195.472 54.285 47 51 65
1724.763 -168.485 58.238 77 114 135
1724.213 -168.187 54.949 77 109 132
1723.194 -167.388 55.079 84 115 137
1761.074 -207.093 50.624 183 201 217
1762.310 -207.244 46.031 61 74 102
1752.072 -203.892 48.850 166 180 198
1750.534 -203.385 49.012 144 158 178
1751.051 -203.517 47.149 144 157 180
1744.573 -201.059 53.281 47 57 73
1742.445 -198.790 52.633 78 92 113
1746.228 -201.724 49.530 113 144 180
1746.040 -201.330 47.465 113 144 179
1744.695 -200.687 47.489 102 114 138
1739.441 -194.624 49.328 46 53 73
1739.140 -194.224 48.032 28 39 54
1724.808 -168.842 52.406 62 76 97
1722.602 -167.204 51.847 89 127 150
1722.602 -167.204 51.847 89 127 150
1722.047 -166.620 48.437 79 97 116
1720.990 -167.479 52.187 168 195 199
1720.990 -167.479 52.187 168 195 199
1717.721 -170.759 53.702 142 133 136
1761.971 -207.129 44.176 68 80 104
1760.145 -206.591 41.276 114 149 180
1752.506 -203.855 41.503 122 117 132
1749.968 -203.301 45.659 145 154 173
1743.408 -200.611 46.793 135 142 159
1738.896 -194.116 45.788 12 22 37
1736.747 -192.449 45.181 19 30 47
1721.869 -166.780 47.254 85 111 135
1723.454 -167.760 44.452 94 107 132
1722.465 -167.054 44.711 90 117 143
1721.406 -166.246 44.865 89 115 142
1748.343 -203.287 40.450 146 146 153
1746.325 -203.417 38.887 105 111 126
1746.325 -203.417 38.887 105 111 126
1736.154 -191.990 41.860 28 39 63
1737.692 -193.473 38.709 211 218 221
1737.021 -192.811 38.814 214 220 223
1737.011 -192.594 38.765 214 220 223
1735.552 -191.749 38.628 28 36 55
1729.546 -168.913 39.138 226 221 219
1728.280 -168.074 39.478 227 229 228
1724.181 -166.985 39.640 142 156 163
1721.348 -166.557 38.093 85 123 153
1721.096 -166.445 36.765 73 103 131
1757.886 -204.495 27.490 112 137 164
1757.886 -204.495 27.490 112 137 164
1748.895 -201.768 29.426 102 126 157
1742.664 -200.209 29.945 177 188 202
1742.206 -199.925 31.208 150 165 186
1742.206 -199.925 31.208 150 165 186
1736.278 -192.906 31.249 48 58 74
1735.427 -191.870 35.947 151 162 184
1735.270 -191.943 34.740 106 117 141
1721.394 -166.533 32.245 111 145 176
1719.756 -165.431 31.897 162 195 209
1719.061 -164.882 31.516 112 133 151
1757.661 -204.483 25.959 65 73 93
1757.661 -204.483 25.959 65 73 93
1756.516 -204.009 26.988 194 201 204
1758.926 -204.807 22.023 151 157 173
1756.979 -203.984 22.452 108 129 150
1747.335 -201.668 27.847 57 64 85
1747.033 -201.329 26.300 39 53 74
1746.536 -201.489 25.716 164 172 184
1746.527 -201.033 22.825 125 135 158
1743.896 -200.429 23.400 123 121 133
1740.615 -199.296 28.762 132 138 150
1735.791 -192.485 27.798 29 36 56
1733.949 -191.266 25.198 22 36 56
1727.040 -167.513 25.919 208 212 211
1720.952 -166.629 29.078 146 164 179
1717.965 -165.193 29.758 137 182 193
1719.794 -165.803 26.000 169 196 211
1719.562 -165.708 28.106 98 143 172
1718.590 -164.983 28.397 127 149 167
1719.319 -165.556 26.883 87 122 157
1717.124 -164.871 27.960 230 232 231
1757.943 -204.148 20.273 100 109 124
1756.233 -203.289 17.228 102 129 158
1757.880 -203.632 15.259 79 86 105
1746.319 -200.763 21.561 126 136 158
1745.996 -200.672 19.382 125 135 158
1745.736 -200.459 18.062 117 130 158
1735.728 -192.927 20.387 56 63 84
1735.728 -192.927 20.387 56 63 84
1725.258 -166.994 21.350 126 135 150
1719.812 -165.784 24.372 109 145 170
1718.733 -165.100 23.319 82 112 140
1718.452 -164.815 21.318 99 133 158
1713.215 -167.378 23.951 226 228 224
1712.565 -167.124 23.011 133 128 142
1745.357 -200.255 15.923 117 130 158
1744.870 -200.154 15.203 164 169 184
1737.878 -197.856 16.077 65 75 99
1738.390 -197.304 11.890 60 67 88
1733.329 -190.547 14.158 39 51 75
1718.186 -164.777 19.909 41 65 89
1717.617 -164.461 16.531 38 49 75
1715.905 -163.407 16.482 226 226 226
1715.905 -163.407 16.482 226 226 226
1712.073 -167.552 20.589 226 225 223
1754.701 -202.110 8.650 65 72 85
1755.212 -202.276 7.921 203 205 211
1754.757 -201.745 4.673 191 194 203
1754.200 -201.621 5.442 43 50 68
1753.998 -201.717 3.611 38 49 65
1753.951 -201.723 3.620 38 49 65
1752.780 -200.829 3.701 45 49 66
1744.648 -199.398 9.719 166 176 189
1744.241 -199.058 7.240 175 177 189
1744.024 -199.307 9.273 71 75 91
1738.973 -197.466 11.509 154 162 176
1738.267 -197.161 10.513 59 62 79
1737.923 -196.937 8.828 66 74 95
1737.095 -196.647 6.228 149 156 170
1732.257 -190.486 7.524 76 79 90
1720.810 -166.370 11.428 146 168 181
1720.337 -166.098 8.876 113 132 154
1719.227 -165.364 9.209 87 103 131
1716.980 -164.098 13.331 79 108 137
1717.498 -164.231 9.549 84 108 137
1715.698 -163.155 11.549 104 132 158
1707.662 -170.749 12.108 156 150 157
1753.611 -201.173 1.975 83 102 129
1745.544 -199.097 1.003 157 171 192
1738.925 -197.196 1.732 46 54 67
1735.464 -196.028 4.089 14 27 47
1736.116 -195.919 1.522 144 153 167
1735.469 -195.241 0.469 46 54 74
1730.764 -188.801 6.009 50 56 66
1717.278 -163.787 7.823 89 119 145
1716.240 -163.112 7.969 91 116 142
1707.359 -170.534 10.715 170 178 182
1706.269 -170.891 10.982 155 163 167
1706.657 -170.576 10.262 228 231 231
1706.449 -170.785 9.427 225 229 228
1738.139 -195.995 -2.779 174 180 192
1731.030 -188.920 0.793 41 52 69
1729.273 -187.668 -0.641 47 54 76
1720.196 -166.275 2.696 154 131 150
1733.562 -194.046 -6.983 151 163 178
1729.032 -187.871 -8.287 182 188 200
1729.032 -187.871 -8.287 182 188 200
1725.538 -184.648 -9.268 135 140 157
1722.827 -183.149 -6.635 65 75 101
1725.329 -183.802 -11.163 37 49 75
1715.512 -174.944 -18.704 183 135 158
1715.826 -175.572 -19.465 185 137 160
1714.062 -174.316 -19.085 185 134 152
1757.149 -207.864 89.172 126 129 144
1751.001 -205.641 88.856 103 112 132
1750.123 -205.303 86.936 48 59 75
1745.956 -204.068 90.314 52 73 113
1745.500 -203.857 88.143 39 52 73
1734.426 -172.770 85.754 86 84 93
1731.653 -172.227 86.353 225 226 224
1730.955 -172.501 86.021 209 210 213
1729.295 -171.150 85.097 79 106 127
1732.764 -170.629 83.275 218 225 222
1731.479 -171.183 83.421 174 193 190
1728.933 -171.087 83.680 190 223 226
1716.561 -213.493 94.947 208 210 211
1713.874 -216.003 96.300 230 223 221
1758.472 -207.779 78.407 65 74 97
1756.697 -206.927 78.601 128 142 161
1755.966 -207.434 80.529 138 138 149
1755.610 -207.276 78.634 132 132 144
1750.901 -205.348 84.765 53 67 88
1749.422 -204.805 84.304 58 70 90
1735.750 -172.623 75.620 61 68 80
1728.276 -170.590 79.452 105 144 158
1728.180 -170.627 78.318 89 128 143
1721.818 -172.529 78.739 224 222 218
1719.614 -171.965 78.836 230 232 231
1712.245 -216.156 91.893 209 217 218
1756.413 -206.827 77.362 132 146 170
1755.882 -207.025 77.540 96 109 130
1755.817 -206.872 76.552 114 123 141
1757.398 -207.185 74.997 132 151 181
1755.812 -206.604 73.952 135 157 184
1755.782 -206.493 73.928 135 157 184
1751.729 -205.061 74.268 56 67 82
1746.793 -203.501 73.685 70 84 111
1729.667 -171.032 75.936 218 220 217
1731.400 -169.729 73.466 120 140 152
1731.400 -169.729 73.466 120 140 152
1722.331 -172.235 75.645 154 174 179
1723.914 -169.535 73.685 223 230 230
1755.052 -206.301 70.777 147 164 186
1756.197 -206.438 67.610 144 168 192
1756.197 -206.438 67.610 144 168 192
1754.099 -206.151 67.853 109 120 142
1742.157 -201.189 72.915 89 100 126
1742.736 -201.801 69.383 118 133 155
1764.719 -208.805 59.712 71 88 121
1762.195 -208.080 58.214 112 140 172
1747.549 -203.137 64.386 82 95 115
1741.641 -201.252 65.811 67 86 120
1742.186 -201.344 62.976 31 45 65
1732.815 -170.811 63.057 218 220 220
1732.815 -170.811 63.057 218 220 220
1732.383 -170.805 60.490 124 122 133
1715.695 -172.561 61.559 134 149 148
1763.963 -208.690 53.912 124 140 162
1761.487 -207.321 52.649 116 137 169
1748.773 -203.177 57.233 85 96 123
1750.818 -204.061 53.200 141 139 145
1745.960 -202.465 59.291 92 96 113
1745.059 -201.382 56.748 56 67 92
1739.408 -196.152 55.994 32 41 55
1731.226 -170.139 55.832 43 55 72
1730.283 -170.624 55.646 109 100 118
1726.451 -169.272 57.436 144 109 116
1725.519 -169.336 56.035 99 134 158
1724.795 -168.792 53.410 109 119 134
1722.282 -167.265 53.791 212 223 224
1761.762 -207.320 50.543 181 196 215
1762.714 -207.691 45.245 90 103 128
1747.639 -202.459 50.583 58 68 82
1750.935 -203.599 49.692 97 103 119
1750.935 -203.599 49.692 97 103 119
1749.982 -203.210 47.959 136 139 147
1739.821 -194.607 52.778 88 92 101
1739.692 -194.577 52.211 150 159 174
1737.538 -193.360 51.839 85 95 118
1738.917 -194.107 50.600 47 57 82
1738.534 -194.371 48.056 92 99 119
1731.186 -170.547 52.025 135 134 145
1728.406 -171.455 48.016 199 149 149
1727.105 -170.353 47.716 73 71 90
1726.216 -168.547 52.511 216 217 217
1718.362 -170.734 53.718 218 218 215
1718.362 -170.734 53.718 218 218 215
1721.032 -167.126 50.899 220 224 224
1720.544 -167.148 49.603 90 107 123
1762.578 -207.479 43.715 130 146 167
1762.502 -207.312 39.470 107 99 118
1747.754 -202.679 44.962 118 120 127
1747.754 -202.679 44.962 118 120 127
1737.692 -193.056 45.027 50 67 94
1737.116 -192.516 46.363 20 27 46
1737.345 -192.600 42.783 63 78 100
1699.146 -217.816 55.994 125 124 133
1699.146 -217.816 55.994 125 124 133
1743.165 -201.514 39.170 104 112 128
1742.709 -201.364 39.762 54 64 88
1737.050 -192.585 41.592 18 25 44
1736.645 -192.440 39.584 23 32 50
1736.310 -192.157 40.296 167 182 196
1735.750 -191.802 39.916 38 50 75
1736.439 -192.543 38.409 22 29 48
1735.225 -191.426 36.554 26 37 57
1735.225 -191.426 36.554 26 37 57
1728.477 -168.188 38.895 64 71 87
1727.709 -168.360 39.405 70 80 97
1728.591 -168.868 38.101 76 76 87
1723.691 -167.627 38.190 196 193 193
1718.960 -165.547 37.316 186 200 201
1743.571 -201.437 34.562 138 141 148
1744.195 -200.695 31.532 103 124 152
1741.973 -199.910 33.606 109 113 129
1740.190 -198.797 33.703 61 75 103
1722.285 -166.921 32.739 161 174 177
1755.489 -203.685 26.656 125 123 142
1756.032 -203.660 22.817 114 136 159
1743.806 -200.451 28.883 64 67 83
1742.775 -199.522 25.157 162 180 197
1741.015 -199.173 27.344 65 70 87
1736.953 -193.641 27.353 46 53 74
1736.953 -193.641 27.353 46 53 74
1740.810 -199.135 26.105 112 119 134
1725.382 -167.333 25.230 60 63 70
1720.986 -166.334 25.619 209 213 217
1721.023 -166.350 26.648 224 226 226
1757.650 -204.389 18.888 65 79 98
1757.660 -203.888 18.815 65 79 98
1756.425 -203.516 19.115 108 137 167
1757.304 -203.872 16.871 89 105 126
1755.904 -202.992 15.608 94 120 150
1755.968 -203.108 15.648 94 120 150
1754.878 -202.508 15.907 97 120 152
1748.130 -200.878 17.317 118 121 144
1740.188 -198.521 21.764 103 117 137
1736.291 -193.355 23.999 48 51 66
1732.817 -190.283 24.445 30 38 58
1717.475 -164.043 25.271 220 228 231
1715.239 -165.141 23.894 185 211 219
1713.535 -167.476 25.514 212 218 216
1713.064 -167.080 22.695 208 222 225
1758.400 -204.457 12.967 42 53 68
1755.354 -202.614 12.440 102 128 152
1757.662 -203.943 11.323 162 169 175
1741.457 -198.359 17.122 143 165 185
1744.410 -199.594 11.282 90 97 117
1732.830 -190.573 13.939 103 112 131
1732.830 -190.573 13.939 103 112 131
1732.394 -189.820 15.470 174 184 197
1732.542 -190.462 14.344 98 111 129
1725.053 -166.717 18.459 164 177 189
1714.814 -163.985 18.929 226 226 226
1714.814 -163.985 18.929 226 226 226
1754.177 -201.992 8.382 149 153 164
1754.042 -201.897 7.759 150 154 165
1755.706 -202.283 4.673 114 121 141
1754.678 -201.683 3.968 193 197 203
1754.678 -201.683 3.968 193 197 203
1746.636 -199.991 7.540 164 168 177
1746.296 -199.840 6.900 81 85 101
1740.401 -197.924 8.423 51 58 80
1740.401 -197.924 8.423 51 58 80
1740.058 -197.559 6.503 39 48 65
1732.807 -190.545 10.934 32 37 56
1722.756 -167.654 8.196 160 161 163
1722.756 -167.654 8.196 160 161 163
1713.016 -165.037 15.259 61 62 77
1711.042 -165.985 15.170 138 123 140
1753.071 -201.269 1.651 152 180 201
1752.889 -201.818 0.655 154 179 198
1742.802 -198.905 1.011 108 122 146
1743.171 -199.051 4.340 134 127 146
1735.166 -196.259 5.855 109 126 150
1736.068 -196.305 4.097 156 164 179
1734.807 -195.452 2.089 82 93 113
1723.934 -167.318 7.427 226 227 227
1707.283 -170.465 10.132 227 230 230
1745.050 -199.232 -2.091 158 159 173
1740.022 -200.229 -2.455 53 59 72
1735.592 -195.482 -1.540 121 128 147
1718.947 -165.337 2.939 142 117 136
1735.771 -195.677 -7.769 63 72 95
1729.115 -187.287 -6.676 125 141 170
1724.220 -183.724 -8.401 114 122 146
1724.029 -183.755 -9.340 120 108 132
1736.524 -197.590 -22.819 147 105 133
1715.138 -174.946 -17.246 160 105 112
1748.843 -199.794 113.707 167 175 187
1736.803 -198.060 -18.299 72 52 75
1716.727 -175.999 -18.323 209 174 176
1753.914 -207.523 -3.525 27 35 56
1731.649 -190.995 -6.246 157 164 180
1734.395 -196.279 -9.745 35 41 58
1754.521 -206.179 120.219 18 27 38
1753.340 -203.853 120.503 36 48 68
1749.182 -201.701 14.376 189 159 160
1714.418 -174.413 -18.331 119 65 88
1728.499 -174.591 20.945 102 105 109
1716.128 -175.591 -18.720 113 66 89
1753.448 -207.174 -6.902 83 82 92
1750.165 -204.054 57.857 131 129 135
1742.896 -198.592 1.643 149 157 171
1745.978 -202.465 70.987 43 54 71
1743.080 -199.773 31.629 101 124 161
1741.049 -198.222 20.670 118 147 181
1739.650 -199.532 -3.209 50 53 60
1750.349 -201.768 21.820 142 124 149
1748.824 -201.231 10.820 195 172 172
1765.974 -210.188 79.403 94 101 122
1748.918 -204.385 83.024 59 71 95
1733.997 -171.701 68.266 74 83 99
1754.417 -205.477 60.668 40 48 68
1730.535 -170.098 58.376 46 49 54
1741.660 -197.705 53.799 46 52 66
1746.302 -202.414 40.499 67 74 92
1727.134 -170.587 46.509 225 220 222
1756.573 -203.999 25.117 97 102 121
1753.481 -204.094 26.105 153 147 157
1726.468 -167.382 24.404 60 67 80
1754.034 -202.115 11.477 101 110 137
1734.795 -192.512 12.327 27 31 46
1738.915 -197.059 4.211 91 106 126
1738.915 -197.059 4.211 91 106 126
1731.414 -189.073 -2.059 141 141 156
1763.153 -208.258 62.450 110 127 153
1734.539 -174.647 64.062 84 92 112
1726.632 -168.031 39.413 228 227 220
1758.377 -205.245 21.035 56 59 76
1734.819 -191.502 17.876 139 138 156
1738.105 -196.787 1.117 57 67 85
1770.975 -213.452 107.964 168 181 197
1752.809 -204.965 114.006 31 36 54
1752.809 -204.965 114.006 31 36 54
1752.731 -204.185 115.869 145 156 174
1747.486 -203.836 75.880 48 62 82
1744.266 -202.686 73.668 47 59 83
1729.618 -169.450 52.568 95 98 109
1738.874 -193.467 46.136 21 28 40
1727.361 -170.475 44.306 198 158 156
1758.995 -205.130 29.807 173 186 201
1755.122 -204.310 32.140 95 98 103
1719.785 -166.003 30.431 177 208 214
1747.199 -200.419 14.733 181 192 204
1746.473 -199.998 11.566 196 208 216
1751.966 -200.786 1.983 136 131 150
1751.755 -200.701 0.963 136 133 151
1721.856 -166.987 9.524 185 147 156
1752.778 -203.621 117.449 19 26 39
1746.282 -190.391 116.201 21 29 47
1753.874 -206.556 113.366 44 61 87
1753.874 -206.556 113.366 44 61 87
1761.683 -210.007 104.797 84 107 141
1746.534 -203.306 78.852 85 99 127
1755.799 -206.137 65.698 165 179 197
1754.441 -205.381 58.935 169 184 200
1753.982 -205.496 62.774 166 180 198
1749.156 -203.551 63.827 181 194 207
1749.156 -203.551 63.827 181 194 207
1763.373 -208.303 52.017 42 62 92
1752.740 -204.562 55.873 151 169 193
1761.694 -207.174 47.052 177 191 209
1753.264 -204.600 52.341 183 200 215
1746.477 -201.623 46.582 163 178 198
1745.346 -200.897 46.703 155 174 197
1735.385 -191.027 43.488 19 29 44
1725.376 -169.060 44.128 88 101 123
1757.450 -204.637 31.589 64 63 75
1756.431 -204.636 32.407 151 149 158
1733.274 -189.556 40.758 26 29 44
1758.364 -204.796 26.640 202 209 219
1740.355 -197.053 34.140 126 138 157
1757.856 -204.543 23.351 202 209 215
1748.537 -201.396 27.620 27 36 54
1755.369 -203.019 16.620 197 211 220
1741.763 -198.708 19.382 167 185 202
1741.784 -199.019 23.959 29 43 62
1740.999 -198.732 23.230 173 187 203
1757.154 -203.690 13.793 58 65 84
1757.174 -204.044 12.854 219 221 223
1756.022 -203.186 13.032 220 222 227
1754.708 -202.432 13.186 200 213 222
1754.265 -202.173 9.654 221 226 228
1753.276 -201.547 7.459 55 58 70
1753.740 -201.780 6.430 214 216 222
1753.740 -201.780 6.430 214 216 222
1745.685 -199.657 8.075 202 209 219
1745.685 -199.657 8.075 202 209 219
1737.852 -197.375 13.129 140 147 160
1753.175 -201.395 2.931 208 220 223
1739.292 -197.209 6.025 190 198 210
1751.429 -200.538 -1.313 136 136 152
1734.885 -195.655 3.433 192 201 212
1737.829 -196.372 0.428 29 44 64
1737.889 -200.140 -10.361 123 108 137
1725.326 -184.288 -6.659 57 69 95
1722.862 -182.969 -10.061 223 223 228
1773.691 -215.140 120.219 20 29 46
1759.612 -208.943 89.852 184 198 216
1757.037 -206.821 77.151 59 77 102
1751.700 -205.544 81.671 82 111 148
1756.396 -206.509 69.181 170 185 204
1755.814 -206.321 70.315 28 42 71
1745.814 -202.613 75.410 100 114 140
1762.854 -208.373 60.919 183 198 212
1754.233 -205.750 65.941 154 168 187
1749.267 -204.000 70.720 164 180 205
1747.034 -203.458 70.185 48 58 83
1748.918 -203.250 67.099 166 184 206
1764.046 -208.443 59.121 170 185 204
1761.920 -208.002 57.501 170 192 213
1754.292 -205.457 61.494 29 43 62
1748.906 -203.316 64.953 43 55 82
1753.683 -205.035 58.116 103 134 170
1752.931 -204.452 53.580 29 43 73
1746.889 -202.329 57.015 176 195 212
1752.564 -204.262 51.539 66 78 112
1746.863 -201.750 52.552 46 54 76
1744.696 -200.644 50.600 133 146 162
1741.872 -197.568 51.960 58 65 85
1724.121 -167.995 57.655 222 231 231
1761.165 -206.948 43.698 177 191 204
1758.312 -205.908 44.022 129 127 139
1752.100 -203.789 45.505 176 186 204
1752.113 -203.742 45.497 176 186 204
1764.166 -185.293 36.927 58 72 100
1745.652 -201.167 45.699 38 50 67
1735.133 -187.572 47.797 17 25 42
1747.493 -202.447 42.678 122 117 124
1748.331 -203.113 40.402 146 147 154
1743.028 -200.149 45.075 96 102 122
1742.332 -199.839 41.325 27 34 49
1739.988 -195.666 41.204 177 191 209
1736.870 -192.114 42.216 200 206 214
1724.031 -168.257 48.024 93 100 115
1722.483 -167.213 47.635 224 226 226
1742.722 -201.494 36.530 152 156 170
1735.144 -191.151 39.341 211 217 222
1743.202 -200.315 32.366 101 124 161
1741.307 -199.294 33.533 132 138 149
1742.187 -199.828 30.001 177 188 201
1739.250 -196.108 34.845 123 138 161
1758.413 -204.525 19.479 215 216 223
1756.051 -203.917 24.339 55 62 83
1748.302 -201.167 26.057 36 42 54
1751.527 -202.488 21.893 146 121 141
1740.738 -199.218 29.961 123 133 148
1742.697 -199.638 26.332 184 195 205
1741.705 -199.276 26.494 177 189 204
1746.558 -200.426 18.596 178 194 213
1740.547 -198.273 19.982 165 188 209
1719.880 -165.691 27.344 215 223 224
1755.875 -203.058 11.452 204 211 216
1755.875 -203.058 11.452 204 211 216
1740.108 -197.865 16.596 172 190 211
1740.453 -197.886 15.640 82 111 148
1718.433 -164.559 23.934 217 226 228
1757.836 -204.986 8.828 149 166 181
1755.248 -202.655 7.986 204 207 213
1755.953 -203.341 6.163 194 197 205
1745.602 -199.566 10.594 48 62 83
1745.602 -199.566 10.594 48 62 83
1744.488 -199.141 8.374 198 204 213
1744.992 -199.223 7.346 41 47 67
1744.816 -199.021 5.847 40 50 66
1742.884 -198.879 7.451 159 157 166
1738.298 -196.793 6.341 186 193 204
1738.577 -196.882 5.385 37 44 64
1752.589 -201.099 -0.544 196 210 220
1738.579 -196.998 2.648 185 196 207
1738.294 -196.800 3.668 39 53 74
1720.834 -166.417 9.387 223 223 223
1717.925 -164.386 10.051 227 229 231
1717.129 -163.783 10.286 227 229 231
1717.129 -163.783 10.286 227 229 231
1718.933 -165.189 7.402 104 133 160
1736.562 -195.772 -3.614 183 189 200
1736.562 -195.772 -3.614 183 189 200
1730.084 -188.118 -2.261 37 44 56
1731.974 -191.202 -9.511 181 191 203
1731.974 -191.202 -9.511 181 191 203
1744.278 -187.743 109.503 143 153 166
1747.048 -204.404 89.536 61 75 105
1756.729 -206.737 75.418 48 57 82
1748.051 -204.141 82.198 55 62 82
1748.051 -204.141 82.198 55 62 82
1747.675 -203.930 77.921 120 131 157
1757.403 -207.055 73.174 99 120 148
1756.626 -206.629 70.817 150 164 183
1756.621 -206.600 70.833 150 164 183
1756.304 -206.495 73.442 103 134 170
1755.515 -206.276 69.464 175 187 203
1751.583 -204.871 72.745 111 124 138
1739.706 -198.351 74.624 20 34 52
1733.355 -171.850 76.309 230 229 224
1762.128 -208.192 61.146 199 203 213
1754.670 -206.104 68.168 145 163 186
1749.811 -203.932 69.716 62 74 99
1750.292 -204.066 69.035 143 165 184
1746.413 -202.942 69.651 74 84 108
1750.259 -204.042 66.265 102 109 129
1749.392 -203.399 66.249 89 110 140
1762.413 -208.248 59.113 131 160 186
1749.819 -203.616 65.252 127 148 173
1733.258 -171.071 67.245 74 69 85
1762.482 -207.773 54.488 112 143 179
1760.168 -207.098 52.317 132 130 141
1760.669 -207.028 51.555 86 97 120
1754.189 -205.092 56.699 144 162 186
1754.523 -205.258 55.865 119 123 138
1753.760 -204.741 53.678 133 141 162
1753.760 -204.741 53.678 133 141 162
1729.695 -169.874 59.420 45 44 54
1761.385 -207.072 47.975 112 143 179
1760.114 -206.462 46.809 99 116 140
1754.211 -205.102 50.478 114 123 137
1751.387 -203.977 53.175 85 88 103
1751.544 -203.843 50.105 143 158 178
1750.519 -203.458 49.004 145 159 178
1744.496 -200.794 53.945 123 127 143
1742.328 -198.375 51.596 52 64 88
1760.730 -206.692 44.517 39 52 73
1759.573 -206.442 45.497 108 125 149
1760.423 -206.644 42.937 113 148 179
1752.564 -203.863 46.614 143 153 173
1752.564 -203.863 46.614 143 153 173
1751.052 -203.456 47.125 144 157 180
1745.000 -200.797 48.890 96 108 131
1743.857 -200.616 48.113 115 122 141
1743.570 -200.426 48.826 56 63 83
1738.930 -194.139 51.239 88 101 130
1723.491 -167.936 51.547 93 117 136
1737.329 -192.496 42.775 58 73 98
1727.198 -170.403 46.323 228 223 224
1725.666 -169.384 46.817 224 224 224
1726.817 -170.065 45.804 102 102 116
1759.731 -205.369 26.332 185 193 206
1759.731 -205.369 26.332 185 193 206
1758.870 -204.933 25.700 65 73 93
1756.422 -204.020 26.243 48 62 83
1744.048 -200.665 32.707 170 175 185
1742.495 -200.071 32.933 155 165 182
1736.902 -192.660 36.003 28 38 57
1736.083 -191.950 36.360 11 21 35
1733.106 -185.553 36.254 194 200 204
1758.356 -204.535 22.525 80 84 101
1757.352 -204.301 24.218 60 63 79
1754.345 -203.149 24.218 140 136 143
1748.656 -201.289 23.716 166 179 197
1748.656 -201.289 23.716 166 179 197
1748.080 -201.069 25.174 186 196 209
1741.163 -198.982 25.368 146 166 191
1735.140 -191.796 28.187 29 36 55
1720.303 -165.657 32.180 85 121 156
1757.622 -204.013 14.717 181 188 198
1757.143 -203.756 15.405 70 77 89
1755.325 -203.177 19.374 99 134 168
1748.405 -201.036 18.046 160 172 192
1742.338 -199.248 22.906 167 185 202
1741.718 -199.069 23.043 170 184 201
1741.568 -198.808 22.241 112 143 179
1740.775 -198.499 21.950 142 165 192
1735.135 -191.670 24.364 37 43 54
1730.323 -183.578 22.379 33 43 59
1719.589 -165.907 30.058 190 218 222
1758.241 -205.211 12.400 136 146 166
1756.856 -203.522 11.355 180 186 190
1756.523 -203.374 12.068 61 69 73
1755.662 -202.999 13.915 105 127 151
1754.665 -202.449 13.996 92 115 141
1754.591 -202.398 11.177 144 166 186
1740.699 -198.031 17.130 95 130 164
1738.867 -197.844 18.159 113 126 147
1738.409 -197.738 16.523 131 144 166
1731.190 -189.018 21.245 27 34 53
1733.962 -191.059 17.519 37 45 64
1753.150 -201.411 6.495 204 206 212
1753.150 -201.411 6.495 204 206 212
1747.119 -200.321 11.250 180 187 195
1745.955 -199.688 12.270 121 148 171
1746.494 -200.070 8.577 59 57 69
1738.241 -197.539 14.603 128 135 151
1732.868 -190.129 11.509 168 176 188
1728.867 -182.247 15.081 130 135 145
1717.842 -164.313 17.811 56 81 109
1752.599 -201.076 2.259 119 137 161
1745.650 -199.517 6.681 165 169 179
1728.274 -182.187 10.367 30 44 62
1725.936 -168.121 12.384 36 53 79
1721.378 -166.748 11.112 223 221 219
1720.634 -166.248 10.075 149 163 178
1719.577 -165.635 10.415 127 143 158
1717.718 -164.214 10.845 73 99 125
1716.806 -163.772 12.319 103 137 165
1753.323 -201.381 0.177 100 124 148
1752.427 -200.885 -1.718 160 182 203
1752.800 -201.042 -2.528 115 145 174
1738.959 -197.220 3.871 94 109 128
1739.410 -197.421 3.174 38 43 60
1737.818 -196.615 4.851 159 161 174
1734.390 -195.594 4.268 16 29 48
1735.368 -195.825 2.558 30 41 66
1716.465 -163.363 9.881 86 121 150
1739.652 -200.384 -3.006 72 74 85
1735.358 -195.529 -2.383 134 137 146
1730.031 -188.076 -3.079 93 99 118
1732.124 -191.641 -12.921 144 132 162
1728.933 -187.197 -11.608 54 53 74
1723.922 -183.556 -7.315 93 88 108
1757.578 -192.361 124.723 85 83 96
1768.648 -212.345 98.633 195 202 214
1743.963 -201.514 91.553 141 151 164
1757.407 -206.985 74.964 134 153 183
1748.996 -204.588 81.574 73 83 104
1749.510 -204.729 80.302 113 124 141
1748.012 -204.089 81.525 99 110 134
1747.646 -203.916 78.626 38 48 62
1747.031 -203.625 78.650 98 111 134
1749.593 -204.482 76.503 77 85 104
1755.152 -205.937 65.909 174 189 203
1748.072 -203.636 68.063 76 83 102
1754.991 -206.318 59.072 166 165 181
1753.282 -205.317 63.406 75 82 99
1742.593 -201.445 64.370 48 62 82
1733.170 -171.448 62.571 41 51 76
1761.081 -207.416 53.362 79 98 128
1745.950 -202.328 59.258 92 96 112
1753.106 -204.299 50.389 143 160 182
1753.106 -204.299 50.389 143 160 182
1762.455 -207.238 43.002 71 86 106
1762.488 -207.421 42.427 101 115 142
1745.118 -200.911 49.781 108 124 147
1737.218 -193.324 48.550 70 78 96
1732.470 -173.379 49.279 27 37 52
1722.819 -167.434 52.900 92 131 148
1761.346 -213.013 35.631 106 118 140
1745.428 -201.847 40.466 56 67 83
1745.199 -201.905 40.021 114 124 149
1746.074 -201.532 44.120 155 156 166
1744.066 -201.542 40.102 137 146 169
1739.042 -194.464 44.533 75 86 114
1734.977 -190.730 43.334 24 34 54
1727.488 -170.550 47.279 223 218 220
1727.488 -170.550 47.279 223 218 220
1728.034 -170.935 45.416 201 153 159
1743.642 -201.557 39.729 81 93 117
1738.019 -193.556 37.883 47 63 94
1737.286 -192.672 40.823 171 184 199
1736.805 -192.360 40.539 18 25 44
1735.981 -191.621 40.750 28 38 62
1736.363 -191.897 40.183 176 190 203
1727.302 -170.529 43.326 130 67 92
1725.593 -169.289 43.836 94 89 114
1721.487 -166.442 41.997 181 199 209
1759.454 -205.255 29.021 76 91 112
1759.448 -205.190 25.101 166 172 187
1757.575 -204.657 29.159 130 159 191
1756.765 -204.226 27.571 116 140 169
1743.964 -200.495 30.260 108 125 149
1741.871 -199.820 32.601 95 100 114
1741.545 -199.595 30.746 105 117 135
1729.691 -172.471 35.355 193 200 209
1741.006 -199.054 27.304 58 61 77
1739.390 -198.503 25.554 38 48 63
1735.786 -192.119 28.438 161 166 176
1733.591 -190.477 26.980 55 66 82
1731.443 -184.467 29.297 60 71 96
1727.687 -168.191 31.354 64 78 108
1757.299 -203.843 16.863 65 84 108
1755.238 -202.855 15.324 142 170 194
1748.686 -201.241 20.621 129 132 153
1748.341 -200.981 18.767 128 129 149
1739.183 -198.429 23.270 130 136 152
1739.378 -197.832 17.130 107 120 144
1739.088 -197.668 15.753 112 123 140
1733.246 -190.616 18.200 37 43 63
1725.255 -166.842 21.302 125 135 150
1719.569 -165.454 24.882 153 185 202
1756.801 -203.825 6.284 59 67 88
1751.444 -201.281 6.738 150 138 152
1744.665 -199.699 12.522 115 121 140
1743.349 -199.148 9.419 152 155 167
1738.811 -197.492 13.688 117 124 143
1737.677 -197.191 11.047 139 142 149
1734.498 -191.626 12.740 27 34 45
1733.305 -190.482 12.991 47 53 68
1754.180 -201.807 1.473 188 204 216
1735.167 -196.197 5.847 111 127 151
1734.803 -192.754 10.569 150 161 176
1734.803 -192.754 10.569 150 161 176
1731.294 -189.463 8.115 28 39 55
1730.638 -188.745 7.840 75 85 107
1725.651 -169.377 11.112 40 41 64
1726.926 -174.121 9.751 192 202 212
1726.742 -174.057 8.876 193 204 212
1745.550 -199.224 1.052 157 171 191
1735.472 -196.031 4.081 13 26 45
1731.770 -189.489 4.802 171 176 182
1728.221 -187.403 4.575 47 58 84
1722.386 -167.312 7.589 221 220 218
1736.505 -195.862 -2.302 158 165 180
1735.949 -195.676 -2.860 75 86 109
1735.021 -195.449 -4.570 141 143 158
1734.443 -197.524 -10.977 137 147 167
1727.275 -184.907 -11.406 141 141 158
1722.540 -213.744 -12.248 77 90 115
1724.298 -214.695 -3.403 0 0 0
1723.139 -214.569 -6.724 0 0 0
1779.884 -247.671 116.242 43 53 73
1778.629 -236.331 120.438 51 69 93
1720.439 -166.427 46.282 151 182 193
1735.053 -191.554 28.827 157 162 172
1801.555 -199.155 122.641 81 78 77
1722.275 -167.422 9.443 175 131 136
1729.752 -169.607 62.401 229 226 218
1749.807 -203.762 40.037 70 70 88
1756.587 -203.907 25.117 93 97 114
1753.011 -201.624 4.689 48 51 65
1763.462 -209.557 76.568 114 109 115
1734.340 -172.803 71.878 57 65 78
1749.228 -203.947 67.407 145 164 191
1730.552 -170.079 58.384 44 47 52
1748.336 -202.725 41.560 132 135 141
1744.308 -201.357 41.641 48 55 67
1749.413 -201.520 18.799 136 114 140
1738.078 -196.828 1.190 55 63 80
1751.499 -202.272 20.621 184 164 173
1755.448 -202.921 9.533 216 219 227
1750.112 -200.289 -2.488 163 158 166
1702.149 -218.639 138.339 237 234 228
1759.598 -206.525 43.949 168 186 205
1733.564 -189.782 42.078 25 30 44
1748.982 -203.545 38.409 73 76 86
1754.028 -203.184 22.233 163 159 164
1753.249 -202.962 23.043 139 123 132
1731.130 -189.293 13.493 40 51 65
1749.638 -200.636 0.890 149 129 146
1744.051 -198.947 5.167 178 191 205
1751.379 -200.569 -1.330 129 128 143
1749.398 -200.139 -1.224 138 120 133
1744.641 -198.916 1.384 177 191 213
1743.512 -198.902 1.700 177 191 213
1737.605 -196.538 2.899 181 192 206
1740.400 -200.894 -2.844 45 51 60
1770.129 -212.765 99.297 26 33 50
1752.102 -206.095 87.592 143 154 177
1749.977 -203.997 67.253 162 181 206
1751.225 -203.285 43.350 55 68 94
1745.328 -201.156 44.452 45 55 69
1745.356 -201.115 44.435 45 55 69
1743.236 -200.597 42.840 128 131 138
1753.947 -204.860 31.710 135 133 143
1758.612 -205.235 24.380 52 55 69
1755.303 -203.805 25.465 141 135 149
1748.215 -201.084 21.626 174 194 210
1720.090 -165.935 7.192 127 139 163
1751.877 -201.163 5.402 171 157 164
1744.501 -199.032 4.106 86 112 139
1743.525 -198.952 3.547 162 184 200
1745.042 -199.210 3.004 162 184 200
1744.178 -198.781 2.518 102 121 148
1742.555 -198.821 2.931 144 143 152
1717.193 -163.980 3.044 200 189 191
1750.419 -200.337 -1.354 176 168 171
1750.419 -200.337 -1.354 176 168 171
1743.831 -198.742 0.744 54 67 93
1738.563 -197.053 2.648 176 188 200
1728.753 -186.806 -5.056 189 199 213
1727.261 -183.146 -13.407 184 171 173
1712.292 -172.837 -16.768 153 110 126
1732.666 -198.808 -22.017 119 67 63
1767.032 -210.916 87.398 56 73 95
1750.631 -205.715 94.826 62 69 86
1756.261 -207.389 83.186 133 140 149
1765.218 -210.312 78.788 38 45 63
1765.846 -210.255 77.783 170 188 210
1756.446 -206.575 76.123 170 182 196
1750.366 -204.179 73.069 96 125 162
1750.601 -204.408 68.006 35 45 58
1729.298 -169.671 52.268 57 63 77
1760.318 -206.978 50.834 161 173 186
1751.948 -204.369 56.367 108 113 131
1759.502 -206.402 44.678 102 125 152
1750.614 -203.482 48.040 86 90 106
1749.951 -203.240 47.262 125 126 136
1726.600 -169.995 44.346 92 108 131
1749.768 -203.053 43.115 95 98 111
1748.424 -202.924 36.959 81 84 96
1719.562 -165.948 30.074 185 218 224
1758.224 -205.071 29.475 105 134 170
1744.344 -200.877 32.026 98 117 144
1723.761 -165.955 19.026 221 224 220
1745.982 -201.580 23.821 142 144 150
1745.575 -200.521 18.767 154 159 170
1745.575 -200.521 18.767 154 159 170
1757.722 -204.306 11.979 66 73 82
1744.837 -199.988 15.178 155 161 176
1716.830 -163.739 12.319 95 128 156
1751.875 -201.685 9.557 139 117 134
1751.004 -201.732 8.828 156 127 136
1751.210 -201.726 7.127 142 130 143
1719.538 -165.902 4.681 174 138 147
1715.234 -162.762 8.293 102 130 153
1743.408 -198.917 5.879 36 45 59
1740.323 -198.040 4.867 137 133 149
1730.807 -189.042 4.049 97 107 122
1730.793 -189.054 4.057 97 107 122
1744.557 -199.083 0.015 160 173 194
1743.158 -199.099 0.566 160 174 193
1743.744 -198.978 -0.366 96 110 136
1743.744 -198.978 -0.366 96 110 136
1735.592 -195.641 -4.740 66 69 84
1735.966 -195.657 -5.979 149 159 175
1735.840 -195.601 -6.894 140 148 161
1725.662 -179.747 -15.731 225 216 221
1736.555 -173.345 97.215 204 213 209
1704.608 -221.959 134.937 224 219 213
1737.293 -174.117 86.604 226 231 236
1734.811 -172.462 86.677 221 223 221
1767.020 -210.805 88.119 149 169 192
1728.427 -170.968 82.489 165 206 211
1734.186 -172.113 76.463 80 79 86
1766.146 -210.557 79.257 97 105 123
1733.129 -171.102 69.513 38 41 53
1756.474 -206.650 74.681 110 131 160
1753.412 -205.482 64.256 43 58 73
1750.398 -204.148 64.661 116 128 146
1729.993 -169.324 52.819 50 56 65
1737.882 -193.584 52.341 20 30 43
1736.477 -192.657 52.211 80 90 113
1743.287 -199.786 49.417 77 83 101
1720.967 -170.040 43.666 172 192 205
1734.650 -191.604 34.902 92 112 140
1730.713 -176.170 34.375 153 158 169
1720.888 -166.733 30.147 123 147 163
1757.120 -204.703 29.872 106 124 150
1747.673 -201.605 29.621 111 119 139
1739.585 -196.391 33.873 50 63 82
1734.273 -191.375 31.548 95 109 135
1734.273 -191.375 31.548 95 109 135
1734.572 -191.162 29.661 32 42 63
1720.268 -166.413 29.224 163 194 207
1755.484 -203.895 26.688 119 118 134
1738.104 -195.377 27.377 121 133 149
1735.053 -191.554 28.827 157 162 172
1734.448 -191.399 28.576 32 45 64
1732.602 -190.010 28.406 67 80 105
1734.443 -191.273 24.817 36 42 51
1733.535 -190.284 26.332 23 36 53
1733.072 -190.388 24.858 84 95 116
1712.565 -167.124 23.011 123 118 132
1732.169 -189.170 19.390 24 31 42
1727.920 -174.377 17.527 165 172 185
1733.093 -190.539 17.414 97 108 129
1732.127 -189.843 17.948 83 98 128
1730.918 -188.914 17.657 54 64 86
1733.551 -190.787 14.725 162 160 168
1732.415 -189.873 14.887 29 42 59
1731.140 -189.270 14.222 47 57 79
1722.755 -167.777 10.002 202 202 201
1721.256 -166.622 10.270 220 221 220
1718.922 -165.095 11.849 147 132 134
1757.040 -203.825 8.852 72 75 80
1746.780 -200.126 10.618 86 84 100
1716.931 -163.393 8.131 164 189 208
1707.067 -170.493 9.678 168 177 176
1738.959 -197.220 3.871 89 102 119
1744.965 -198.964 -2.067 147 148 162
1744.357 -198.897 -1.605 162 167 183
1736.110 -195.792 -1.807 62 71 87
1736.505 -195.862 -2.302 157 164 178
1724.548 -183.924 -8.919 65 68 84
1725.132 -179.644 -16.055 217 171 162
1712.401 -191.212 29.029 224 209 199
1703.253 -196.423 -2.472 107 117 126
1703.886 -216.450 64.062 236 208 199
1702.503 -206.631 16.717 237 214 204
1705.388 -223.193 99.216 200 227 230
1705.744 -223.130 99.362 200 227 230
1709.340 -211.449 62.604 236 213 203
1704.861 -212.966 51.288 234 239 241
1706.478 -191.351 -0.487 223 215 208
1708.802 -185.673 -6.813 221 217 214
1713.314 -197.843 47.546 172 170 173
1712.211 -197.175 40.807 211 208 212
1711.100 -199.012 38.984 232 216 206
1707.104 -203.307 26.138 180 175 170
1693.575 -215.034 24.752 188 188 188
1702.230 -205.472 -2.820 236 230 220
1708.001 -185.521 -8.911 235 214 203
1704.192 -221.658 87.325 217 230 230
1728.094 -204.397 127.258 240 238 229
1722.266 -203.806 109.090 237 233 226
1703.569 -195.216 -0.592 209 176 168
1702.205 -205.470 -4.278 234 225 217
1701.780 -204.332 7.742 138 127 128
1711.857 -201.654 47.416 196 192 193
1706.883 -187.036 2.000 238 239 239
1717.590 -178.024 139.457 163 146 135
1713.138 -185.095 139.197 241 239 232
1692.403 -217.208 28.568 233 233 227
1720.785 -212.270 107.502 222 211 201
1700.112 -225.543 79.492 162 178 175
1738.466 -199.164 -8.490 44 46 51
1732.953 -173.311 54.099 118 133 154
1732.932 -190.166 12.497 36 42 60
1728.478 -172.108 24.777 78 66 87
1767.091 -213.115 123.710 102 117 141
1738.376 -193.511 44.597 55 65 87
1734.481 -191.405 21.261 27 37 54
1735.111 -197.697 -26.715 236 235 231
1769.432 -214.210 122.633 121 131 153
1737.582 -192.883 44.938 47 63 86
1739.367 -197.180 33.322 89 103 121
1726.252 -167.331 21.480 139 154 170
1715.845 -202.933 136.573 175 170 159
1700.887 -206.258 11.890 236 213 203
1702.911 -206.910 22.274 235 213 203
1703.698 -205.222 -19.433 236 225 217
1725.705 -206.437 124.779 175 182 187
1725.412 -206.537 121.871 182 185 188
1707.915 -186.591 -5.347 122 111 116
1710.263 -178.947 139.983 247 241 227
1741.498 -222.663 82.084 77 90 115
1711.605 -239.500 101.443 129 157 170
1745.139 -227.210 102.488 82 96 122
1752.775 -228.242 102.618 155 167 182
1764.313 -232.378 104.926 55 68 86
1707.246 -235.609 63.568 180 196 213
1699.556 -230.039 40.880 211 222 227
1711.534 -186.428 29.596 237 213 203
1693.530 -226.168 10.496 181 216 224
1724.774 -198.352 107.259 235 236 233
1748.503 -221.508 9.103 182 194 207
1714.961 -184.426 54.569 205 190 182
1711.973 -178.511 41.997 206 153 138
1692.011 -223.107 16.669 213 232 232
1742.251 -220.454 20.759 187 205 218
1700.874 -227.416 3.595 182 185 194
1710.604 -183.638 -19.312 140 101 107
1716.647 -174.625 139.781 168 160 155
1722.447 -200.331 85.583 234 228 220
1740.287 -219.269 15.356 143 146 152
1742.658 -178.536 114.735 145 147 139
1741.768 -194.853 91.642 46 56 72
1777.800 -246.655 116.250 36 45 59
1743.934 -189.212 103.703 26 33 50
1725.505 -169.268 8.139 177 187 197
1737.996 -193.945 67.383 90 94 104
1737.782 -178.795 77.305 91 84 106
1736.977 -196.036 11.477 34 43 62
1762.304 -208.314 45.278 54 65 90
1738.708 -195.096 34.886 125 140 163
1736.351 -193.000 23.942 38 41 57
1725.163 -168.920 7.597 38 49 65
1729.907 -188.216 -3.047 93 100 120
1727.595 -176.423 13.566 54 60 79
1727.563 -185.515 -11.082 48 54 74
1752.649 -204.069 117.360 41 50 70
1719.462 -230.754 65.738 158 176 195
1767.202 -194.544 120.632 130 118 125
1716.599 -237.184 82.441 65 78 97
1740.577 -197.568 82.530 35 48 71
1739.915 -197.841 76.892 131 158 183
1725.282 -226.446 72.761 173 185 197
1738.044 -192.344 69.440 38 48 74
1738.624 -186.662 73.190 131 150 171
1746.874 -196.311 116.177 48 64 90
1770.719 -214.686 87.268 117 127 143
1737.343 -188.521 63.940 177 185 194
1734.354 -174.883 66.953 41 50 66
1763.957 -217.128 44.986 41 56 77
1763.728 -215.173 46.444 81 103 139
1763.338 -216.187 39.810 95 110 131
1736.242 -186.594 60.676 98 101 107
1735.988 -182.385 63.762 112 118 130
1733.358 -172.401 61.680 152 168 188
1762.126 -213.972 36.238 56 69 96
1733.603 -179.975 50.389 129 136 148
1732.119 -171.698 56.140 152 163 180
1716.862 -227.175 43.553 111 102 122
1760.743 -215.085 26.089 69 102 142
1757.438 -220.477 25.044 103 120 144
1759.542 -212.387 21.415 66 87 121
1759.742 -206.979 21.367 88 105 130
1739.020 -195.829 34.205 55 68 91
1738.397 -195.117 30.188 61 69 92
1732.437 -187.294 36.263 39 55 76
1731.506 -182.952 33.914 138 154 171
1731.506 -182.952 33.914 138 154 171
1696.409 -212.652 32.488 21 32 49
1755.485 -219.128 12.797 98 114 140
1759.801 -210.091 15.510 109 124 149
1759.780 -206.854 18.370 48 62 85
1736.993 -193.330 27.280 46 54 75
1730.437 -187.485 25.919 43 54 71
1730.883 -182.799 30.665 115 130 149
1712.615 -225.382 22.015 77 81 97
1755.361 -219.108 11.930 59 75 104
1759.680 -208.592 11.290 58 70 95
1729.154 -181.186 21.116 89 101 119
1729.888 -179.377 22.565 143 166 179
1728.712 -176.681 22.476 128 157 181
1727.326 -168.243 25.328 66 77 95
1723.004 -217.284 12.854 46 56 74
1756.641 -210.378 4.365 59 75 104
1756.516 -211.714 -0.131 104 122 143
1756.524 -211.717 -0.115 104 122 143
1755.898 -206.411 4.195 78 92 123
1754.812 -204.092 2.218 121 141 171
1728.647 -187.681 15.348 105 117 136
1729.326 -179.782 18.734 97 130 162
1728.102 -180.044 12.400 128 134 150
1705.023 -230.247 9.848 176 185 195
1728.065 -181.260 6.916 92 100 121
1727.056 -179.862 7.921 57 69 86
1727.940 -182.339 5.693 45 56 81
1726.944 -175.893 8.115 48 61 80
1714.659 -215.794 -0.447 67 79 106
1723.794 -215.091 -1.629 108 119 135
1738.394 -196.277 -4.246 167 178 192
1727.037 -183.729 2.324 41 57 85
1705.763 -214.564 -21.669 158 132 164
1738.497 -203.594 -25.459 168 152 176
1738.116 -202.458 -25.233 149 128 161
1676.380 -200.125 58.124 0 0 0
1783.044 -193.893 118.024 113 112 118
1774.677 -234.811 120.843 50 62 88
1734.410 -178.801 54.787 172 177 182
1721.843 -227.318 61.065 133 139 160
1726.300 -217.528 21.828 55 60 78
1722.829 -242.848 129.064 118 130 148
1704.013 -229.328 13.550 31 45 64
1741.888 -196.973 19.244 154 163 177
1760.429 -217.464 31.111 143 165 185
1729.746 -245.414 128.659 42 53 68
1734.494 -183.670 58.019 110 127 151
1770.910 -261.294 118.259 106 122 147
1771.568 -223.691 90.857 36 53 79
1769.998 -216.324 98.454 77 90 119
1739.890 -228.685 101.613 49 62 80
1724.776 -222.205 84.336 79 96 121
1759.505 -223.064 54.212 79 92 113
1738.075 -221.192 33.946 93 117 148
1711.984 -221.501 5.078 77 103 128
1775.723 -255.802 117.830 28 39 54
1779.695 -243.553 117.651 153 171 195
1761.467 -265.397 114.800 99 103 120
1764.379 -236.273 122.673 30 40 53
1773.173 -224.547 102.010 73 106 147
1770.072 -214.983 104.278 90 106 132
1768.011 -221.903 74.940 105 141 174
1731.756 -186.415 44.500 72 74 87
1769.302 -265.862 116.193 38 48 64
1781.399 -249.286 116.728 135 149 172
1753.956 -233.077 120.851 36 46 63
1711.049 -248.376 130.223 189 180 178
1764.526 -191.234 122.989 181 149 139
1764.526 -191.234 122.989 181 149 139
1707.155 -242.386 126.326 65 76 88
1764.394 -214.831 50.713 57 72 93
1713.373 -223.999 40.134 97 97 102
1782.423 -246.071 119.118 39 52 72
1786.735 -243.096 117.919 48 62 82
1771.224 -258.578 114.387 30 41 56
1749.097 -198.347 124.569 40 51 66
1706.615 -242.563 130.976 181 171 174
1726.697 -238.940 120.008 137 147 161
1726.697 -238.940 120.008 137 147 161
1725.638 -238.929 116.234 143 153 166
1724.034 -237.612 106.465 149 157 168
1736.663 -230.556 103.476 50 63 86
1762.425 -222.759 50.122 65 80 105
1759.425 -210.180 32.010 142 149 165
1730.479 -182.131 42.224 131 137 148
1757.520 -209.598 6.649 45 59 81
1757.520 -209.598 6.649 45 59 81
1754.293 -212.267 -7.980 94 93 97
1709.475 -215.109 -7.153 46 50 60
1776.057 -256.723 120.527 54 67 89
1798.514 -223.133 114.946 39 52 82
1772.609 -256.562 116.210 133 151 175
1772.609 -256.562 116.210 133 151 175
1775.298 -228.517 118.445 46 67 97
1775.561 -198.612 124.050 156 133 135
1775.561 -198.612 124.050 156 133 135
1756.597 -259.727 115.392 162 178 199
1717.632 -244.941 130.150 225 221 214
1717.361 -244.873 130.190 225 221 214
1734.760 -229.593 113.933 64 78 106
1733.020 -230.175 108.369 172 179 190
1772.145 -219.089 95.320 49 62 85
1768.090 -226.824 87.957 51 62 80
1770.306 -217.783 82.708 61 76 105
1769.638 -215.082 79.185 39 52 72
1769.638 -215.082 79.185 39 52 72
1743.757 -193.434 101.306 97 116 142
1729.527 -225.136 76.657 51 65 85
1737.234 -191.913 76.479 41 55 77
1728.094 -224.968 66.338 67 81 108
1728.094 -224.968 66.338 67 81 108
1761.476 -225.209 55.686 81 97 125
1765.854 -217.467 54.107 33 50 75
1765.854 -217.467 54.107 33 50 75
1728.630 -220.578 64.264 53 66 89
1727.344 -220.936 57.063 53 65 82
1725.144 -221.836 53.443 48 60 84
1730.189 -221.219 51.304 142 146 153
1759.804 -220.998 40.790 74 79 88
1735.440 -190.626 55.370 48 58 84
1718.377 -226.280 45.942 118 147 172
1761.402 -211.734 37.785 53 64 89
1734.628 -190.238 52.228 39 49 75
1709.517 -225.988 42.240 209 210 210
1709.517 -225.988 42.240 209 210 210
1755.858 -222.034 30.212 186 194 201
1755.858 -222.034 30.212 186 194 201
1758.780 -218.937 30.601 111 133 161
1760.985 -213.925 30.422 94 112 137
1761.098 -211.520 28.179 76 89 120
1731.071 -185.463 45.772 48 55 73
1711.592 -229.652 39.316 60 65 71
1730.583 -218.184 31.459 47 58 75
1709.188 -228.937 29.961 114 103 128
1727.975 -172.442 23.108 102 90 123
1756.573 -216.385 6.276 56 79 101
1756.394 -213.282 7.062 65 92 121
1714.879 -218.046 9.784 117 131 149
1714.879 -218.046 9.784 117 131 149
1728.944 -216.488 2.834 42 55 76
1754.930 -215.397 -0.374 67 83 107
1753.658 -214.609 -3.419 79 95 118
1739.370 -210.198 -8.012 96 90 103
1738.533 -208.752 -12.645 110 90 124
1719.499 -170.451 3.377 213 200 196
1725.883 -212.031 -12.807 58 65 88
1735.230 -209.020 -15.561 138 115 149
1732.892 -192.524 -11.600 45 55 81
1724.294 -182.463 -5.582 47 51 70
1800.671 -221.256 114.460 47 55 75
1756.261 -262.831 116.639 48 62 82
1743.266 -243.426 126.464 100 116 139
1772.552 -231.417 111.350 60 72 96
1772.552 -231.417 111.350 60 72 96
1775.202 -223.695 111.900 30 47 72
1772.351 -216.157 118.032 23 32 48
1772.351 -216.157 118.032 23 32 48
1771.496 -230.087 104.902 48 63 86
1771.496 -230.087 104.902 48 63 86
1771.082 -230.559 102.909 161 169 187
1774.633 -223.060 108.571 35 53 79
1773.180 -215.489 106.060 27 35 52
1756.463 -194.170 123.362 45 54 70
1705.356 -244.653 130.190 76 83 93
1736.237 -230.278 120.616 43 56 77
1735.935 -230.081 120.721 43 56 77
1742.351 -228.416 114.995 144 157 172
1771.077 -229.315 101.306 78 92 121
1771.077 -229.315 101.306 78 92 121
1770.253 -229.392 97.952 48 60 78
1774.042 -219.747 101.686 85 105 133
1773.329 -222.046 98.228 63 81 110
1772.403 -215.364 95.303 40 50 75
1720.177 -240.639 106.490 161 172 187
1720.177 -240.639 106.490 161 172 187
1718.943 -238.671 102.731 98 107 122
1718.626 -238.308 99.013 79 91 115
1733.678 -222.604 93.773 110 127 149
1770.389 -220.284 77.613 64 79 107
1742.468 -190.652 96.535 86 96 104
1741.267 -178.812 104.878 84 96 110
1741.267 -178.812 104.878 84 96 110
1716.652 -237.145 89.107 101 108 125
1716.468 -236.425 85.575 37 49 72
1728.905 -225.018 85.000 48 60 77
1764.982 -222.612 68.120 66 80 107
1768.152 -218.757 67.731 33 48 67
1738.081 -176.569 88.483 81 96 118
1763.810 -221.877 57.485 78 95 120
1767.626 -218.327 60.676 41 55 81
1767.626 -218.327 60.676 41 55 81
1736.314 -175.658 81.833 84 101 124
1723.630 -226.810 71.376 97 101 112
1729.269 -223.265 70.388 37 50 72
1735.113 -177.757 72.518 96 88 113
1713.791 -235.366 66.508 145 168 189
1713.493 -234.364 61.000 82 93 105
1759.052 -225.256 49.117 138 152 176
1735.198 -174.958 71.311 75 88 107
1712.902 -233.818 57.622 68 75 87
1712.902 -233.818 57.622 68 75 87
1712.923 -233.712 54.042 68 81 96
1734.632 -187.580 56.278 35 47 63
1710.587 -232.884 51.369 98 109 124
1761.897 -219.483 36.676 87 101 125
1762.370 -215.553 37.186 76 95 123
1762.370 -215.553 37.186 76 95 123
1732.967 -173.397 57.817 72 85 103
1732.072 -172.839 54.828 94 109 132
1722.484 -220.085 43.860 58 66 86
1718.489 -220.434 41.025 48 55 68
1728.714 -186.036 42.880 42 56 78
1733.052 -182.886 45.804 64 70 83
1714.789 -227.449 36.376 81 81 85
1760.002 -210.774 20.362 53 67 89
1732.559 -184.032 38.385 65 74 85
1707.035 -230.009 23.602 71 82 97
1705.869 -229.560 20.370 87 107 127
1715.281 -219.493 20.411 29 41 57
1754.265 -220.952 11.039 121 136 159
1754.265 -220.952 11.039 121 136 159
1754.209 -207.158 0.639 106 119 139
1753.244 -203.492 1.157 66 78 98
1728.614 -186.860 3.782 47 60 82
1728.508 -186.680 0.444 56 64 90
1701.553 -223.782 -0.042 223 217 215
1702.807 -221.822 -1.743 97 88 105
1729.548 -188.526 -6.975 72 86 114
1735.983 -196.933 -15.537 96 65 106
1708.002 -215.330 -13.439 130 110 130
1734.749 -210.419 -19.109 146 118 151
1776.921 -256.158 122.155 39 52 72
1779.546 -253.169 118.388 153 164 187
1778.263 -252.784 119.377 153 164 187
1780.373 -251.551 115.894 119 133 159
1784.993 -243.225 117.911 47 57 73
1793.072 -236.032 115.732 167 185 206
1771.087 -253.508 115.464 143 159 179
1771.087 -253.508 115.464 143 159 179
1772.213 -241.578 118.826 125 141 170
1767.549 -240.007 120.170 26 38 55
1770.997 -233.456 118.283 49 60 78
1777.239 -222.723 121.248 50 64 94
1776.977 -218.252 120.559 153 164 180
1775.858 -217.701 119.474 27 38 53
1798.210 -205.992 115.238 27 38 53
1750.406 -268.435 116.404 39 46 61
1744.913 -242.316 127.339 27 38 61
1776.755 -220.246 113.699 143 153 172
1773.680 -216.359 113.132 56 64 84
1722.282 -243.420 125.500 39 52 62
1725.216 -242.146 127.857 28 42 61
1735.932 -232.456 123.880 38 48 72
1736.151 -232.084 125.840 84 97 122
1744.580 -228.805 121.450 134 148 164
1772.112 -230.077 108.126 39 52 72
1772.112 -230.077 108.126 39 52 72
1771.504 -229.053 106.724 142 149 165
1746.274 -182.602 128.878 104 109 108
1723.538 -241.355 123.564 130 144 161
1723.174 -240.838 118.348 67 80 100
1723.174 -240.838 118.348 67 80 100
1733.778 -231.320 114.136 40 53 76
1734.468 -231.263 115.780 134 148 164
1770.507 -228.264 99.499 131 148 170
1743.145 -180.509 129.032 70 79 95
1728.670 -173.071 135.212 28 35 53
1743.977 -180.791 124.877 28 35 53
1722.399 -240.050 111.431 74 84 100
1752.667 -200.504 108.110 56 67 82
1746.561 -195.081 113.933 144 157 172
1743.482 -180.490 121.685 64 72 91
1743.482 -180.490 121.685 64 72 91
1743.172 -180.228 119.984 147 155 167
1743.172 -180.228 119.984 147 155 167
1742.923 -180.073 118.235 51 63 78
1741.896 -179.571 115.084 56 63 80
1741.896 -179.571 115.084 56 63 80
1721.888 -239.743 107.842 73 84 99
1746.657 -198.848 107.065 135 149 165
1742.574 -185.237 109.090 153 161 173
1741.806 -179.514 113.285 146 157 170
1741.806 -179.514 113.285 146 157 170
1741.483 -179.343 111.665 41 51 65
1741.776 -179.500 109.689 143 156 171
1732.015 -225.641 97.231 114 129 154
1763.595 -227.518 70.744 29 43 62
1765.911 -224.825 74.624 67 82 112
1767.621 -218.139 71.846 101 136 170
1729.391 -223.488 82.716 87 101 130
1719.645 -229.806 67.213 111 117 123
1719.645 -229.806 67.213 111 117 123
1762.113 -223.737 53.848 27 34 53
1762.113 -223.737 53.848 27 34 53
1728.063 -220.777 63.406 39 49 74
1760.644 -221.860 47.465 71 86 113
1734.454 -177.207 66.224 98 89 113
1734.169 -174.402 68.322 86 93 113
1720.809 -227.053 55.703 160 172 189
1764.499 -211.907 40.604 76 83 102
1731.537 -172.547 51.458 105 109 123
1707.171 -234.165 47.546 76 84 94
1707.171 -234.165 47.546 76 84 94
1758.393 -218.712 27.263 111 147 178
1760.158 -211.979 26.818 83 98 122
1731.117 -171.021 48.631 98 74 103
1713.102 -226.778 38.247 77 81 87
1759.673 -210.956 23.481 39 53 74
1726.152 -218.198 23.780 141 139 151
1759.994 -207.925 16.466 43 54 79
1722.175 -217.731 18.232 41 50 65
1758.924 -207.661 8.642 123 133 151
1728.960 -177.837 18.337 101 115 135
1705.229 -228.788 11.809 166 181 195
1755.434 -207.455 1.991 126 147 175
1754.196 -205.175 2.153 126 149 177
1714.725 -218.333 4.494 183 198 212
1704.146 -220.148 -2.221 77 79 89
1722.938 -214.603 -6.287 54 59 78
1737.727 -208.988 -9.835 150 144 159
1737.727 -208.988 -9.835 150 144 159
1718.865 -176.792 -6.927 140 131 159
1739.908 -204.488 -21.134 110 86 124
1736.762 -206.616 -27.363 123 109 136
1783.108 -246.323 121.353 126 138 164
1783.108 -246.323 121.353 126 138 164
1771.308 -263.209 122.649 105 122 145
1770.705 -260.998 123.678 116 132 156
1772.214 -261.253 118.494 55 62 82
1772.049 -259.691 123.767 127 143 165
1779.290 -252.948 116.404 153 167 186
1782.580 -246.753 120.146 29 42 58
1755.601 -267.778 117.246 99 113 138
1769.795 -254.360 116.833 46 59 78
1773.719 -230.430 122.430 94 113 142
1773.081 -231.804 119.458 38 49 72
1775.550 -223.549 123.208 69 88 117
1776.446 -221.757 116.760 117 129 157
1778.444 -221.033 120.057 133 149 169
1777.531 -209.402 123.759 27 38 53
1797.990 -202.781 115.537 36 46 62
1797.354 -199.032 116.242 115 122 126
1791.928 -196.900 118.518 58 66 84
1793.915 -194.291 118.210 140 141 148
1729.600 -255.580 128.108 227 222 219
1771.570 -228.825 109.964 123 139 167
1771.570 -228.825 109.964 123 139 167
1768.288 -195.711 121.126 122 112 120
1774.578 -193.511 120.543 130 119 126
1725.322 -254.216 125.865 194 187 182
1731.622 -234.669 123.087 126 138 164
1738.580 -230.133 125.241 105 119 146
1771.422 -228.778 102.780 135 149 172
1775.042 -219.075 103.614 143 157 178
1759.408 -194.923 123.411 42 52 69
1762.139 -193.230 123.159 49 57 75
1755.060 -194.512 123.937 45 55 71
1747.031 -191.398 126.521 38 50 67
1721.206 -242.888 122.455 80 92 114
1735.310 -232.161 120.446 33 43 60
1772.623 -225.225 96.583 159 177 195
1772.623 -225.225 96.583 159 177 195
1773.271 -225.362 100.082 155 177 197
1773.434 -224.637 99.062 37 50 69
1749.486 -200.480 114.752 33 43 59
1748.636 -200.119 115.262 33 43 59
1747.478 -198.956 120.608 128 142 163
1732.857 -230.600 110.945 56 67 92
1743.414 -228.198 109.300 58 73 89
1769.387 -228.013 94.097 39 52 82
1768.726 -227.586 92.404 38 48 63
1771.537 -219.120 94.599 48 62 88
1771.518 -217.808 93.116 42 58 84
1771.697 -218.960 90.840 48 62 82
1772.935 -217.534 93.692 108 125 149
1748.381 -199.597 108.061 31 40 56
1745.248 -190.223 112.799 30 40 55
1729.291 -233.214 107.543 38 48 63
1732.214 -226.828 100.803 48 62 92
1771.097 -222.160 82.927 165 182 204
1771.202 -215.353 86.815 105 122 146
1734.316 -223.819 98.714 38 48 63
1769.977 -219.658 81.404 100 136 171
1771.407 -215.728 83.461 127 143 165
1725.683 -231.120 88.483 57 72 84
1732.487 -222.570 88.702 32 43 62
1765.717 -224.863 75.912 66 79 102
1768.379 -222.271 73.061 165 188 204
1768.457 -221.437 70.356 29 43 62
1768.457 -221.437 70.356 29 43 62
1730.252 -223.827 79.800 88 100 122
1767.677 -220.203 66.314 173 190 205
1719.505 -233.885 79.889 111 103 125
1728.256 -224.126 78.261 43 57 78
1729.304 -223.148 77.459 84 101 133
1766.562 -221.054 62.839 183 194 205
1766.562 -221.054 62.839 183 194 205
1767.100 -219.866 62.847 184 195 205
1766.113 -220.828 59.315 169 184 198
1766.172 -219.959 58.424 32 52 73
1766.877 -219.430 59.169 176 190 204
1766.877 -219.430 59.169 176 190 204
1766.670 -214.798 59.153 108 125 149
1712.960 -237.053 70.534 64 81 108
1722.851 -228.201 65.544 166 181 200
1722.851 -228.201 65.544 166 181 200
1727.383 -223.578 69.967 48 62 83
1727.832 -221.216 66.791 66 78 102
1761.184 -225.248 52.268 123 133 149
1765.501 -220.511 55.978 174 188 204
1765.501 -220.511 55.978 174 188 204
1766.236 -219.038 55.848 175 189 202
1764.840 -219.924 52.616 176 190 205
1734.872 -172.525 78.577 75 78 91
1715.794 -233.217 63.916 95 91 106
1726.064 -222.796 64.718 48 62 83
1763.736 -219.255 45.642 173 193 206
1764.691 -218.147 45.505 174 194 211
1763.841 -214.062 47.424 65 81 106
1763.986 -213.736 45.189 59 74 96
1764.683 -211.315 47.125 75 92 119
1716.372 -229.271 56.585 153 167 186
1720.490 -227.709 55.549 164 178 195
1763.062 -218.858 42.313 178 191 205
1763.062 -218.858 42.313 178 191 205
1762.634 -218.366 38.782 197 211 219
1762.634 -218.366 38.782 197 211 219
1762.223 -213.235 39.867 76 83 102
1708.935 -234.623 50.567 46 54 66
1728.035 -221.297 48.688 57 67 93
1728.062 -220.999 45.051 47 58 74
1729.897 -220.521 44.079 162 166 176
1729.897 -220.521 44.079 162 166 176
1756.945 -220.151 33.201 107 113 132
1734.440 -190.323 52.859 38 48 74
1716.972 -223.562 41.576 141 148 158
1761.131 -212.084 30.285 131 139 151
1761.653 -216.865 27.652 48 77 109
1760.495 -217.076 25.271 172 191 211
1760.230 -215.522 25.660 183 200 214
1731.094 -179.736 43.350 104 110 120
1725.354 -218.995 31.832 47 58 75
1730.921 -185.440 40.726 56 64 84
1729.935 -177.917 42.030 98 101 107
1729.964 -173.789 41.649 92 85 106
1708.174 -229.363 31.994 102 87 115
1726.509 -218.791 26.810 145 145 150
1726.509 -218.791 26.810 145 145 150
1756.396 -217.858 18.596 144 174 200
1756.467 -217.402 17.171 105 147 179
1759.496 -216.312 18.378 179 197 214
1758.633 -215.662 14.935 171 190 204
1735.710 -193.344 29.637 29 40 57
1735.424 -192.215 28.713 133 139 158
1735.424 -192.215 28.713 133 139 158
1731.255 -181.067 28.009 29 43 62
1707.018 -231.402 25.036 176 185 196
1705.758 -230.805 22.047 184 191 203
1705.758 -230.805 22.047 184 191 203
1725.753 -217.958 20.071 141 144 151
1755.578 -216.749 10.189 114 152 181
1754.890 -216.363 8.447 157 179 201
1758.130 -215.518 11.630 176 195 209
1757.495 -208.878 8.026 48 62 92
1759.495 -209.006 12.125 115 134 155
1730.781 -182.868 27.547 87 98 114
1729.068 -177.912 23.424 98 110 126
1717.549 -219.696 17.884 174 187 200
1723.775 -217.982 14.150 47 58 75
1722.304 -217.282 10.950 44 58 81
1755.551 -220.355 5.126 68 84 105
1755.551 -220.355 5.126 68 84 105
1754.255 -219.024 4.754 116 131 155
1754.841 -215.995 4.964 176 192 208
1752.944 -218.325 3.101 134 147 171
1756.952 -214.798 4.810 179 194 208
1756.952 -214.798 4.810 179 194 208
1756.502 -208.719 2.631 51 65 96
1729.567 -181.592 17.795 95 108 126
1717.221 -219.338 10.829 165 179 194
1721.118 -216.799 7.694 57 68 94
1721.269 -216.778 4.170 47 54 76
1755.766 -214.075 -2.059 184 196 206
1755.766 -214.075 -2.059 184 196 206
1756.507 -212.791 -2.018 190 201 210
1756.154 -213.344 -2.982 39 53 76
1721.466 -215.420 0.088 143 141 150
1720.272 -215.872 -2.520 48 59 86
1722.119 -214.611 -2.374 56 64 79
1752.421 -205.697 -6.611 102 100 112
1731.552 -189.560 1.327 141 145 159
1727.625 -180.656 3.620 110 111 127
1737.921 -198.913 -7.696 63 68 79
1733.835 -195.843 -8.215 48 59 78
1730.294 -209.730 -15.926 102 91 109
1724.865 -216.827 -20.284 167 140 166
1729.969 -191.045 -19.627 226 222 220
1769.977 -261.836 124.739 41 51 74
1785.927 -244.315 120.794 128 148 172
1788.377 -242.675 119.344 29 40 55
1770.875 -262.865 121.831 80 98 123
1781.414 -248.317 117.611 135 151 171
1780.154 -248.457 116.177 150 159 178
1762.951 -269.791 114.873 61 67 81
1775.373 -249.857 115.084 41 52 72
1772.911 -233.758 120.543 49 64 89
1774.296 -229.791 121.232 62 79 106
1776.213 -228.295 119.077 40 56 91
1776.518 -227.331 116.793 138 160 185
1776.403 -225.099 115.845 51 73 113
1775.638 -222.994 118.202 30 44 63
1794.264 -208.881 116.777 59 70 91
1779.659 -206.634 122.657 61 72 95
1779.659 -206.634 122.657 61 72 95
1795.424 -193.092 117.303 224 222 219
1754.475 -255.829 118.996 53 66 88
1775.834 -227.053 113.383 143 168 195
1776.309 -225.669 113.407 146 168 192
1776.083 -226.375 112.629 38 58 80
1775.634 -226.069 111.058 19 29 52
1775.069 -226.642 110.054 138 155 181
1775.069 -226.642 110.054 138 155 181
1775.614 -225.936 109.227 24 32 52
1768.661 -212.298 122.592 25 35 49
1761.698 -202.982 125.792 65 79 108
1763.778 -201.718 122.552 38 48 72
1776.800 -196.007 120.373 75 69 85
1775.689 -191.931 119.028 115 106 116
1784.857 -193.007 117.246 71 63 68
1731.581 -238.366 128.570 83 96 123
1771.405 -227.342 104.408 58 77 111
1775.319 -225.742 107.389 25 34 53
1774.704 -226.187 106.652 153 170 196
1775.113 -225.109 106.708 154 176 197
1773.884 -225.777 103.436 159 178 201
1774.402 -223.241 103.225 152 172 196
1756.408 -200.884 122.916 109 119 134
1760.227 -191.253 123.670 56 59 63
1738.374 -172.266 134.937 206 198 193
1741.709 -172.900 134.832 202 192 185
1703.590 -243.681 129.340 112 119 128
1736.075 -228.849 117.384 59 70 92
1767.849 -231.088 98.576 56 67 82
1770.527 -226.526 96.656 153 172 190
1770.527 -226.526 96.656 153 172 190
1771.635 -225.831 96.680 164 182 198
1771.635 -225.831 96.680 164 182 198
1774.070 -224.982 100.755 73 106 147
1773.985 -224.953 100.771 73 106 147
1773.929 -219.644 100.982 82 98 127
1773.096 -224.460 97.563 38 48 63
1773.292 -223.802 96.664 161 172 187
1772.716 -224.220 95.781 32 48 73
1772.053 -221.726 97.280 156 178 198
1747.052 -198.279 119.142 27 34 53
1769.740 -226.423 93.959 54 67 92
1771.078 -225.468 93.181 159 181 202
1767.692 -229.271 91.780 106 117 140
1767.924 -228.869 90.784 49 66 92
1768.451 -228.022 91.310 90 104 131
1769.151 -225.754 89.901 155 171 197
1769.151 -225.754 89.901 155 171 197
1772.972 -224.201 93.862 30 45 68
1772.238 -224.636 93.238 154 171 193
1771.950 -222.992 93.659 157 178 198
1771.994 -223.730 92.768 52 71 98
1771.984 -219.549 96.551 41 56 82
1771.510 -224.179 90.095 154 171 193
1771.291 -223.497 89.326 50 70 86
1771.894 -222.799 89.828 170 185 204
1771.894 -222.799 89.828 170 185 204
1770.585 -220.123 90.662 154 173 190
1770.881 -215.476 92.136 157 170 194
1765.615 -229.535 85.243 135 151 171
1765.615 -229.535 85.243 135 151 171
1768.907 -225.406 86.304 156 174 192
1766.747 -228.983 85.754 42 56 78
1766.671 -228.914 85.737 42 56 78
1767.597 -227.332 84.385 89 106 131
1770.844 -223.883 86.458 171 188 203
1771.675 -222.595 86.256 172 187 200
1771.265 -221.783 85.341 32 41 60
1771.584 -216.764 86.199 38 48 63
1724.456 -235.450 99.953 159 166 180
1724.456 -235.450 99.953 159 166 180
1725.279 -234.558 99.823 162 171 182
1724.128 -234.533 95.482 57 72 92
1727.217 -231.936 97.620 39 49 64
1727.227 -231.515 96.624 145 160 173
1730.145 -228.727 95.522 47 60 82
1767.831 -224.776 79.379 135 152 178
1771.086 -221.428 82.036 81 107 140
1770.329 -221.774 79.565 162 180 200
1769.951 -218.342 82.433 61 76 105
1770.083 -222.427 78.609 31 45 64
1769.574 -222.156 77.240 28 38 62
1770.663 -214.173 81.282 71 89 114
1743.791 -197.120 94.583 87 98 122
1741.516 -186.478 103.128 69 81 86
1741.996 -188.208 99.872 29 43 62
1742.135 -185.148 98.795 135 149 165
1721.541 -235.305 94.712 107 106 116
1723.264 -234.184 94.210 65 73 92
1728.854 -228.737 93.100 150 157 168
1724.648 -231.732 87.770 122 129 146
1725.884 -230.988 86.904 52 64 79
1730.024 -225.392 88.208 39 48 64
1729.243 -227.306 86.061 150 162 180
1765.668 -226.827 74.543 71 89 114
1764.952 -225.108 70.428 38 48 63
1765.823 -223.731 73.029 130 156 180
1769.440 -221.263 72.794 161 185 202
1768.644 -220.660 71.595 136 158 181
1770.753 -216.022 76.722 115 130 156
1741.916 -191.913 92.436 26 29 44
1741.564 -192.404 91.521 167 177 186
1741.256 -191.522 89.245 36 46 61
1741.609 -184.914 95.490 153 167 180
1741.336 -183.498 95.530 153 167 180
1741.781 -187.934 92.412 38 48 63
1716.601 -237.699 83.178 170 180 194
1718.680 -236.913 85.324 57 66 82
1721.261 -232.947 84.182 35 40 52
1720.275 -233.908 82.230 106 106 120
1721.336 -233.396 81.290 122 153 182
1726.287 -230.361 86.053 155 157 162
1727.991 -228.007 86.005 160 172 189
1726.941 -229.012 84.190 111 116 126
1725.871 -228.686 84.741 111 116 126
1727.439 -227.655 82.692 177 187 194
1725.463 -230.082 82.732 159 170 185
1728.868 -227.014 82.449 154 168 182
1727.942 -226.505 79.338 158 171 185
1728.016 -226.538 79.298 158 171 185
1760.610 -228.548 69.100 62 76 97
1762.643 -226.731 69.262 56 67 92
1763.478 -226.269 68.087 92 106 132
1766.901 -222.642 69.489 181 192 207
1763.968 -224.271 65.844 39 49 74
1761.997 -226.071 65.593 42 52 77
1763.078 -225.514 64.499 94 105 128
1768.012 -221.939 69.343 186 197 211
1768.012 -221.939 69.343 186 197 211
1768.492 -220.743 69.481 163 177 192
1768.775 -220.843 69.327 163 177 192
1767.948 -221.228 68.630 39 53 73
1767.726 -221.049 66.986 15 25 46
1767.776 -217.809 69.578 142 165 189
1767.294 -221.522 66.305 170 186 201
1767.294 -221.522 66.305 170 186 201
1767.260 -220.700 63.560 39 53 74
1766.796 -217.541 66.646 148 165 187
1766.674 -217.478 66.719 148 165 187
1768.625 -214.729 66.654 116 129 149
1740.661 -194.254 86.709 42 49 69
1740.856 -192.062 88.184 158 168 178
1740.876 -191.300 87.301 28 38 53
1740.718 -191.238 85.794 28 38 53
1739.067 -193.394 82.181 28 38 53
1741.202 -191.285 82.052 24 36 53
1738.774 -183.138 86.005 168 183 196
1739.320 -186.431 82.943 29 40 56
1715.742 -237.378 79.654 172 186 200
1715.029 -236.928 76.390 159 171 188
1715.029 -236.928 76.390 159 171 188
1719.565 -233.530 76.746 99 103 122
1720.206 -232.707 76.212 158 174 189
1720.455 -232.189 73.531 47 57 73
1721.976 -231.580 78.950 87 97 111
1726.260 -226.917 75.993 162 176 188
1724.177 -229.146 76.042 152 173 192
1723.762 -228.944 72.494 162 176 188
1723.762 -228.944 72.494 162 176 188
1727.298 -226.298 75.872 174 188 202
1730.603 -222.440 76.463 42 56 78
1763.534 -224.210 60.174 66 78 102
1763.534 -224.210 60.174 66 78 102
1764.833 -221.632 59.388 166 181 195
1766.742 -220.470 61.931 34 51 75
1766.235 -219.977 58.416 32 52 73
1766.080 -219.926 56.739 32 52 73
1739.929 -191.277 77.613 170 183 198
1738.049 -182.815 82.700 165 176 190
1738.829 -182.914 78.707 172 186 201
1713.861 -237.419 73.903 88 101 130
1714.543 -236.605 73.142 151 165 185
1714.543 -236.605 73.142 151 165 185
1713.704 -236.179 69.699 160 174 192
1719.315 -231.504 70.574 39 53 73
1720.071 -231.140 69.335 160 178 196
1717.636 -232.405 66.662 113 108 128
1722.869 -229.016 69.886 37 43 62
1723.204 -228.403 69.068 157 168 182
1726.539 -224.319 68.938 106 123 148
1726.539 -224.319 68.938 106 123 148
1726.789 -223.180 68.266 41 53 77
1765.611 -219.665 55.208 41 62 92
1765.492 -219.514 53.410 32 52 73
1765.523 -218.827 52.446 179 196 210
1764.746 -214.261 53.961 49 63 93
1738.057 -186.241 71.319 163 177 189
1737.347 -185.207 72.672 28 39 62
1737.914 -185.388 70.356 30 43 65
1737.917 -185.381 70.356 30 43 65
1734.867 -173.711 73.425 154 168 185
1734.867 -173.711 73.425 154 168 185
1734.863 -172.565 76.123 76 91 109
1719.060 -231.319 64.888 48 59 75
1718.900 -231.062 63.074 47 58 74
1718.149 -231.313 62.345 168 179 193
1718.958 -230.493 62.304 167 178 192
1718.650 -230.906 61.348 47 57 73
1718.194 -230.694 59.842 46 53 73
1721.801 -228.310 63.195 29 40 64
1721.713 -227.650 62.393 168 182 193
1723.873 -225.527 62.361 167 178 186
1721.342 -228.026 61.494 56 64 84
1721.303 -227.237 58.959 173 182 191
1722.302 -226.228 60.806 116 119 136
1723.977 -224.837 61.688 42 52 74
1724.128 -224.815 59.801 39 46 62
1723.736 -225.297 58.578 173 184 197
1724.725 -224.549 62.401 163 176 188
1725.208 -223.425 62.183 112 123 145
1725.208 -223.425 62.183 112 123 145
1726.467 -221.574 64.629 92 101 122
1728.573 -219.391 62.272 140 151 165
1724.479 -224.147 58.926 155 165 175
1724.479 -224.147 58.926 155 165 175
1761.919 -223.935 49.563 113 127 147
1761.821 -222.880 49.806 39 50 75
1761.208 -222.386 46.598 68 80 105
1761.644 -220.868 45.634 139 160 185
1764.395 -218.910 50.348 30 47 73
1765.129 -218.519 49.231 180 196 210
1764.964 -219.146 48.356 73 107 139
1764.229 -218.827 46.428 94 129 164
1764.145 -213.399 46.145 96 117 144
1765.050 -211.665 50.146 84 98 125
1764.421 -210.410 50.033 114 128 148
1738.589 -194.546 62.296 38 45 64
1737.515 -185.787 67.917 174 187 202
1737.324 -185.019 67.043 28 39 61
1736.441 -179.058 69.440 97 89 113
1736.776 -184.678 63.503 29 40 55
1736.527 -184.540 62.029 27 38 53
1735.230 -174.866 69.432 166 181 191
1734.726 -175.581 65.925 151 157 166
1711.458 -235.728 60.222 60 75 96
1711.897 -234.940 59.526 175 189 202
1710.651 -235.369 57.120 48 59 79
1710.651 -235.369 57.120 48 59 79
1717.478 -230.969 59.080 164 175 185
1718.256 -229.959 58.999 164 174 188
1717.819 -230.501 58.133 27 34 53
1716.355 -229.867 58.019 27 34 53
1716.355 -229.867 58.019 27 34 53
1723.571 -224.532 58.108 47 54 69
1720.031 -227.167 54.795 48 62 83
1719.868 -227.015 52.892 54 67 89
1721.153 -225.424 53.977 112 118 129
1721.153 -225.424 53.977 112 118 129
1723.806 -223.945 55.395 172 183 198
1723.568 -223.803 55.516 172 183 198
1759.440 -223.806 42.864 58 69 95
1760.644 -220.148 42.613 168 181 197
1761.870 -219.524 42.516 177 189 204
1763.949 -217.763 42.273 179 195 206
1763.845 -218.355 41.163 46 57 82
1763.120 -218.032 39.729 29 43 63
1763.274 -218.003 37.599 44 61 78
1764.175 -210.584 45.318 60 72 99
1735.412 -190.827 54.334 38 48 74
1710.416 -233.846 49.247 176 188 197
1717.274 -229.416 52.155 158 166 179
1716.410 -229.563 49.555 37 43 63
1711.078 -233.076 49.239 184 191 199
1711.078 -233.076 49.239 184 191 199
1715.594 -229.803 48.915 163 178 193
1716.561 -228.886 48.809 159 174 190
1719.534 -226.769 51.304 48 62 83
1719.454 -226.671 49.506 40 54 75
1719.503 -226.063 48.672 164 182 194
1721.382 -223.992 48.631 174 189 202
1732.586 -219.937 43.455 153 161 173
1752.996 -223.145 35.963 103 106 122
1752.996 -223.145 35.963 103 106 122
1757.222 -220.504 34.205 96 113 135
1757.222 -220.504 34.205 96 113 135
1760.399 -218.727 31.978 177 196 209
1762.596 -217.675 36.246 29 43 63
1762.280 -218.226 35.436 181 195 209
1762.255 -217.346 32.812 78 109 139
1761.471 -217.812 32.075 178 197 214
1762.418 -216.620 31.913 181 196 211
1733.974 -179.360 52.568 20 31 46
1733.018 -179.555 52.041 171 180 191
1732.249 -172.004 56.488 160 171 188
1715.842 -227.812 45.221 85 88 104
1713.689 -229.602 43.804 111 102 122
1709.299 -227.612 41.114 80 77 88
1712.413 -225.815 40.296 86 80 87
1723.565 -220.584 42.167 51 64 85
1756.393 -220.614 31.540 107 118 133
1761.604 -217.056 31.484 46 67 97
1761.510 -216.987 29.572 37 58 88
1761.871 -216.395 28.624 181 198 212
1761.582 -214.058 32.034 171 191 209
1761.228 -216.684 26.016 72 102 131
1760.619 -213.771 28.964 177 191 209
1738.941 -194.393 41.924 182 197 212
1738.941 -194.393 41.924 182 197 212
1710.118 -230.752 36.425 109 111 120
1713.950 -227.262 35.048 158 163 166
1713.661 -227.692 34.294 47 58 75
1713.351 -227.492 32.642 48 62 84
1715.392 -225.457 36.384 80 82 91
1716.499 -225.462 34.975 167 170 175
1716.499 -225.462 34.975 167 170 175
1718.453 -221.810 31.646 182 190 201
1718.453 -221.810 31.646 182 190 201
1724.427 -219.921 34.310 140 151 171
1726.195 -219.396 35.218 77 90 112
1720.310 -219.968 31.419 125 136 157
1759.634 -218.014 25.157 169 195 212
1760.655 -216.358 24.526 47 74 104
1759.783 -216.644 21.764 165 190 204
1759.783 -216.644 21.764 165 190 204
1760.220 -215.464 22.104 170 188 204
1760.016 -215.763 19.180 59 88 118
1759.889 -213.100 22.079 170 190 204
1760.914 -208.369 24.364 91 102 126
1731.929 -186.403 39.179 116 123 137
1730.982 -179.110 40.296 61 65 77
1707.982 -231.627 32.958 47 58 84
1707.261 -231.173 27.903 29 44 64
1712.682 -227.921 31.637 179 190 201
1713.626 -226.976 31.686 163 177 194
1713.626 -226.976 31.686 163 177 194
1711.847 -226.609 26.972 28 40 56
1716.613 -224.209 31.727 165 183 200
1718.699 -221.237 30.876 40 51 78
1717.719 -221.288 28.438 187 195 206
1717.719 -221.288 28.438 187 195 206
1716.106 -223.913 28.284 183 189 200
1715.694 -224.261 27.353 52 56 73
1715.258 -224.005 25.619 28 40 56
1718.359 -221.005 27.490 39 53 75
1718.729 -220.691 28.284 184 195 206
1718.729 -220.691 28.284 184 195 206
1726.419 -218.414 25.052 141 144 151
1755.797 -221.874 18.969 67 80 104
1758.108 -216.882 14.830 146 171 192
1759.876 -215.799 17.608 93 130 160
1759.797 -213.804 18.402 165 187 209
1759.254 -212.694 18.572 162 183 207
1758.743 -210.994 18.289 54 71 98
1759.224 -215.331 15.753 96 134 164
1758.843 -212.342 15.081 147 176 198
1758.460 -210.735 14.822 49 67 94
1761.020 -208.807 19.698 49 67 93
1761.100 -209.623 18.872 129 145 168
1759.530 -206.956 15.559 121 137 160
1731.892 -187.841 31.532 98 112 138
1731.131 -181.047 29.766 60 77 101
1731.144 -180.220 30.593 170 182 195
1705.496 -231.992 25.967 58 73 94
1707.053 -230.965 26.129 37 49 66
1707.053 -230.965 26.129 37 49 66
1711.516 -227.074 24.963 180 189 197
1710.784 -226.588 21.812 163 174 191
1711.975 -225.904 21.480 171 186 201
1714.708 -224.186 24.882 183 189 200
1717.690 -220.575 22.169 29 44 65
1714.874 -223.036 21.391 179 190 201
1714.874 -223.036 21.391 179 190 201
1714.311 -223.344 20.694 38 49 75
1714.038 -223.143 18.920 48 62 85
1714.038 -223.143 18.920 48 62 85
1716.896 -220.824 21.367 185 196 205
1717.333 -220.381 20.516 38 49 65
1718.530 -220.381 24.704 180 190 202
1724.205 -218.209 21.294 42 51 75
1718.126 -219.953 21.294 173 185 198
1718.126 -219.953 21.294 173 185 198
1755.822 -220.183 12.870 66 79 103
1755.822 -220.183 12.870 66 79 103
1754.673 -220.274 8.026 143 155 172
1757.141 -215.548 8.860 95 130 157
1758.694 -210.148 12.692 31 48 75
1757.767 -210.160 11.452 46 63 89
1757.978 -214.564 8.941 95 130 157
1757.822 -214.476 7.370 48 75 105
1758.327 -214.080 8.123 178 196 213
1757.639 -208.774 10.804 42 59 87
1757.431 -211.492 8.407 138 160 180
1730.249 -184.361 24.331 28 40 65
1730.851 -185.400 23.149 177 191 200
1730.862 -185.414 23.141 177 191 200
1729.996 -179.753 24.032 147 167 189
1705.255 -230.422 18.467 178 188 199
1705.255 -230.422 18.467 178 188 199
1704.698 -230.121 15.097 181 191 203
1704.698 -230.121 15.097 181 191 203
1705.271 -229.232 15.097 180 188 201
1705.271 -229.232 15.097 180 188 201
1710.464 -226.251 18.119 175 194 204
1711.484 -225.552 18.070 167 185 202
1710.835 -225.795 17.236 39 53 77
1709.633 -225.827 14.814 180 188 197
1709.633 -225.827 14.814 180 188 197
1714.350 -222.581 17.997 178 190 201
1714.350 -222.581 17.997 178 190 201
1713.665 -222.905 17.252 49 63 86
1713.483 -222.736 15.518 39 53 76
1716.147 -220.535 18.021 186 194 203
1716.147 -220.535 18.021 186 194 203
1712.934 -223.032 14.717 166 175 187
1713.012 -222.500 13.947 29 40 57
1715.799 -220.203 14.401 189 197 205
1716.846 -219.304 14.490 190 198 207
1716.846 -219.304 14.490 190 198 207
1717.134 -218.518 13.591 37 44 65
1752.888 -218.708 4.235 41 54 74
1752.888 -218.708 4.235 41 54 74
1754.359 -215.923 1.400 177 189 205
1754.359 -215.923 1.400 177 189 205
1755.664 -215.422 1.222 177 189 205
1755.664 -215.422 1.222 177 189 205
1757.612 -214.312 5.645 43 67 94
1757.499 -212.196 4.737 178 194 209
1757.499 -212.196 4.737 178 194 209
1756.984 -213.970 2.145 40 54 77
1756.451 -211.800 1.505 180 195 206
1756.883 -211.966 1.335 180 195 206
1756.505 -210.645 1.700 183 197 209
1756.505 -210.645 1.700 183 197 209
1756.293 -204.370 6.017 153 167 186
1729.716 -183.068 16.377 163 174 190
1729.460 -183.664 14.125 22 33 50
1703.552 -230.524 12.667 57 68 95
1704.591 -228.787 8.075 173 184 198
1708.880 -225.386 11.622 174 181 192
1710.509 -224.834 11.193 190 196 206
1710.509 -224.834 11.193 190 196 206
1709.827 -224.495 7.815 178 188 200
1713.090 -221.985 11.339 179 194 205
1714.971 -219.612 11.250 183 193 204
1711.518 -222.171 7.945 170 183 196
1712.172 -221.877 8.617 39 49 66
1712.494 -221.312 7.815 181 193 205
1711.255 -222.223 6.236 155 169 186
1715.836 -218.685 7.637 175 189 202
1715.180 -218.925 6.908 49 63 86
1717.606 -216.343 7.710 128 147 165
1752.184 -216.346 -0.228 142 149 159
1755.387 -215.245 -2.139 188 199 206
1755.387 -215.245 -2.139 188 199 206
1750.342 -216.759 -1.443 187 196 206
1750.342 -216.759 -1.443 187 196 206
1750.840 -216.377 -2.237 57 68 85
1756.553 -213.743 0.388 41 56 86
1756.435 -213.610 -1.240 39 53 76
1756.243 -211.451 -1.986 191 205 215
1756.243 -211.451 -1.986 191 205 215
1754.352 -209.526 -1.249 177 188 200
1755.020 -209.718 -1.516 177 188 200
1753.533 -206.963 -0.803 168 179 193
1753.533 -206.963 -0.803 168 179 193
1754.278 -208.536 -3.217 142 147 160
1729.230 -184.279 13.064 172 183 196
1728.283 -182.643 13.502 163 173 188
1728.283 -182.643 13.502 163 173 188
1729.071 -183.384 12.157 29 40 57
1729.114 -182.809 9.638 172 181 190
1727.971 -179.064 14.676 45 59 86
1727.569 -175.126 13.315 37 45 66
1728.014 -179.065 11.055 38 45 66
1726.997 -178.462 9.735 68 84 105
1727.286 -175.523 10.877 176 186 194
1726.799 -173.949 10.958 172 180 193
1708.819 -224.330 3.563 63 76 95
1710.742 -221.764 4.519 168 182 198
1710.742 -221.764 4.519 168 182 198
1711.623 -221.456 5.377 71 97 123
1711.916 -221.018 4.430 172 187 200
1714.321 -218.285 2.510 28 37 58
1716.380 -216.170 4.203 98 112 133
1716.278 -215.601 0.963 124 137 156
1751.924 -214.839 -6.781 161 162 169
1750.869 -214.839 -7.291 111 117 131
1752.644 -214.077 -6.967 106 108 118
1748.284 -216.702 -8.863 104 108 116
1751.969 -215.116 -9.389 97 108 116
1755.316 -211.463 -7.526 94 93 105
1754.705 -212.876 -10.029 189 174 179
1752.769 -202.846 -3.460 145 152 174
1732.315 -190.973 0.420 50 61 87
1731.528 -189.674 -0.228 137 135 145
1731.782 -190.736 -1.127 39 50 68
1728.023 -182.492 5.361 36 48 73
1727.378 -181.690 2.931 191 195 201
1726.689 -175.150 7.532 163 177 189
1726.309 -173.775 7.645 176 194 205
1699.059 -225.340 0.153 207 195 194
1708.473 -223.174 -1.168 198 183 182
1723.840 -215.306 -4.108 160 153 171
1723.840 -215.306 -4.108 160 153 171
1720.079 -215.529 -6.376 47 54 78
1737.217 -211.030 -8.984 150 144 152
1730.371 -189.105 -5.501 169 169 180
1729.708 -188.145 -1.362 170 174 190
1729.974 -187.209 -5.428 164 175 191
1720.446 -168.283 3.498 173 159 168
1707.889 -216.858 -6.991 138 107 147
1705.016 -216.421 -9.211 35 38 52
1705.156 -215.491 -9.802 125 119 136
1721.439 -214.565 -10.564 181 189 201
1721.439 -214.565 -10.564 181 189 201
1727.228 -212.196 -11.122 199 207 213
1727.297 -212.102 -11.106 199 207 213
1727.390 -212.232 -14.063 56 64 79
1734.586 -210.666 -14.136 135 114 148
1734.277 -196.563 -10.620 147 156 171
1734.277 -196.563 -10.620 147 156 171
1722.176 -179.711 -7.348 96 73 104
1719.440 -209.375 -19.222 194 176 175
1738.630 -202.997 -22.462 88 77 105
1772.384 -261.888 124.860 56 70 90
1774.126 -255.384 126.140 57 72 92
1781.430 -252.004 121.296 96 114 140
1785.262 -244.870 121.475 30 42 57
1770.298 -264.381 121.539 76 90 116
1772.150 -262.174 121.588 93 111 135
1772.225 -260.850 117.182 86 100 124
1773.387 -259.674 118.988 127 145 170
1778.626 -226.558 123.087 79 99 126
1798.086 -208.002 117.392 33 45 62
1766.232 -265.887 117.773 52 65 84
1765.257 -263.973 118.712 47 57 73
1774.206 -247.537 114.881 37 44 62
1774.206 -247.537 114.881 37 44 62
1773.124 -247.002 114.654 53 63 79
1772.765 -231.317 122.592 94 111 142
1773.200 -230.580 121.288 66 81 109
1775.946 -227.919 117.408 42 58 91
1773.744 -229.120 117.724 40 54 83
1775.011 -228.026 116.955 138 161 187
1777.253 -225.779 121.782 50 65 95
1776.999 -225.692 119.441 53 71 101
1776.588 -224.525 119.838 50 67 93
1776.293 -223.853 120.713 123 143 167
1776.510 -223.923 120.616 123 143 167
1777.424 -227.167 117.182 56 73 100
1776.101 -224.681 117.028 143 158 184
1776.464 -223.388 119.539 51 68 94
1776.205 -223.831 118.858 82 97 125
1777.287 -221.919 119.782 110 127 151
1775.815 -223.472 117.182 131 145 170
1775.018 -214.090 124.528 107 128 155
1776.459 -200.359 123.362 50 53 71
1796.991 -203.312 116.663 63 77 96
1793.945 -191.813 116.866 200 197 197
1750.855 -268.023 117.813 77 88 93
1735.671 -241.029 128.408 105 122 146
1735.671 -241.029 128.408 105 122 146
1736.585 -239.095 128.611 104 116 137
1739.315 -236.250 128.497 86 99 119
1752.656 -235.779 125.581 47 58 83
1775.392 -227.389 114.387 63 89 123
1774.278 -227.921 114.257 67 93 128
1773.041 -228.487 112.767 53 75 104
1774.916 -227.105 110.645 32 49 74
1773.704 -227.656 110.742 41 55 75
1773.898 -227.140 110.199 140 157 180
1775.568 -223.610 115.221 103 126 156
1775.607 -222.944 116.509 51 73 101
1775.392 -223.744 112.840 34 52 78
1775.514 -224.765 110.904 32 47 68
1774.808 -223.085 110.345 155 174 198
1774.808 -223.085 110.345 155 174 198
1774.966 -221.834 111.722 86 106 135
1761.480 -202.876 124.253 79 97 122
1761.626 -204.280 122.074 61 74 89
1761.969 -202.296 124.820 43 54 74
1769.006 -197.005 122.309 40 50 65
1777.519 -196.842 120.737 127 133 145
1782.504 -192.695 117.198 177 150 143
1776.744 -184.225 121.880 208 198 195
1776.744 -184.225 121.880 208 198 195
1725.471 -253.822 127.501 82 87 84
1710.501 -250.145 130.206 197 190 187
1736.155 -231.997 126.691 85 98 119
1735.487 -232.222 123.734 38 48 72
1736.432 -229.700 121.896 93 107 134
1771.911 -227.940 107.624 38 51 76
1771.911 -227.940 107.624 38 51 76
1771.699 -227.819 106.125 60 80 108
1771.077 -226.806 103.946 145 165 189
1774.841 -226.496 108.677 109 126 154
1774.629 -223.547 106.846 154 171 193
1774.220 -222.336 107.162 144 161 185
1773.699 -225.695 102.156 128 161 189
1773.961 -223.674 102.634 84 118 154
1773.559 -222.485 103.679 150 170 194
1773.804 -221.796 106.546 59 77 111
1756.619 -199.994 122.965 47 57 82
1746.717 -189.813 127.388 88 100 120
1764.170 -190.880 122.811 181 153 143
1727.516 -237.638 121.232 123 137 161
1733.717 -233.429 120.802 108 125 149
1733.162 -232.384 117.068 65 75 96
1734.971 -229.297 114.419 82 93 118
1734.971 -229.297 114.419 82 93 118
1771.239 -229.449 102.010 64 81 107
1771.498 -227.074 101.986 101 134 170
1771.155 -227.009 99.896 140 158 186
1772.607 -226.317 99.677 152 174 196
1772.674 -225.788 99.183 43 61 90
1770.294 -226.990 99.200 43 60 86
1771.456 -226.372 99.345 53 73 108
1769.933 -226.767 97.596 41 57 83
1771.361 -226.188 97.401 45 63 89
1773.148 -221.397 102.853 77 106 141
1772.140 -220.833 98.074 34 49 79
1775.170 -218.130 100.633 70 86 114
1746.729 -196.796 123.427 41 57 82
1747.112 -197.091 121.288 96 115 130
1747.474 -195.541 123.313 38 49 65
1722.344 -241.807 115.537 146 155 168
1722.989 -240.118 114.266 54 61 81
1722.989 -240.118 114.266 54 61 81
1722.876 -239.775 110.783 47 57 73
1732.172 -231.562 110.378 61 69 85
1732.172 -231.562 110.378 61 69 85
1769.216 -228.097 92.979 82 95 111
1771.356 -225.024 92.541 55 75 112
1770.621 -225.300 91.415 118 134 157
1770.088 -225.382 90.500 38 48 73
1770.478 -225.023 89.771 171 185 200
1771.397 -221.487 90.217 181 191 204
1771.397 -221.487 90.217 181 191 204
1771.644 -218.024 91.715 132 145 169
1774.006 -218.375 95.555 77 91 120
1773.912 -217.251 94.121 41 52 77
1771.313 -214.427 93.206 158 168 190
1772.087 -214.719 92.776 158 168 190
1746.062 -192.757 116.072 134 144 158
1752.802 -199.864 107.186 63 76 96
1744.610 -187.554 112.605 66 80 91
1743.402 -185.686 114.338 64 78 89
1721.047 -240.219 107.583 48 59 84
1721.047 -240.219 107.583 48 59 84
1730.754 -229.290 102.391 45 58 82
1734.177 -225.565 99.912 48 62 92
1764.349 -230.505 88.896 87 100 128
1766.891 -229.216 87.123 60 74 96
1768.429 -228.730 86.150 114 130 153
1768.429 -228.730 86.150 114 130 153
1770.133 -224.763 86.183 158 176 195
1770.133 -224.763 86.183 158 176 195
1767.660 -228.087 83.380 68 82 103
1767.660 -228.087 83.380 68 82 103
1767.381 -226.464 84.206 59 74 104
1768.921 -224.658 83.721 33 52 74
1769.015 -224.168 83.154 159 178 201
1771.179 -218.233 88.572 78 95 120
1771.387 -218.282 87.260 57 68 83
1771.742 -217.526 86.831 92 105 133
1770.003 -219.997 83.542 139 167 193
1770.755 -218.488 86.150 44 57 80
1770.051 -219.212 85.033 111 135 159
1771.132 -217.840 84.782 85 99 127
1770.711 -214.106 87.924 62 76 96
1771.712 -216.954 83.364 112 128 152
1744.822 -195.105 105.898 39 46 64
1743.551 -189.157 106.465 47 57 73
1718.240 -238.916 100.082 54 66 92
1721.938 -236.466 100.487 119 117 125
1718.814 -238.702 96.227 79 93 122
1723.965 -235.338 96.195 153 162 176
1727.909 -232.235 98.754 47 53 74
1730.233 -229.644 99.985 146 163 181
1724.557 -233.270 97.547 64 73 84
1727.268 -231.862 95.595 38 48 63
1729.810 -228.046 93.125 177 188 203
1733.913 -224.464 95.749 52 66 87
1732.834 -225.792 92.768 97 111 135
1769.648 -223.802 82.206 86 123 162
1766.266 -226.021 76.989 56 67 92
1766.994 -224.864 78.885 31 48 74
1769.238 -223.567 78.885 35 48 73
1770.474 -221.209 80.383 81 116 152
1771.255 -217.425 82.967 49 62 93
1771.255 -217.425 82.967 49 62 93
1770.474 -220.553 79.330 152 174 195
1769.839 -220.704 77.022 32 43 67
1769.789 -220.159 76.252 156 179 199
1770.136 -214.719 82.676 99 116 140
1770.348 -213.545 80.221 94 108 134
1768.776 -212.916 79.363 83 97 126
1742.472 -195.344 102.229 46 52 73
1744.047 -192.623 101.403 143 160 178
1744.129 -193.236 100.658 84 112 139
1743.391 -191.905 97.717 149 163 176
1743.391 -191.905 97.717 149 163 176
1741.758 -182.649 99.418 84 83 93
1741.249 -178.095 104.246 38 45 64
1718.290 -237.289 93.975 167 180 192
1717.961 -238.189 89.245 41 51 67
1726.411 -231.835 92.930 176 183 194
1724.154 -232.204 91.505 125 128 133
1725.391 -231.815 90.565 69 83 103
1727.415 -231.014 92.784 143 156 171
1728.810 -228.159 92.501 48 62 82
1726.321 -229.826 89.010 60 75 95
1726.738 -229.985 88.799 60 75 95
1728.620 -228.527 89.552 171 179 190
1728.694 -228.560 89.520 171 179 190
1730.168 -227.877 89.245 144 157 172
1731.584 -225.573 90.614 64 76 98
1765.650 -227.742 76.106 111 130 156
1767.943 -222.813 73.636 95 124 159
1765.779 -225.600 72.972 82 98 121
1767.396 -223.004 72.883 151 177 196
1767.718 -222.580 72.162 29 43 62
1765.332 -223.698 70.323 29 37 55
1769.513 -222.013 75.677 75 104 140
1769.467 -220.503 75.620 82 107 140
1769.132 -221.915 73.685 89 124 158
1769.180 -219.516 73.393 78 107 144
1769.238 -219.107 76.544 154 177 196
1768.982 -220.039 69.748 86 120 153
1767.831 -211.910 78.318 67 82 112
1769.733 -214.947 73.118 108 125 149
1768.593 -212.808 74.065 77 91 116
1769.032 -213.695 73.101 122 138 160
1741.512 -196.344 88.759 39 46 64
1742.652 -191.753 94.631 151 161 177
1742.137 -195.559 90.435 66 80 100
1741.273 -191.246 91.820 166 178 189
1741.273 -191.246 91.820 166 178 189
1741.306 -184.043 94.631 38 48 63
1716.803 -237.363 83.980 40 43 58
1717.257 -236.324 82.643 71 78 93
1721.526 -232.293 83.558 170 182 194
1725.713 -231.054 85.940 155 157 162
1725.713 -231.054 85.940 155 157 162
1728.746 -227.687 85.162 48 62 92
1728.291 -227.493 83.234 56 69 85
1722.546 -231.993 80.327 77 94 117
1725.933 -229.343 81.785 58 62 78
1727.995 -227.282 81.809 32 44 59
1725.361 -229.115 80.027 69 77 87
1728.783 -226.906 84.304 135 151 170
1728.987 -226.367 83.372 30 44 63
1731.248 -222.604 82.951 53 67 90
1728.864 -225.470 81.266 95 109 129
1728.404 -225.965 80.027 21 33 55
1728.171 -225.392 79.379 114 124 138
1764.583 -224.624 67.067 52 66 87
1765.193 -223.592 69.545 162 178 197
1765.193 -223.592 69.545 162 178 197
1765.127 -223.501 68.768 39 53 73
1766.825 -222.058 66.953 39 53 73
1764.833 -223.344 66.937 40 55 74
1765.217 -222.920 66.208 171 185 199
1766.268 -222.413 66.071 165 180 195
1768.549 -219.261 69.140 144 164 186
1767.951 -217.993 70.283 77 106 144
1768.568 -216.388 69.780 102 119 143
1768.568 -216.388 69.780 102 119 143
1767.935 -216.736 69.173 50 64 94
1767.534 -218.951 66.281 153 171 190
1766.284 -215.903 66.249 48 62 83
1768.260 -213.139 68.339 85 99 120
1768.219 -213.608 67.350 58 73 102
1768.433 -215.140 65.828 49 64 87
1767.045 -211.605 67.002 139 152 176
1739.716 -195.837 84.287 72 84 108
1740.291 -194.009 82.951 37 50 72
1740.532 -192.512 81.606 30 41 57
1740.051 -190.525 85.130 160 174 191
1740.472 -183.406 89.528 51 60 78
1738.497 -182.465 85.106 38 48 63
1738.402 -177.599 92.655 47 54 65
1738.262 -176.322 92.930 39 49 64
1739.004 -176.626 90.484 40 54 74
1737.954 -176.158 91.075 40 54 74
1738.851 -177.090 89.601 160 170 180
1738.851 -177.090 89.601 160 170 180
1737.528 -175.401 90.387 176 185 195
1738.296 -178.536 85.729 82 79 95
1738.269 -176.644 86.345 165 179 192
1737.221 -175.194 86.936 155 169 185
1714.486 -237.529 75.418 82 99 124
1716.329 -236.416 79.808 174 188 201
1716.329 -236.416 79.808 174 188 201
1716.781 -235.820 79.079 55 62 74
1721.372 -232.757 78.836 82 111 139
1715.483 -236.625 77.378 38 48 63
1716.477 -235.427 76.204 155 157 171
1715.502 -236.562 75.345 49 66 92
1717.539 -234.774 74.414 87 90 105
1720.710 -232.373 75.207 47 57 73
1724.058 -229.891 78.796 80 113 144
1724.178 -229.821 76.552 88 115 139
1725.097 -228.873 78.698 86 93 103
1727.204 -226.868 78.520 48 56 78
1724.713 -228.640 76.625 83 90 101
1721.253 -231.072 75.151 55 65 80
1723.801 -229.573 75.224 47 61 81
1723.375 -229.374 73.482 39 53 73
1724.506 -228.486 75.216 50 60 76
1725.096 -227.818 74.559 116 125 138
1726.717 -226.527 75.183 52 66 84
1726.364 -226.325 73.126 53 68 88
1728.161 -225.813 78.464 41 51 69
1728.114 -225.739 76.552 37 50 67
1727.519 -225.483 74.859 37 46 63
1728.464 -223.997 74.778 47 60 86
1727.220 -224.561 74.616 87 98 122
1727.258 -225.313 73.134 39 51 73
1761.498 -225.955 60.214 66 78 102
1763.259 -225.746 62.944 123 138 161
1764.520 -222.574 62.507 142 157 178
1764.520 -222.574 62.507 142 157 178
1765.820 -221.885 62.588 180 193 207
1763.506 -222.602 60.020 50 64 85
1765.503 -221.283 58.505 48 62 92
1764.382 -221.848 58.570 49 66 92
1766.551 -217.095 63.940 43 59 76
1767.242 -215.266 63.025 108 121 145
1766.449 -220.153 59.307 167 182 197
1766.449 -220.153 59.307 167 182 197
1766.303 -218.270 59.582 166 182 197
1767.020 -214.848 60.692 90 107 132
1767.987 -214.489 63.082 117 130 154
1766.725 -213.041 59.801 123 137 162
1766.725 -213.041 59.801 123 137 162
1739.842 -192.648 81.169 126 145 169
1739.898 -192.203 80.213 19 29 44
1739.450 -190.541 80.813 26 36 54
1739.450 -190.541 80.813 26 36 54
1739.527 -191.941 76.682 25 38 58
1738.856 -190.143 77.176 32 42 65
1738.681 -189.977 75.580 28 38 62
1739.093 -186.942 76.009 136 149 166
1739.178 -182.688 83.129 30 40 55
1738.450 -182.373 83.453 30 40 55
1737.250 -181.183 79.500 165 179 192
1737.941 -181.942 78.269 28 39 62
1737.997 -176.000 85.575 30 44 63
1737.904 -177.324 82.740 161 174 187
1736.586 -176.400 82.514 31 39 57
1736.523 -174.909 83.656 163 175 189
1737.187 -175.471 80.464 41 55 76
1735.431 -173.102 79.930 46 57 72
1715.206 -236.351 73.676 49 66 92
1715.206 -236.351 73.676 49 66 92
1715.591 -235.724 72.996 165 177 194
1715.591 -235.724 72.996 165 177 194
1714.498 -236.009 71.514 49 66 93
1719.991 -231.955 72.024 41 54 74
1715.557 -235.204 70.121 59 65 82
1723.120 -229.589 72.567 163 176 189
1723.192 -229.187 71.854 39 52 73
1724.096 -227.993 71.894 76 79 85
1723.478 -228.525 71.246 135 148 162
1726.086 -226.193 71.668 56 67 94
1725.197 -226.258 69.149 156 172 188
1722.908 -228.191 67.820 130 152 174
1722.971 -227.572 67.350 46 55 72
1725.528 -225.714 66.338 57 72 93
1724.470 -225.739 65.860 174 186 198
1726.952 -225.044 71.708 57 72 102
1726.827 -224.270 71.287 96 112 138
1725.220 -225.151 65.795 172 187 201
1725.220 -225.151 65.795 172 187 201
1728.471 -221.473 67.966 78 96 121
1760.290 -226.339 56.553 53 64 89
1758.708 -226.726 55.994 123 137 156
1758.915 -226.738 55.775 123 137 156
1759.303 -225.767 51.774 106 119 143
1763.239 -224.496 55.241 66 80 105
1764.135 -221.605 56.715 39 57 88
1765.147 -221.045 56.715 50 70 101
1764.555 -221.180 55.954 168 183 203
1762.917 -221.693 54.909 108 130 157
1764.893 -220.861 55.192 42 64 96
1764.014 -221.081 54.431 113 135 162
1762.107 -224.488 52.859 77 89 110
1761.585 -222.376 54.479 88 103 127
1763.300 -221.251 53.370 44 64 94
1764.500 -220.606 53.297 41 62 92
1763.707 -220.776 52.608 162 178 199
1763.707 -220.776 51.264 96 122 152
1765.800 -219.739 55.986 167 183 197
1766.147 -217.944 55.816 167 182 197
1766.147 -217.944 55.816 167 182 197
1764.882 -214.791 56.164 48 63 87
1765.524 -218.048 51.855 51 72 101
1764.762 -210.739 53.993 64 77 102
1763.896 -209.875 53.621 108 124 149
1764.617 -210.169 53.232 108 124 149
1763.741 -210.701 53.111 50 64 94
1738.039 -189.328 75.110 161 175 193
1738.422 -188.629 71.255 88 100 115
1737.733 -189.457 70.404 29 38 58
1738.331 -185.707 74.171 29 41 64
1737.109 -181.501 76.560 28 39 54
1736.513 -176.545 76.090 159 161 173
1735.842 -175.244 72.818 154 165 181
1712.758 -235.456 62.758 168 184 197
1713.082 -235.068 61.972 34 45 61
1713.473 -235.384 65.593 83 104 125
1713.637 -234.677 62.579 176 188 201
1713.966 -234.176 61.818 31 42 57
1721.737 -228.433 65.139 59 77 95
1722.520 -227.850 64.613 143 155 173
1725.234 -225.458 64.896 44 60 78
1719.239 -229.741 61.462 65 72 84
1721.026 -227.859 59.753 58 68 84
1724.061 -224.608 58.959 158 168 178
1725.548 -223.497 63.762 93 106 126
1725.492 -222.887 63.025 53 66 88
1761.520 -225.051 49.441 63 75 99
1761.286 -221.932 50.446 85 102 126
1762.948 -221.006 50.624 50 68 102
1760.429 -223.697 45.845 73 86 112
1760.210 -223.830 44.476 69 82 104
1761.378 -220.590 44.557 112 133 160
1762.901 -220.036 45.667 152 176 195
1764.450 -216.656 49.992 27 45 73
1765.054 -217.412 49.020 169 187 203
1764.059 -214.647 48.980 54 69 92
1764.698 -214.328 48.080 87 108 135
1763.760 -218.565 45.748 173 192 206
1764.612 -210.717 51.806 97 111 139
1737.486 -191.307 66.840 113 123 138
1738.380 -190.135 67.229 169 183 198
1735.981 -191.302 64.864 42 53 73
1735.859 -190.441 64.524 109 121 141
1737.239 -189.095 66.881 37 43 54
1737.448 -189.064 61.348 28 39 61
1736.006 -180.770 69.748 92 124 153
1737.225 -184.824 64.410 177 188 203
1735.102 -175.394 68.460 26 33 51
1733.444 -171.907 69.748 61 76 99
1733.650 -173.976 66.540 186 194 207
1734.727 -174.464 65.981 186 194 207
1733.852 -172.904 66.467 171 184 195
1732.717 -171.370 66.257 53 61 77
1711.733 -235.647 58.295 52 63 81
1712.523 -234.651 58.497 36 48 64
1712.611 -234.770 60.125 34 45 60
1712.830 -234.220 59.445 179 190 201
1712.830 -234.220 59.445 179 190 201
1713.287 -233.652 58.667 46 53 64
1713.091 -233.574 56.529 32 40 59
1712.415 -233.876 55.913 180 189 202
1712.415 -233.876 55.913 180 189 202
1712.937 -233.203 55.938 176 185 198
1715.441 -231.082 56.302 112 109 130
1718.439 -229.287 58.262 67 73 82
1720.173 -228.002 59.024 167 176 186
1720.944 -227.725 58.165 27 36 56
1718.073 -229.115 57.225 70 75 89
1718.374 -229.196 56.302 84 90 103
1723.225 -224.413 56.302 40 48 60
1722.763 -224.775 55.443 176 187 198
1722.763 -224.775 55.443 176 187 198
1718.979 -227.080 52.349 179 190 201
1718.979 -227.080 52.349 179 190 201
1720.419 -226.533 51.944 174 183 194
1720.419 -226.533 51.944 174 183 194
1722.104 -224.163 52.195 160 177 193
1724.470 -223.390 58.335 38 49 64
1725.469 -221.485 55.298 114 127 146
1727.061 -219.861 56.869 43 56 77
1726.226 -220.820 55.532 112 125 145
1723.335 -222.911 52.949 29 43 63
1723.198 -222.344 52.341 116 129 149
1757.756 -225.140 44.630 103 117 145
1757.709 -224.809 42.281 124 138 160
1757.480 -224.884 40.912 118 131 153
1760.886 -222.570 42.030 104 117 137
1761.191 -220.871 42.961 38 48 73
1761.776 -220.094 43.042 29 43 62
1762.849 -219.437 43.026 34 49 68
1762.487 -219.213 41.690 49 66 93
1762.112 -219.002 39.592 60 77 103
1759.884 -220.121 39.697 55 65 90
1761.802 -218.722 38.117 49 66 83
1763.837 -216.959 41.244 50 62 86
1762.616 -214.642 43.609 30 37 56
1764.100 -213.521 43.188 59 71 95
1763.534 -216.842 39.316 48 59 84
1763.604 -209.815 43.528 66 78 102
1763.216 -209.670 43.779 66 78 102
1738.800 -194.073 54.220 96 104 119
1735.430 -190.967 59.542 30 45 64
1735.809 -188.264 60.279 40 52 74
1735.087 -186.142 61.300 98 101 107
1736.113 -190.349 56.172 97 110 132
1735.873 -189.454 54.269 29 43 63
1736.306 -188.423 56.577 35 43 63
1734.688 -179.988 62.993 28 39 54
1734.962 -179.312 61.980 161 171 181
1733.491 -173.116 60.247 77 102 138
1731.319 -170.606 61.794 121 128 137
1732.573 -171.315 59.064 67 77 98
1711.156 -233.838 51.790 28 39 54
1712.000 -232.937 51.774 28 39 54
1715.883 -230.171 52.382 176 184 196
1711.628 -232.656 48.259 50 56 67
1714.311 -230.295 48.469 115 107 130
1717.965 -228.003 50.632 115 117 127
1722.138 -223.788 51.547 78 92 121
1722.156 -223.707 49.417 80 102 122
1721.139 -224.540 49.101 95 99 114
1718.718 -226.769 48.704 156 173 190
1722.118 -223.495 47.935 34 48 66
1721.234 -223.030 46.436 41 48 66
1722.382 -223.240 48.680 163 178 193
1722.766 -221.939 48.542 124 137 156
1722.849 -221.754 47.343 90 102 122
1723.013 -220.888 47.894 34 42 61
1722.664 -222.328 46.064 39 45 64
1725.876 -220.948 46.728 89 100 124
1729.855 -220.733 45.310 141 139 150
1730.421 -220.160 44.743 55 59 76
1754.171 -222.577 35.728 76 83 94
1757.425 -220.905 36.732 18 26 44
1757.149 -220.747 36.862 18 26 44
1760.794 -219.373 38.020 49 66 92
1761.486 -218.555 36.360 55 64 86
1755.749 -221.622 36.020 179 182 196
1755.749 -221.622 36.020 179 182 196
1755.986 -221.408 35.169 78 95 126
1755.071 -221.631 33.719 150 156 168
1758.766 -219.507 32.942 81 106 139
1760.142 -218.905 32.780 78 107 139
1763.236 -216.656 37.729 48 65 83
1761.733 -217.362 35.064 53 74 105
1762.977 -216.461 36.092 48 62 83
1760.791 -212.349 38.458 39 53 74
1762.108 -214.469 35.574 177 194 209
1760.438 -211.908 36.992 50 61 86
1762.791 -216.201 34.594 67 91 121
1761.874 -214.835 32.780 74 100 133
1761.326 -213.696 32.942 72 89 117
1760.439 -211.705 33.419 82 95 124
1758.441 -209.343 38.036 111 113 121
1738.634 -194.504 51.199 121 123 137
1740.723 -195.887 48.526 145 144 154
1738.472 -194.131 45.659 146 154 172
1735.346 -187.570 49.514 27 34 54
1734.148 -183.073 51.993 12 17 32
1732.909 -173.548 56.132 165 175 189
1733.102 -172.836 56.918 29 43 63
1732.559 -173.517 51.604 33 45 67
1710.723 -232.679 46.031 146 151 165
1709.886 -232.608 44.095 84 83 94
1711.885 -230.705 43.982 65 69 80
1711.885 -230.705 43.982 65 69 80
1713.505 -230.433 45.335 106 96 117
1721.242 -221.181 43.690 49 56 76
1720.699 -221.046 41.908 124 131 143
1731.000 -219.815 40.321 177 192 205
1727.548 -220.380 40.118 62 75 99
1725.855 -219.821 37.664 176 186 199
1725.855 -219.821 37.664 176 186 199
1728.850 -219.647 37.291 153 173 191
1732.253 -219.451 40.199 169 180 194
1758.732 -219.483 31.257 59 77 103
1758.607 -218.470 29.126 165 186 202
1759.348 -218.578 29.548 53 74 105
1760.307 -217.897 29.434 55 83 112
1759.882 -218.195 28.786 181 200 213
1758.266 -221.705 28.098 60 67 97
1760.150 -217.792 27.984 75 108 141
1761.147 -216.728 28.867 191 205 218
1761.366 -214.423 29.491 26 43 68
1760.505 -211.956 32.407 152 160 173
1760.761 -217.354 27.523 144 170 193
1761.647 -215.426 27.579 46 77 112
1761.655 -216.085 26.575 127 157 183
1761.655 -216.085 26.575 127 157 183
1760.822 -214.092 25.749 85 111 144
1760.553 -211.968 28.527 61 72 95
1761.617 -211.032 29.410 122 132 147
1761.964 -210.052 30.179 161 164 171
1730.865 -188.155 46.015 93 105 119
1726.136 -170.639 47.870 189 174 177
1708.016 -232.564 34.934 165 175 184
1710.043 -231.516 34.926 149 157 169
1709.340 -231.106 34.497 50 61 77
1708.544 -231.399 33.873 83 94 110
1713.647 -227.943 35.104 154 163 173
1713.647 -227.943 35.104 154 163 173
1715.051 -225.367 39.170 55 58 65
1714.747 -226.030 34.416 124 126 133
1717.142 -224.613 34.732 163 168 171
1719.020 -222.408 34.756 178 184 189
1719.505 -221.755 34.221 36 51 72
1718.380 -222.611 33.954 75 75 86
1719.200 -221.486 32.342 81 98 124
1718.233 -222.403 32.342 55 58 76
1720.263 -220.931 35.558 86 93 102
1726.406 -219.419 33.395 50 63 84
1728.826 -218.883 33.120 52 65 86
1720.169 -221.120 34.707 149 155 164
1719.319 -220.999 31.654 181 195 208
1727.550 -219.140 32.520 151 149 159
1757.570 -220.917 24.347 52 66 88
1757.416 -218.853 25.311 128 152 178
1758.451 -218.303 25.400 156 183 204
1759.777 -217.395 24.566 69 99 129
1758.643 -217.990 24.663 53 82 112
1756.931 -220.880 21.836 123 139 161
1756.575 -219.250 22.314 78 92 113
1757.290 -217.742 22.144 163 184 204
1758.970 -217.435 21.739 175 196 212
1758.970 -217.435 21.739 175 196 212
1759.336 -217.030 21.083 58 87 116
1761.045 -214.706 25.004 162 186 204
1760.394 -216.366 22.493 47 71 106
1760.520 -213.337 25.198 135 165 187
1760.167 -211.539 24.979 58 73 103
1759.926 -211.982 24.356 87 101 126
1759.231 -211.273 21.723 51 65 87
1761.861 -210.582 24.866 59 75 104
1738.151 -194.254 34.910 127 140 158
1761.306 -209.200 20.565 94 113 136
1730.149 -186.258 40.750 103 110 125
1731.315 -189.215 34.529 68 79 104
1732.228 -181.748 36.732 95 116 143
1706.898 -231.969 30.552 172 187 201
1706.419 -230.975 29.888 114 143 171
1713.805 -226.213 30.965 74 82 94
1712.875 -227.129 28.956 107 141 166
1712.399 -226.784 25.660 28 40 56
1715.598 -225.114 31.727 175 188 199
1716.165 -224.577 31.095 99 131 162
1718.354 -221.074 29.094 31 48 64
1715.112 -224.773 28.252 177 188 199
1716.491 -223.189 27.272 56 60 75
1716.801 -222.413 26.753 110 112 122
1716.801 -222.413 26.753 110 112 122
1728.709 -218.290 26.648 158 163 173
1728.709 -218.290 26.648 158 163 173
1724.310 -218.610 23.610 143 156 173
1724.310 -218.610 23.610 143 156 173
1753.432 -222.266 18.507 132 147 171
1754.123 -221.989 17.843 66 79 106
1755.585 -221.851 16.774 107 121 149
1755.854 -218.539 17.705 58 74 102
1757.397 -217.204 19.261 60 89 126
1758.297 -216.975 18.564 152 177 196
1758.489 -216.405 15.632 96 134 164
1757.690 -216.049 14.417 32 52 75
1760.218 -215.747 18.313 171 196 209
1759.058 -213.076 15.551 86 123 160
1759.186 -213.683 14.798 168 190 206
1758.381 -210.194 14.222 76 93 119
1760.885 -209.589 18.135 46 62 86
1760.315 -210.072 17.462 89 106 132
1759.344 -206.438 17.900 98 112 136
1731.604 -187.411 28.438 95 109 133
1728.292 -169.560 32.601 172 186 199
1728.292 -169.560 32.601 172 186 199
1704.707 -231.614 22.015 144 156 174
1706.341 -230.631 22.800 39 50 76
1707.715 -230.036 26.057 34 45 61
1707.738 -229.843 25.303 176 183 194
1707.465 -229.899 24.607 41 52 68
1712.539 -226.270 24.882 182 188 200
1706.112 -229.314 23.246 38 49 75
1707.423 -229.596 21.877 188 194 204
1707.423 -229.596 21.877 188 194 204
1709.684 -226.888 21.083 114 113 133
1714.912 -223.629 22.031 38 49 65
1717.439 -221.119 24.866 182 192 201
1717.774 -220.665 24.169 40 54 76
1713.977 -223.736 21.512 174 183 194
1713.977 -223.736 21.512 174 183 194
1714.926 -222.084 18.507 82 78 88
1717.093 -220.203 18.848 33 46 65
1718.899 -219.632 24.032 20 31 47
1718.335 -218.131 21.812 60 70 88
1725.545 -217.910 21.261 141 143 148
1725.545 -217.910 21.261 141 143 148
1718.386 -219.351 20.532 15 25 41
1725.329 -217.716 19.269 141 144 151
1725.329 -217.716 19.269 141 144 151
1722.112 -217.614 17.179 107 121 140
1752.080 -221.460 8.107 145 160 180
1755.732 -220.346 11.193 129 145 166
1755.732 -220.346 11.193 129 145 166
1754.479 -220.870 10.172 107 124 148
1757.215 -216.299 11.711 148 177 197
1755.616 -216.704 10.739 114 151 181
1754.734 -218.944 7.589 67 79 104
1755.907 -216.071 8.990 86 125 163
1756.852 -215.481 7.459 62 84 105
1758.812 -215.201 12.335 41 55 77
1758.894 -214.918 11.598 175 195 208
1758.242 -210.088 12.027 90 111 132
1758.161 -212.659 8.066 138 160 180
1757.792 -213.071 7.475 41 62 93
1758.194 -209.818 10.019 74 91 117
1757.835 -209.508 9.217 50 68 95
1756.876 -209.214 8.156 47 58 85
1730.656 -186.971 25.149 98 109 132
1730.686 -186.169 23.975 24 36 53
1730.333 -185.985 22.444 21 32 49
1730.298 -183.655 23.311 175 189 197
1729.519 -179.469 27.677 173 185 198
1727.793 -169.187 29.191 169 185 204
1704.524 -231.028 19.074 70 92 121
1705.751 -230.244 19.172 40 51 77
1705.682 -230.160 17.511 45 59 81
1705.182 -229.849 15.778 35 46 63
1705.182 -229.849 15.778 35 46 63
1706.988 -229.198 18.224 176 185 195
1706.333 -229.155 17.568 42 56 78
1707.309 -228.118 16.644 104 95 125
1711.077 -226.009 18.839 99 131 159
1711.972 -224.954 18.758 77 79 94
1706.060 -228.714 14.984 181 188 202
1706.912 -228.074 14.806 110 96 128
1704.838 -228.392 13.591 33 48 70
1710.393 -225.554 15.462 49 63 85
1711.431 -224.597 15.316 76 81 90
1710.580 -224.715 12.497 146 154 167
1715.228 -221.225 16.401 113 113 126
1716.498 -219.867 15.243 46 54 76
1713.518 -222.219 14.708 173 181 193
1716.088 -219.613 13.979 47 58 76
1716.259 -219.627 12.829 29 40 56
1716.259 -219.627 12.829 29 40 56
1718.238 -218.886 17.786 151 162 179
1717.602 -218.682 18.029 151 162 179
1717.683 -218.958 17.066 27 35 56
1717.591 -218.846 15.178 38 45 59
1721.344 -217.467 16.102 90 103 124
1717.294 -218.439 14.474 163 176 188
1717.294 -218.439 14.474 163 176 188
1717.644 -216.954 12.060 107 120 146
1751.820 -221.008 7.005 114 130 154
1753.143 -220.426 6.892 112 127 150
1753.143 -220.426 6.892 112 127 150
1752.517 -220.857 5.150 70 84 107
1753.078 -220.193 5.191 69 84 106
1754.986 -220.130 6.665 101 115 138
1753.387 -217.547 6.560 66 79 103
1754.359 -216.579 5.734 51 73 103
1755.416 -215.879 5.588 60 82 111
1753.334 -219.119 1.708 67 80 105
1753.334 -219.119 1.708 67 80 105
1753.274 -217.603 2.081 67 83 104
1753.901 -216.313 2.202 53 69 98
1756.936 -209.915 7.232 77 91 113
1757.254 -211.750 5.677 47 71 106
1756.765 -210.539 5.717 49 67 94
1756.856 -212.486 2.113 46 63 91
1756.378 -210.252 2.623 39 52 77
1756.323 -206.512 4.826 123 145 173
1756.323 -206.512 4.826 123 145 173
1757.228 -207.207 2.121 80 95 118
1728.347 -181.386 15.494 120 129 143
1729.634 -180.585 20.427 156 177 194
1703.049 -230.796 11.865 154 164 177
1704.477 -229.402 10.788 36 50 71
1703.279 -230.180 8.868 50 62 87
1704.353 -229.302 8.779 30 41 58
1704.353 -229.302 8.779 30 41 58
1705.504 -228.529 10.675 34 48 70
1709.798 -225.077 10.545 29 40 57
1705.025 -227.952 8.228 162 166 181
1704.759 -228.171 7.499 80 93 116
1709.521 -224.864 8.723 30 41 58
1709.079 -224.641 7.240 51 68 86
1715.892 -219.375 10.278 39 52 71
1713.514 -220.276 7.783 100 105 119
1714.828 -218.680 5.920 39 49 76
1716.944 -218.008 11.063 148 159 176
1716.944 -218.008 11.063 148 159 176
1716.569 -218.214 10.262 27 41 63
1716.280 -217.588 7.580 143 161 176
1717.096 -216.134 7.086 49 62 86
1747.973 -219.153 -0.722 37 44 65
1747.351 -219.435 -2.666 138 157 182
1750.181 -217.440 0.930 32 49 77
1751.652 -216.943 1.003 45 59 82
1749.874 -217.153 -0.754 35 52 80
1753.087 -215.853 -0.933 41 58 82
1754.423 -215.321 -1.176 50 67 95
1755.018 -214.363 -4.489 42 63 86
1756.651 -212.288 0.533 39 53 76
1756.619 -212.221 -1.338 48 62 85
1756.480 -211.237 0.776 46 61 83
1756.054 -209.983 1.214 49 60 78
1754.865 -208.691 -0.277 129 140 159
1756.150 -211.879 -2.828 47 63 87
1755.891 -213.138 -4.521 47 61 84
1755.201 -209.710 -2.391 48 62 84
1754.102 -207.677 -1.832 30 38 59
1753.590 -204.027 1.724 30 44 65
1753.176 -204.499 0.938 127 136 150
1752.950 -203.733 0.590 30 44 65
1753.319 -203.880 0.452 30 44 65
1753.126 -205.071 -0.503 106 110 123
1753.093 -205.065 -0.503 106 110 123
1752.972 -204.062 -0.487 172 184 196
1752.940 -203.019 -0.285 168 181 195
1753.224 -203.057 -1.532 136 157 179
1753.224 -203.057 -1.532 136 157 179
1752.854 -203.549 -2.139 100 121 149
1753.281 -202.471 -1.986 104 125 153
1729.361 -183.548 9.330 175 186 195
1727.312 -174.071 14.263 168 175 181
1727.060 -174.837 10.164 40 50 77
1725.709 -167.754 15.405 180 189 199
1725.709 -167.754 15.405 180 189 199
1704.557 -228.027 5.620 41 58 86
1704.717 -227.868 4.697 182 192 204
1704.485 -227.969 3.838 84 96 125
1709.857 -223.551 4.997 83 87 95
1708.926 -223.970 4.543 195 203 214
1711.076 -221.212 3.806 78 102 128
1712.211 -220.316 3.660 94 94 106
1720.628 -216.146 3.360 161 173 185
1724.210 -215.471 1.724 82 95 113
1718.814 -215.959 -1.176 99 110 133
1718.814 -215.959 -1.176 99 110 133
1719.731 -215.773 0.201 152 160 177
1720.906 -216.021 -0.811 61 72 99
1723.684 -215.636 -0.495 141 141 151
1722.581 -215.305 -0.908 59 67 81
1747.185 -218.075 -5.323 101 98 114
1749.971 -215.760 -6.449 162 162 169
1749.149 -215.855 -6.935 108 107 120
1748.178 -216.921 -7.040 117 117 129
1755.562 -213.639 -5.979 109 108 126
1754.147 -208.771 -7.923 124 130 142
1752.891 -205.099 -4.124 103 98 116
1752.452 -203.795 -5.420 102 90 115
1751.991 -205.071 -6.262 105 101 118
1732.064 -190.861 1.457 151 155 167
1732.665 -191.980 -1.078 114 124 148
1728.262 -183.050 2.542 202 207 211
1726.639 -174.507 6.552 34 46 64
1725.853 -173.723 3.644 118 95 124
1698.674 -224.114 0.444 127 94 103
1719.077 -215.748 -3.346 153 163 180
1718.944 -216.106 -4.019 59 70 97
1720.495 -215.590 -4.213 68 78 104
1722.318 -215.001 -4.440 63 70 89
1718.176 -215.241 -6.724 154 164 181
1731.923 -214.756 -7.113 122 121 136
1724.197 -213.985 -7.461 155 165 181
1725.789 -213.177 -8.385 58 72 95
1740.329 -208.621 -8.101 117 113 128
1741.012 -208.162 -7.834 97 93 110
1744.608 -206.696 -7.882 155 166 183
1737.596 -195.860 -6.173 45 55 73
1736.417 -194.785 -3.468 48 59 86
1730.969 -190.072 -5.145 28 37 59
1730.055 -188.761 -6.214 65 75 104
1726.621 -180.582 0.542 91 87 106
1726.714 -181.927 -1.087 70 93 123
1729.471 -187.862 -4.642 37 41 59
1720.278 -174.894 3.611 82 80 101
1719.758 -169.431 4.243 207 197 194
1721.007 -167.283 3.344 112 96 124
1720.600 -215.194 -10.580 191 197 205
1720.600 -215.194 -10.580 191 197 205
1722.543 -214.037 -10.515 183 191 204
1722.543 -214.037 -10.515 183 191 204
1707.936 -213.687 -10.572 134 129 137
1725.484 -212.430 -14.217 156 153 166
1729.161 -209.846 -14.533 136 132 147
1734.205 -197.462 -10.102 48 59 87
1737.430 -198.801 -17.368 134 104 149
1733.573 -194.122 -9.381 37 45 68
1733.677 -194.186 -10.240 182 183 194
1733.677 -194.186 -10.240 182 183 194
1733.455 -193.910 -10.920 48 59 78
1729.725 -188.525 -7.842 53 74 103
1730.758 -190.129 -13.196 93 80 114
1720.883 -180.066 -6.740 102 90 110
1720.297 -180.328 -8.150 104 94 110
1720.297 -180.328 -8.150 104 94 110
1727.661 -186.152 -11.892 154 150 165
1706.203 -214.272 -18.955 110 102 123
1725.100 -215.362 -20.818 136 99 136
1719.473 -211.571 -20.146 56 60 71
1734.340 -208.969 -22.851 119 97 133
1735.913 -208.224 -23.264 129 114 142
1739.995 -204.154 -22.276 141 122 153
1738.856 -204.064 -24.779 123 100 135
1736.931 -196.876 -17.327 120 117 132
1732.839 -189.796 -16.047 136 113 150
1736.127 -193.663 -18.453 101 80 115
1736.723 -193.520 -19.206 144 118 147
1718.416 -179.713 -16.525 109 85 123
1731.136 -183.745 -17.513 122 74 109
1737.051 -207.321 -25.532 161 143 169
1737.051 -207.321 -25.532 161 143 169
1736.478 -207.571 -26.018 109 96 126
1738.276 -206.421 -26.253 112 95 126
1737.191 -206.887 -26.917 112 100 125
1739.004 -205.025 -25.970 96 84 120
1784.404 -245.942 121.369 29 43 62
1785.878 -244.284 120.025 30 44 63
1770.896 -264.134 123.005 57 71 93
1771.889 -261.765 119.352 124 143 168
1780.116 -248.901 115.448 31 38 56
1785.171 -244.617 119.685 90 101 125
1785.612 -244.184 119.296 28 42 61
1801.994 -220.453 114.646 97 110 124
1796.139 -209.787 117.360 38 48 63
1761.376 -263.947 118.032 114 127 154
1771.796 -250.800 115.667 51 61 87
1775.545 -251.104 115.707 74 83 99
1774.226 -231.223 119.685 108 121 136
1777.207 -225.723 120.786 58 77 111
1776.939 -225.329 120.332 143 163 188
1776.661 -223.006 123.078 44 61 95
1776.661 -223.006 123.078 44 61 95
1776.615 -226.115 118.607 95 115 142
1776.615 -226.115 118.607 95 115 142
1776.192 -224.278 117.676 35 49 69
1781.974 -205.537 121.134 75 82 100
1796.542 -200.479 115.813 42 55 75
1794.310 -191.470 117.676 206 204 206
1729.319 -247.529 128.740 99 113 133
1748.614 -234.919 127.274 111 124 151
1775.609 -224.852 112.856 44 64 93
1775.745 -225.382 111.674 106 127 154
1770.136 -198.927 122.195 98 111 140
1778.368 -196.031 120.146 121 124 129
1781.492 -193.157 117.911 89 83 97
1726.074 -255.553 125.921 131 126 132
1725.347 -241.016 129.696 44 55 77
1773.775 -226.500 106.052 47 64 90
1774.857 -223.373 109.535 42 58 93
1775.055 -225.598 106.676 147 167 192
1774.526 -223.102 107.680 31 48 74
1774.292 -222.989 106.352 60 79 113
1774.430 -225.329 103.274 164 182 203
1773.416 -220.994 105.445 84 105 133
1747.765 -199.368 123.832 136 148 162
1747.765 -199.368 123.832 136 148 162
1757.817 -191.368 124.123 54 58 65
1757.841 -187.868 124.285 52 60 69
1716.363 -255.299 122.195 65 76 84
1709.270 -244.764 130.133 168 164 168
1732.335 -233.665 120.665 66 85 109
1731.149 -233.022 115.521 91 108 133
1769.673 -227.768 97.077 50 60 85
1769.673 -227.768 97.077 50 60 85
1773.554 -223.334 99.248 51 69 96
1772.835 -221.701 101.848 98 131 166
1747.810 -196.240 119.271 111 125 144
1747.454 -198.653 116.582 142 156 165
1744.933 -179.780 125.039 144 155 164
1744.539 -178.931 123.248 163 163 161
1743.214 -179.617 122.236 29 39 54
1743.214 -179.617 122.236 29 39 54
1722.519 -241.114 114.436 52 59 79
1730.885 -232.621 111.358 79 93 115
1767.196 -230.664 96.138 57 68 93
1767.046 -230.003 93.295 116 132 160
1767.751 -229.954 93.643 48 63 83
1770.702 -225.815 93.878 46 60 82
1771.611 -225.129 93.943 35 52 76
1769.165 -226.221 91.966 48 62 92
1772.029 -221.759 94.129 40 56 82
1771.180 -220.699 93.708 121 136 165
1771.187 -221.021 91.010 54 71 97
1771.056 -220.182 91.213 48 65 92
1772.126 -214.851 97.571 107 119 140
1771.149 -213.760 93.878 59 76 100
1771.544 -217.093 91.553 86 100 129
1745.384 -191.073 112.953 119 123 123
1744.384 -189.475 114.549 153 162 172
1744.827 -190.035 111.714 153 164 173
1744.411 -186.827 112.897 135 145 152
1726.243 -234.464 107.356 46 56 81
1725.462 -233.948 102.861 57 70 91
1731.419 -228.833 102.869 141 156 176
1768.013 -226.737 88.532 53 63 83
1769.935 -225.287 89.139 48 65 92
1770.899 -224.617 89.066 37 57 80
1769.202 -224.783 85.762 38 48 73
1770.932 -220.898 89.617 30 40 64
1771.091 -223.168 86.499 162 178 193
1771.091 -223.168 86.499 162 178 193
1771.361 -221.905 87.139 49 62 91
1772.333 -217.790 89.156 74 90 115
1770.623 -219.280 88.597 87 100 129
1771.014 -221.112 84.636 111 135 159
1770.620 -217.177 85.721 52 69 95
1772.085 -216.039 89.204 84 104 132
1771.553 -215.500 90.200 63 79 107
1745.312 -198.524 102.780 76 89 109
1745.312 -198.524 102.780 76 89 109
1743.396 -186.180 106.814 118 134 157
1742.426 -179.674 112.160 153 163 174
1741.866 -176.969 110.191 151 157 169
1720.106 -239.623 102.666 58 72 96
1720.106 -239.623 102.666 58 72 96
1719.795 -238.332 101.954 63 70 82
1720.175 -237.836 102.755 93 101 114
1719.124 -238.006 98.965 50 57 68
1724.986 -233.124 96.332 130 144 153
1724.986 -233.124 96.332 130 144 153
1732.866 -225.363 95.806 68 79 103
1765.820 -228.535 78.172 88 105 130
1766.804 -227.501 79.776 113 122 142
1768.923 -224.056 79.322 143 159 186
1766.552 -227.549 78.496 76 93 118
1767.993 -224.094 78.917 33 50 77
1766.713 -224.739 77.905 31 48 74
1767.581 -223.725 77.046 29 43 62
1768.609 -223.127 76.989 34 51 77
1768.983 -223.542 75.945 163 182 200
1769.430 -218.536 79.792 117 133 155
1769.562 -219.633 78.901 40 57 85
1769.422 -217.061 77.378 51 65 86
1770.951 -214.523 83.024 67 82 111
1770.799 -213.808 82.319 110 127 151
1770.843 -216.178 80.148 124 139 162
1769.634 -212.979 79.743 71 84 109
1742.084 -185.640 97.815 68 81 100
1716.694 -237.909 91.407 72 84 99
1721.331 -234.423 90.881 96 96 108
1726.802 -231.574 93.619 48 58 74
1727.210 -230.240 93.667 63 75 91
1727.888 -228.121 87.876 152 168 189
1727.888 -228.121 87.876 152 168 189
1729.521 -226.064 87.665 94 107 135
1766.077 -226.424 73.822 100 114 137
1765.721 -223.978 73.676 81 106 139
1765.563 -224.972 72.470 50 61 86
1765.438 -223.817 72.372 30 37 56
1766.401 -223.049 70.250 29 43 63
1769.384 -221.309 75.288 138 164 189
1769.384 -221.309 75.288 138 164 189
1769.241 -219.977 72.656 130 158 182
1768.349 -219.092 72.526 57 77 121
1768.927 -218.729 72.866 106 136 166
1768.324 -212.635 72.340 71 85 106
1740.214 -177.413 99.443 67 82 102
1739.708 -177.675 94.817 90 103 122
1723.035 -232.229 83.567 62 73 87
1723.351 -231.598 83.704 111 115 123
1731.561 -222.379 83.680 76 91 115
1766.891 -222.008 65.350 43 60 86
1766.891 -222.008 65.350 43 60 86
1768.106 -219.738 68.760 45 59 80
1768.106 -219.738 68.760 45 59 80
1767.539 -218.501 68.930 28 38 53
1767.383 -218.414 67.164 37 51 72
1767.547 -219.400 65.504 37 49 72
1767.547 -219.400 65.504 37 49 72
1768.192 -213.330 70.015 116 135 160
1740.957 -190.919 88.192 145 163 185
1741.080 -190.504 87.625 141 152 162
1740.115 -194.286 84.312 76 87 112
1740.402 -194.556 80.691 115 125 139
1739.356 -184.062 84.879 75 82 96
1739.421 -184.153 83.558 55 66 88
1739.234 -178.022 90.281 56 62 74
1738.154 -177.222 85.656 28 38 62
1738.320 -176.171 87.050 63 78 98
1714.520 -238.271 79.881 135 146 166
1714.520 -238.271 79.881 135 146 166
1716.142 -236.998 80.432 58 73 93
1715.834 -236.852 79.136 57 72 92
1721.604 -231.361 76.730 84 98 112
1727.265 -224.102 73.458 44 54 78
1763.979 -225.561 62.142 71 86 115
1763.618 -224.381 62.158 57 72 92
1764.166 -222.931 63.090 51 64 88
1765.141 -222.195 61.988 47 61 83
1764.729 -221.985 59.996 36 50 80
1767.079 -219.077 61.972 31 45 75
1766.339 -216.894 62.442 39 53 74
1765.784 -215.512 62.701 58 69 95
1766.740 -218.881 60.044 39 53 73
1766.507 -218.689 58.708 32 52 73
1766.507 -218.689 58.708 32 52 73
1765.317 -216.741 58.424 114 131 155
1766.648 -211.481 63.924 40 54 74
1766.207 -210.779 63.009 79 93 122
1766.207 -210.779 63.009 79 93 122
1767.140 -213.961 59.040 67 80 103
1766.589 -212.191 59.169 56 67 92
1766.349 -212.093 58.635 89 103 130
1740.152 -189.701 81.598 71 83 98
1739.116 -191.669 75.855 28 39 63
1738.693 -192.101 74.924 84 104 130
1739.553 -183.618 83.137 129 141 156
1738.775 -183.652 79.346 35 43 62
1738.539 -183.804 78.626 133 136 154
1738.539 -183.804 78.626 133 136 154
1737.697 -176.993 83.769 31 40 58
1736.836 -175.403 84.231 42 53 77
1712.461 -236.423 69.027 76 92 115
1715.205 -235.676 71.903 91 108 134
1723.092 -228.894 68.274 86 121 156
1726.616 -224.903 69.602 46 61 86
1726.785 -224.145 67.780 87 100 126
1726.785 -224.145 67.780 87 100 126
1725.906 -223.311 66.006 57 72 93
1729.077 -220.511 65.528 84 99 122
1762.268 -225.899 56.148 69 81 106
1763.070 -224.217 56.804 95 109 137
1761.768 -223.318 55.314 74 88 109
1763.060 -221.712 56.075 167 182 203
1762.215 -221.318 52.819 132 150 175
1762.571 -221.414 51.491 104 132 162
1764.159 -220.357 52.041 62 88 122
1766.059 -218.481 56.877 33 53 74
1765.426 -217.232 56.893 28 42 71
1765.780 -218.330 55.241 34 51 77
1765.199 -217.105 55.508 27 44 69
1765.451 -216.419 56.820 53 70 97
1765.191 -216.764 56.270 165 179 196
1765.619 -216.919 56.059 165 179 196
1764.609 -219.883 50.413 164 182 199
1766.010 -213.015 58.133 52 67 91
1765.508 -211.054 56.545 135 151 172
1738.689 -191.195 71.230 62 79 96
1738.629 -187.506 74.470 157 162 171
1738.138 -190.320 69.626 93 104 127
1738.498 -190.507 69.392 93 104 127
1737.990 -188.800 70.671 158 179 199
1738.136 -186.959 71.676 47 57 78
1736.650 -176.358 76.835 38 44 55
1736.624 -174.981 76.989 40 46 65
1735.744 -177.018 76.382 83 83 97
1713.290 -236.553 66.540 74 89 112
1713.063 -235.867 64.394 167 183 195
1714.239 -234.102 62.531 172 179 191
1714.239 -234.102 62.531 172 179 191
1718.901 -230.202 60.878 149 159 174
1722.269 -226.781 62.328 132 142 156
1722.269 -226.781 62.328 132 142 156
1725.390 -224.748 64.183 122 132 154
1725.586 -224.268 64.758 37 53 70
1725.586 -224.268 64.758 37 53 70
1728.509 -221.269 61.810 85 97 114
1724.943 -223.822 61.389 38 49 64
1727.044 -220.714 58.983 74 87 108
1758.509 -224.225 46.379 67 82 112
1763.453 -220.610 50.219 97 120 149
1762.769 -220.891 49.692 44 61 96
1762.427 -221.181 49.093 136 164 188
1764.858 -217.751 50.041 34 51 78
1764.269 -219.652 48.186 153 178 199
1765.122 -218.374 47.862 134 166 189
1764.520 -217.556 48.615 69 94 125
1764.333 -215.664 49.903 38 56 90
1764.445 -217.106 45.553 167 187 206
1763.916 -216.064 44.978 37 49 73
1764.708 -212.533 49.830 132 148 169
1738.962 -194.207 65.406 74 85 109
1736.165 -191.366 65.892 39 53 73
1737.983 -188.957 67.245 178 187 195
1736.912 -192.816 60.595 94 104 122
1737.384 -189.745 61.421 131 144 161
1736.738 -186.097 63.616 53 61 76
1736.864 -182.668 68.209 135 149 170
1735.887 -179.804 63.608 148 153 163
1734.339 -173.981 70.841 40 56 83
1734.849 -175.264 67.431 26 35 52
1733.942 -173.538 67.180 37 49 66
1711.941 -234.383 56.699 38 46 65
1711.941 -234.383 56.699 38 46 65
1711.813 -234.273 55.241 43 53 69
1713.655 -233.940 59.906 44 52 61
1718.086 -229.822 56.399 156 170 188
1718.086 -229.822 56.399 156 170 188
1724.078 -222.896 55.468 127 143 157
1764.364 -217.886 43.366 127 146 164
1763.647 -217.008 43.091 41 55 76
1763.344 -215.676 41.641 39 51 78
1763.565 -216.315 40.831 91 106 127
1762.080 -213.774 40.888 95 106 121
1764.628 -211.717 40.053 76 83 102
1735.714 -192.140 54.536 31 45 65
1735.689 -185.665 57.509 122 132 150
1735.644 -180.946 61.632 206 208 213
1735.004 -182.284 58.246 96 107 122
1734.746 -180.635 56.934 146 155 170
1734.327 -173.470 63.454 24 35 50
1733.690 -173.187 63.778 24 35 50
1733.769 -173.887 61.429 99 127 154
1732.215 -170.845 63.811 194 196 196
1732.215 -170.845 63.811 194 196 196
1732.530 -171.332 62.750 74 84 101
1729.985 -169.241 63.130 225 223 220
1710.802 -233.636 49.992 34 45 60
1711.692 -232.773 49.887 35 44 58
1719.943 -225.532 49.263 77 71 79
1722.951 -223.236 50.762 126 144 164
1722.893 -222.510 49.174 59 77 103
1723.811 -220.808 48.858 105 126 153
1756.485 -222.597 37.737 75 80 92
1760.369 -219.113 36.433 43 58 88
1756.895 -220.722 35.615 70 83 104
1759.632 -219.334 34.651 117 141 170
1763.239 -217.225 37.129 113 129 152
1762.162 -215.185 38.320 43 62 89
1762.256 -214.216 38.126 49 63 85
1762.488 -215.109 36.076 55 74 100
1762.825 -216.881 34.148 131 162 185
1762.825 -216.881 34.148 131 162 185
1762.225 -214.983 34.845 67 91 120
1762.268 -215.445 33.168 108 137 166
1762.268 -215.445 33.168 108 137 166
1760.709 -211.896 35.363 62 75 100
1759.860 -210.339 33.622 92 109 134
1756.171 -206.994 36.773 114 116 123
1756.171 -206.994 36.773 114 116 123
1735.658 -187.647 54.042 184 196 204
1735.842 -187.711 53.888 184 196 204
1733.979 -180.684 52.074 60 67 79
1733.805 -179.462 51.717 167 179 191
1733.068 -173.947 55.281 23 34 49
1731.679 -172.008 52.098 50 62 87
1732.364 -172.322 51.750 50 62 87
1731.241 -171.121 51.806 164 167 177
1710.456 -233.358 46.533 48 55 76
1710.150 -232.752 44.662 124 123 133
1707.027 -225.705 44.217 162 161 165
1715.891 -222.904 40.385 92 96 112
1716.858 -220.851 41.058 41 46 60
1721.957 -220.790 42.921 101 104 112
1722.080 -220.792 42.824 101 104 112
1758.217 -220.939 28.600 99 110 126
1758.914 -219.015 30.131 112 135 165
1758.539 -219.300 29.637 56 77 108
1757.723 -218.742 25.992 81 106 139
1758.978 -218.174 26.008 99 134 167
1759.968 -217.604 26.024 94 130 164
1761.731 -215.694 31.370 53 74 104
1761.686 -215.079 29.774 96 116 145
1761.513 -215.526 29.288 42 60 94
1761.099 -213.488 31.516 51 69 95
1760.376 -212.962 29.742 48 62 83
1760.638 -213.469 26.518 95 135 174
1759.588 -209.615 32.901 145 152 174
1761.130 -208.998 30.074 115 120 132
1762.674 -210.510 27.652 104 121 145
1761.680 -208.799 28.657 71 83 108
1737.151 -192.975 39.762 41 57 83
1736.270 -192.485 39.276 181 192 199
1733.659 -187.297 44.403 47 53 65
1730.236 -182.936 42.176 89 93 108
1733.644 -182.751 46.720 114 117 130
1732.265 -173.740 47.918 120 107 128
1726.172 -170.318 46.679 213 211 211
1714.535 -226.645 34.084 86 85 96
1715.928 -224.951 37.259 68 71 79
1717.282 -224.020 36.384 149 152 157
1718.496 -222.787 35.493 108 115 118
1714.876 -225.919 35.282 103 104 114
1714.229 -225.799 32.950 122 124 132
1727.350 -218.315 30.058 61 69 82
1758.133 -217.701 22.598 63 92 122
1759.387 -217.115 22.533 71 101 130
1757.293 -218.373 22.412 61 76 106
1760.510 -214.911 24.590 41 62 92
1760.721 -214.916 22.412 48 71 107
1760.539 -213.851 24.566 51 76 110
1760.177 -213.628 22.727 44 67 103
1759.791 -212.524 22.906 49 73 108
1733.006 -185.437 36.497 170 174 183
1731.617 -179.277 38.328 69 74 92
1729.124 -172.351 41.309 62 58 65
1712.502 -227.708 29.515 158 172 186
1708.049 -230.221 28.057 31 46 67
1713.158 -225.854 27.693 100 104 120
1713.099 -225.748 26.502 64 71 83
1712.874 -226.215 25.959 146 153 165
1716.456 -223.288 28.794 90 94 116
1717.914 -222.084 28.665 78 77 89
1716.818 -221.578 25.352 71 79 99
1752.036 -222.017 14.158 97 113 138
1758.919 -216.773 19.026 82 109 142
1758.551 -216.583 17.892 84 112 145
1754.785 -217.832 15.988 70 93 121
1759.729 -214.395 19.155 52 77 112
1759.329 -213.143 17.867 79 114 152
1759.539 -213.228 19.172 47 76 115
1759.123 -212.192 19.390 51 73 102
1759.561 -209.416 15.243 68 80 105
1730.908 -183.519 34.148 101 105 120
1731.123 -182.976 31.945 112 126 145
1731.123 -182.976 31.945 112 126 145
1733.863 -190.802 26.445 37 48 71
1730.916 -182.804 30.641 114 130 149
1728.904 -170.276 32.998 65 94 124
1728.904 -170.276 32.998 65 94 124
1729.058 -172.658 31.589 95 87 108
1728.605 -170.728 30.827 107 125 149
1704.616 -232.177 24.631 77 88 114
1705.378 -231.540 21.148 67 83 104
1705.378 -231.540 21.148 67 83 104
1712.952 -225.700 25.344 72 79 91
1712.831 -225.514 23.092 76 80 95
1707.104 -229.596 21.172 48 59 86
1707.496 -228.954 20.759 122 130 150
1718.681 -219.464 21.885 21 32 49
1718.515 -219.160 21.318 150 161 176
1725.970 -216.814 16.628 142 145 159
1755.000 -218.744 11.509 98 115 141
1755.000 -218.744 11.509 98 115 141
1755.148 -217.515 11.833 134 163 187
1757.417 -215.865 11.047 73 107 139
1758.557 -213.562 12.303 33 54 77
1758.392 -212.620 12.278 45 69 96
1758.242 -212.837 10.472 101 135 169
1758.337 -212.862 10.464 101 135 169
1757.993 -211.981 11.720 142 164 186
1757.848 -211.890 10.594 96 131 165
1758.199 -213.412 8.723 77 113 150
1757.546 -212.030 7.589 44 65 96
1757.739 -209.545 8.439 93 113 133
1759.848 -208.551 11.817 126 144 175
1757.927 -205.080 12.627 135 145 165
1731.386 -184.158 26.437 152 170 188
1731.137 -184.756 23.124 164 178 189
1730.104 -181.760 24.291 71 84 99
1729.141 -182.209 23.805 108 112 126
1729.893 -181.516 23.084 83 83 96
1728.476 -169.943 29.588 79 100 124
1728.476 -169.943 29.588 79 100 124
1727.736 -169.534 24.680 92 127 156
1706.587 -229.322 19.115 38 51 76
1710.940 -227.092 18.232 115 114 134
1711.207 -225.119 15.940 139 150 164
1706.017 -228.970 15.705 20 31 48
1710.951 -224.898 13.340 142 152 165
1714.498 -221.929 17.211 72 79 91
1712.417 -223.059 13.291 130 136 147
1715.925 -219.541 11.663 96 117 137
1717.345 -217.407 14.255 58 70 87
1756.180 -215.696 6.017 110 131 158
1756.180 -215.696 6.017 110 131 158
1756.352 -215.249 4.187 49 63 94
1756.352 -215.249 4.187 49 63 94
1755.305 -215.750 4.017 62 84 114
1757.761 -213.022 5.272 45 69 96
1757.563 -212.889 3.911 44 68 95
1756.588 -210.318 5.159 136 158 183
1757.013 -211.634 4.146 48 72 99
1756.714 -211.429 2.307 40 57 85
1758.257 -207.905 5.223 135 151 172
1729.426 -186.131 17.511 106 120 139
1729.497 -181.251 17.414 86 99 116
1729.442 -178.566 20.897 91 105 126
1729.261 -179.133 19.253 139 160 182
1728.608 -177.193 20.451 96 109 129
1728.608 -174.923 19.682 150 163 181
1728.516 -174.891 19.779 150 163 181
1727.517 -170.642 19.228 138 140 156
1726.824 -169.252 18.378 176 187 196
1704.216 -228.594 7.022 125 141 160
1710.764 -224.203 11.906 89 90 102
1705.007 -228.290 8.804 31 42 59
1710.392 -223.922 8.374 72 80 92
1713.269 -221.125 10.286 56 63 77
1717.117 -217.402 11.533 74 85 106
1717.117 -217.402 11.533 74 85 106
1715.878 -217.835 7.005 71 80 110
1751.061 -216.618 -0.860 46 63 89
1755.714 -214.850 0.695 49 67 94
1755.490 -214.715 -1.313 39 53 76
1749.820 -216.996 -2.123 47 54 76
1754.211 -214.243 -4.910 142 144 158
1755.892 -210.886 -1.078 39 50 77
1755.542 -209.720 -0.852 38 49 76
1754.271 -207.735 -0.374 31 40 60
1753.856 -206.557 1.595 40 53 79
1753.872 -206.582 -0.228 32 40 61
1753.624 -206.401 -1.564 28 36 57
1752.979 -203.010 -2.536 138 155 172
1728.494 -180.715 14.312 53 61 74
1727.864 -176.595 14.879 77 83 98
1728.258 -180.469 9.144 52 62 79
1727.171 -176.180 10.002 46 57 83
1727.074 -175.641 9.581 146 156 170
1726.417 -168.433 15.818 59 77 102
1704.099 -228.497 6.212 119 142 165
1703.112 -227.827 1.854 172 167 180
1710.594 -221.716 3.223 160 170 186
1710.506 -221.615 2.477 135 145 161
1711.988 -220.377 0.655 99 99 113
1715.722 -217.189 4.276 122 142 160
1715.555 -217.505 3.611 54 69 92
1714.586 -217.650 1.959 142 161 180
1723.157 -215.446 0.355 46 49 66
1747.477 -217.478 -5.550 137 143 154
1753.441 -213.980 -6.611 156 155 164
1755.545 -211.148 -5.007 169 171 174
1755.632 -211.648 -6.789 137 136 147
1755.061 -210.144 -5.533 120 122 138
1754.614 -209.395 -6.400 148 152 162
1753.178 -206.566 -6.092 151 152 166
1752.342 -204.341 -5.258 159 151 164
1730.141 -188.249 5.604 147 151 165
1731.602 -188.971 4.357 56 66 83
1727.230 -185.286 6.487 61 77 99
1730.516 -188.522 1.181 55 63 84
1730.516 -188.522 1.181 55 63 84
1727.003 -176.576 8.552 109 115 130
1727.540 -176.247 7.629 51 63 81
1726.063 -172.992 6.754 115 111 135
1726.377 -177.645 3.182 108 94 119
1725.782 -174.977 3.863 95 87 108
1725.002 -167.590 6.868 104 118 136
1713.471 -217.624 -2.407 181 192 204
1713.971 -216.880 -3.436 130 144 161
1713.971 -216.880 -3.436 130 144 161
1714.660 -216.069 -3.832 119 131 152
1714.660 -216.069 -3.832 119 131 152
1722.473 -214.512 -7.866 76 92 113
1723.110 -214.476 -7.307 166 175 187
1723.899 -213.879 -8.441 151 161 179
1732.031 -191.112 -2.917 63 75 97
1729.674 -188.281 -3.832 46 50 68
1727.893 -186.566 -0.163 33 43 69
1722.014 -214.369 -9.786 51 65 89
1721.985 -213.656 -13.885 178 174 186
1721.859 -215.116 -15.796 135 126 139
1727.409 -212.586 -10.734 67 79 96
1732.620 -192.678 -9.033 35 50 73
1733.026 -194.056 -13.382 130 111 144
1732.585 -192.299 -12.516 44 45 72
1725.302 -184.321 -7.502 203 207 211
1719.967 -181.068 -6.433 136 135 147
1731.439 -211.322 -21.296 148 104 136
1736.668 -207.842 -22.819 82 75 88
1739.930 -204.179 -21.588 112 87 126
1727.666 -188.451 -19.344 207 204 204
1733.510 -208.981 -25.540 173 165 185
1735.241 -208.040 -26.504 120 100 125
1736.570 -207.346 -26.917 138 123 143
1739.030 -204.806 -25.216 146 131 164
1719.978 -178.555 -17.667 128 79 106
1713.450 -173.760 -20.478 217 214 212
1745.273 -195.962 86.231 29 40 54
1737.560 -177.738 127.217 145 150 147
1731.680 -181.247 44.120 64 67 73
1743.060 -185.161 104.675 38 49 65
1738.943 -179.054 89.131 73 72 82
1727.521 -182.543 2.081 27 38 57
1732.619 -203.911 83.534 48 62 82
1732.907 -217.224 -6.789 131 137 154
1747.794 -199.044 103.468 30 41 56
1758.863 -215.703 17.438 89 130 164
1745.019 -190.679 108.749 119 133 151
1768.234 -221.958 74.859 92 129 165
1763.551 -219.075 47.586 121 154 181
1756.947 -214.929 9.946 127 159 184
1771.495 -196.970 122.633 44 54 71
1744.718 -198.046 98.746 57 65 83
1741.429 -195.376 73.806 55 68 93
1710.466 -252.035 128.481 64 70 79
1742.746 -182.122 106.692 85 84 92
1740.427 -180.620 97.021 83 81 94
1757.517 -220.538 28.138 68 79 104
1756.320 -219.704 16.677 52 66 88
1755.336 -218.787 9.929 58 73 93
1758.390 -209.418 10.569 46 62 88
1728.308 -172.910 26.121 107 95 126
1728.873 -173.134 25.797 107 95 126
1727.917 -172.452 23.124 103 91 124
1727.647 -172.083 20.103 98 86 119
1753.679 -214.742 -3.436 103 119 141
1763.028 -265.516 118.964 30 42 57
1775.468 -223.734 111.827 30 47 72
1745.857 -199.511 105.267 29 43 61
1767.404 -218.486 64.337 25 39 57
1740.585 -196.774 78.326 33 44 67
1763.627 -215.997 44.063 85 100 128
1756.775 -219.676 20.208 65 83 109
1759.754 -210.735 20.468 53 66 88
1730.947 -177.259 37.356 121 135 152
1729.394 -171.425 33.833 96 109 130
1705.869 -229.560 20.370 78 97 118
1729.353 -176.177 24.509 151 175 195
1704.107 -228.501 10.164 106 111 126
1756.406 -211.345 -0.244 46 61 83
1753.553 -206.839 -2.512 110 121 142
1754.687 -207.300 0.477 106 119 140
1727.142 -212.370 -13.164 58 66 88
1738.927 -206.392 -20.259 133 104 143
1786.127 -195.133 116.785 123 121 132
1745.921 -238.260 127.047 103 116 143
1773.367 -231.878 112.605 145 158 180
1767.473 -212.815 115.578 168 176 188
1736.705 -230.601 124.034 48 62 82
1771.052 -228.932 107.032 142 149 165
1727.873 -237.096 119.952 134 148 171
1734.940 -231.279 119.174 129 140 160
1734.940 -231.279 119.174 129 140 160
1734.045 -231.119 116.039 135 149 165
1773.419 -222.201 98.219 53 70 100
1747.945 -195.777 120.413 131 142 157
1733.577 -230.716 112.419 148 155 166
1745.793 -196.388 108.158 46 56 81
1744.317 -188.789 111.738 161 172 181
1718.929 -238.682 102.739 100 110 124
1718.221 -237.684 95.733 68 82 103
1735.874 -184.533 57.914 154 169 187
1733.626 -187.868 45.011 44 53 73
1731.636 -179.135 38.838 66 77 95
1731.432 -179.035 39.049 66 77 95
1715.347 -218.530 4.170 183 199 213
1727.883 -182.686 4.640 32 46 65
1727.883 -182.686 4.640 32 46 65
1734.976 -197.681 -12.410 57 62 84
1760.236 -269.158 120.997 32 41 57
1731.531 -236.287 128.570 92 108 129
1730.293 -236.560 126.675 70 87 113
1735.521 -231.626 122.552 102 116 137
1735.044 -231.484 122.868 102 116 137
1771.207 -230.676 106.870 153 164 187
1761.854 -202.493 121.321 42 52 69
1730.703 -234.482 119.522 131 143 161
1734.145 -231.651 117.635 32 43 64
1735.072 -230.326 117.425 29 42 62
1735.119 -230.339 117.376 29 42 62
1752.005 -202.151 118.883 144 157 172
1730.407 -234.013 116.509 135 149 165
1729.636 -233.793 112.880 140 154 171
1747.388 -195.157 116.979 143 153 166
1747.199 -195.082 117.190 143 153 166
1746.110 -190.678 116.185 19 29 43
1745.666 -187.253 118.275 142 155 166
1729.288 -233.080 109.584 144 157 172
1726.107 -233.694 104.878 91 100 119
1744.759 -197.196 105.591 19 29 43
1728.968 -230.473 100.552 96 105 121
1738.291 -187.986 73.531 85 88 93
1734.143 -181.670 52.940 122 128 144
1732.325 -180.515 45.205 98 103 116
1732.325 -180.515 45.205 98 103 116
1732.352 -188.400 34.772 103 117 137
1732.033 -183.621 34.618 103 112 129
1731.164 -179.280 35.282 95 101 117
1759.665 -210.278 16.523 49 67 93
1730.451 -182.713 27.701 87 98 113
1729.586 -178.302 25.060 100 112 128
1729.586 -178.302 25.060 100 112 128
1736.353 -197.576 -21.102 201 169 170
1770.921 -259.995 122.706 57 68 94
1760.793 -268.245 120.721 154 168 187
1763.688 -203.850 126.221 53 68 92
1731.128 -236.036 128.384 101 116 135
1730.988 -235.575 125.678 114 127 147
1731.711 -234.788 124.698 38 48 62
1731.698 -234.818 124.763 38 48 62
1742.308 -230.064 122.933 39 49 73
1754.011 -204.516 121.418 142 154 170
1752.905 -202.818 121.556 134 147 163
1712.418 -246.973 130.247 187 183 182
1728.247 -237.511 121.758 30 44 63
1728.247 -237.511 121.758 30 44 63
1727.549 -237.067 118.065 33 47 66
1747.360 -198.584 122.325 42 53 69
1746.619 -191.108 119.547 40 53 72
1768.268 -227.479 92.663 38 49 64
1725.283 -235.783 108.272 40 53 73
1725.492 -235.832 108.061 40 53 73
1725.105 -235.367 104.853 99 116 140
1770.828 -222.963 84.012 27 38 53
1745.248 -200.260 104.513 28 42 61
1724.488 -234.959 101.200 47 57 73
1724.448 -234.312 100.285 161 170 181
1723.899 -234.670 99.281 47 57 73
1724.649 -233.205 99.353 55 62 74
1724.747 -233.222 99.256 55 62 74
1732.369 -226.897 100.714 48 62 92
1731.246 -226.353 99.078 49 63 92
1744.602 -193.446 102.553 43 56 82
1743.469 -184.262 107.713 151 157 165
1743.179 -185.152 104.683 41 54 72
1741.601 -177.924 106.733 159 170 178
1723.921 -233.883 96.859 139 151 163
1723.896 -233.880 96.875 139 151 163
1742.391 -195.406 96.583 39 52 72
1743.574 -191.375 98.624 81 92 113
1721.656 -233.574 89.342 60 75 95
1725.437 -230.080 86.499 154 156 161
1724.504 -230.383 85.405 39 49 73
1768.213 -221.408 72.324 22 38 62
1741.909 -196.229 87.576 103 117 136
1742.157 -191.968 90.184 39 48 64
1721.429 -233.048 85.713 47 57 73
1721.532 -233.076 85.616 47 57 73
1766.926 -215.737 63.884 48 62 82
1739.907 -195.071 79.849 34 47 69
1741.244 -191.969 84.450 158 168 184
1741.244 -191.969 84.450 158 168 184
1740.497 -187.850 84.822 155 169 189
1740.723 -191.604 81.039 172 184 201
1740.723 -191.604 81.039 172 184 201
1740.168 -186.817 84.069 28 38 54
1739.723 -187.240 81.566 162 170 183
1739.711 -186.490 79.395 28 38 61
1739.918 -186.582 79.290 28 38 61
1738.248 -184.340 76.771 102 107 121
1737.713 -178.391 82.295 83 78 94
1738.846 -190.405 70.760 156 178 198
1736.221 -174.394 76.447 158 170 185
1725.731 -222.630 64.888 48 62 83
1737.532 -189.811 63.973 159 169 184
1737.532 -189.811 63.973 159 169 184
1736.940 -185.504 64.442 185 196 205
1736.532 -180.127 68.411 159 173 188
1737.206 -184.887 65.455 28 38 61
1736.764 -184.645 63.543 29 39 54
1734.768 -174.651 69.691 166 181 191
1737.138 -189.520 60.595 156 166 182
1736.585 -189.070 57.128 177 189 204
1735.698 -184.011 60.320 29 40 56
1735.029 -180.637 58.359 171 185 199
1735.029 -180.637 58.359 171 185 199
1733.883 -174.825 62.693 163 173 187
1735.931 -188.646 53.734 160 174 190
1735.306 -188.279 50.308 153 167 185
1734.525 -184.057 50.818 167 178 192
1734.770 -183.448 53.378 36 46 71
1734.770 -183.448 53.378 36 46 71
1734.148 -179.527 54.083 19 30 44
1734.522 -183.248 49.830 28 39 54
1734.420 -183.159 49.943 28 39 54
1733.355 -178.978 49.498 27 34 53
1731.704 -173.367 49.093 108 112 127
1716.168 -224.711 34.140 47 58 74
1731.967 -183.769 36.749 96 103 122
1732.241 -182.596 37.008 157 165 178
1732.642 -186.375 33.363 197 211 215
1732.642 -186.375 33.363 197 211 215
1731.789 -182.138 33.873 158 177 194
1731.268 -182.731 33.006 87 98 113
1729.612 -171.992 35.574 162 181 197
1758.283 -214.876 14.449 32 52 74
1732.111 -186.014 30.001 159 175 190
1731.241 -181.735 30.593 161 180 198
1731.425 -185.762 26.583 165 183 201
1730.403 -178.719 31.913 83 91 106
1730.289 -178.615 31.994 83 91 106
1730.915 -180.933 28.187 29 42 61
1730.219 -176.882 30.333 26 37 58
1731.377 -185.014 25.716 27 35 54
1730.805 -184.546 20.524 29 44 64
1729.489 -178.143 26.713 98 109 128
1729.905 -175.855 28.130 176 186 194
1729.905 -175.855 28.130 176 186 194
1728.012 -170.925 25.060 170 187 202
1728.408 -171.030 23.238 121 148 175
1730.270 -185.071 19.771 178 189 200
1730.270 -185.071 19.771 178 189 200
1730.285 -184.181 18.929 40 57 84
1730.309 -183.270 17.981 121 131 150
1729.641 -184.711 16.393 174 186 201
1728.986 -175.189 20.800 167 182 197
1728.704 -175.046 20.986 167 182 197
1728.777 -179.503 16.191 30 45 65
1748.611 -217.939 -1.500 113 108 124
1728.551 -183.773 9.654 176 188 197
1728.551 -183.773 9.654 176 188 197
1728.546 -182.929 8.836 28 40 65
1728.213 -178.400 13.583 176 183 193
1728.150 -179.179 12.683 20 31 48
1727.974 -175.332 15.413 28 40 56
1727.731 -175.898 14.271 181 193 202
1727.731 -175.898 14.271 181 193 202
1727.229 -175.532 10.901 176 186 194
1728.459 -182.845 7.248 27 38 55
1727.215 -179.188 6.981 165 184 197
1727.088 -177.899 6.851 173 185 197
1708.657 -222.981 0.242 101 93 114
1719.778 -171.417 4.146 219 208 205
1712.897 -217.599 -6.149 132 136 145
1730.150 -209.835 -9.705 120 108 133
1730.112 -210.678 -10.588 41 50 68
1737.610 -199.173 -18.769 134 107 148
1705.412 -214.496 -21.037 161 135 166
1769.413 -262.844 126.051 84 98 110
1769.226 -262.388 121.952 118 134 157
1770.836 -259.966 121.272 57 64 85
1771.466 -259.209 122.058 88 101 130
1770.701 -258.975 116.679 134 150 177
1771.270 -251.364 116.120 142 158 179
1746.477 -268.636 119.142 214 207 201
1756.660 -259.923 118.737 48 61 78
1768.391 -233.954 116.987 149 163 185
1774.207 -215.893 120.332 32 45 66
1774.207 -215.893 120.332 32 45 66
1772.837 -229.762 110.353 82 99 126
1721.346 -243.491 127.574 151 157 166
1724.989 -241.043 127.720 118 134 155
1743.051 -229.153 119.919 125 139 163
1747.872 -198.529 124.245 27 38 53
1728.245 -236.659 120.843 126 140 164
1747.424 -196.787 119.652 48 62 82
1747.417 -191.525 122.933 26 34 52
1746.783 -186.996 124.455 132 146 163
1746.481 -189.486 123.321 122 133 152
1746.481 -189.486 123.321 122 133 152
1725.942 -236.733 113.998 136 155 172
1732.104 -232.551 115.140 127 142 164
1746.076 -194.697 112.808 43 51 70
1744.058 -182.023 117.392 144 157 166
1726.577 -233.992 108.442 143 153 166
1739.023 -227.546 103.322 68 82 103
1732.393 -228.336 104.213 40 54 74
1767.307 -225.952 85.259 80 95 117
1771.258 -221.301 86.353 147 171 193
1771.258 -221.301 86.353 147 171 193
1744.805 -188.350 113.115 142 152 165
1744.929 -189.886 110.110 80 101 113
1717.195 -239.471 101.135 149 163 183
1727.217 -231.936 97.620 38 48 63
1731.194 -228.839 99.937 131 150 174
1770.163 -220.973 78.723 31 44 65
1744.530 -194.904 103.484 39 52 72
1743.938 -188.726 105.210 147 159 175
1743.353 -188.865 100.941 29 43 62
1741.817 -179.908 106.214 195 197 196
1741.733 -179.898 106.255 195 197 196
1741.299 -178.144 105.866 56 67 73
1723.770 -234.560 97.717 50 57 77
1723.770 -234.560 97.717 50 57 77
1724.079 -232.392 95.449 110 122 132
1723.316 -234.207 94.153 66 74 93
1723.297 -233.454 93.465 158 163 168
1726.679 -230.775 93.197 139 152 168
1728.963 -229.211 96.421 150 167 183
1730.478 -228.476 96.478 162 181 198
1729.890 -225.874 91.221 40 54 74
1743.260 -199.348 96.186 47 57 73
1742.780 -199.888 93.586 137 157 174
1743.862 -193.516 97.790 159 173 188
1742.268 -186.821 101.006 75 78 83
1740.318 -179.392 97.782 99 110 119
1717.033 -237.306 90.662 172 181 195
1716.024 -237.522 88.645 42 56 77
1719.541 -234.202 87.463 93 88 103
1726.081 -230.526 89.917 157 168 183
1721.950 -233.431 87.463 54 66 84
1721.997 -232.848 86.823 168 176 187
1726.797 -229.196 87.722 96 102 112
1729.391 -227.611 89.674 144 157 172
1729.174 -227.204 86.118 150 162 180
1730.926 -223.028 86.393 96 110 137
1731.033 -223.048 86.337 96 110 137
1769.263 -215.545 69.975 119 127 141
1741.809 -193.746 91.132 109 126 143
1742.533 -192.818 90.954 174 184 191
1741.183 -183.900 92.760 48 62 82
1741.238 -187.560 89.147 35 46 63
1739.694 -178.263 94.137 30 41 56
1739.851 -176.675 96.680 154 165 181
1739.378 -179.372 92.582 74 74 85
1715.545 -237.202 86.596 56 67 82
1741.109 -191.315 83.575 22 33 49
1739.623 -193.597 81.890 28 38 53
1740.853 -187.388 85.527 69 96 127
1740.518 -186.609 85.008 157 176 193
1739.822 -183.152 87.981 38 48 63
1739.730 -183.040 86.345 38 48 63
1766.655 -215.190 60.109 59 73 103
1740.340 -194.377 73.685 96 109 132
1740.318 -194.367 73.701 96 109 132
1739.381 -192.310 77.540 115 134 152
1740.288 -190.790 78.326 18 25 44
1739.621 -190.475 76.779 30 40 63
1739.544 -190.867 74.171 170 185 198
1739.594 -186.473 80.788 28 38 53
1739.708 -186.515 80.732 28 38 53
1738.583 -182.352 81.412 28 38 62
1739.325 -185.981 78.212 177 189 201
1739.223 -186.211 77.240 29 43 62
1738.914 -185.949 75.507 28 38 53
1738.621 -182.245 79.703 28 39 62
1737.303 -175.230 83.251 164 176 189
1736.934 -176.476 78.674 38 44 54
1737.016 -175.395 80.570 40 53 74
1736.802 -174.821 79.808 163 176 190
1718.459 -231.832 69.707 162 176 191
1739.106 -195.176 69.440 39 53 73
1738.293 -192.562 73.020 39 53 73
1738.165 -192.371 71.716 56 67 92
1738.623 -185.846 73.911 29 40 63
1737.691 -181.228 75.458 169 180 193
1737.459 -181.630 74.713 29 43 62
1738.004 -185.065 71.441 162 177 187
1738.012 -185.068 71.417 162 177 187
1737.452 -181.547 72.761 29 43 62
1737.474 -182.054 71.781 147 171 193
1736.064 -175.982 73.636 52 59 70
1735.746 -175.202 72.850 157 167 182
1713.337 -223.522 68.468 116 118 126
1737.034 -195.530 62.790 38 44 63
1737.058 -190.238 63.187 28 38 56
1737.550 -185.111 68.792 40 56 83
1736.656 -181.601 68.557 161 182 202
1736.364 -180.903 67.861 19 29 44
1736.231 -180.764 66.014 19 30 45
1736.220 -181.406 65.018 181 190 197
1735.722 -180.493 64.499 18 25 44
1735.722 -180.493 64.499 18 25 44
1734.813 -174.130 68.687 30 41 65
1736.223 -191.197 60.668 37 43 62
1736.550 -190.482 60.579 110 118 137
1735.980 -190.069 57.379 119 132 153
1736.833 -188.693 58.643 26 26 48
1735.496 -190.838 55.695 38 48 73
1735.546 -180.370 62.596 28 38 54
1735.820 -183.658 57.849 155 174 192
1735.631 -183.964 57.128 78 101 131
1735.273 -180.187 60.903 19 29 44
1734.146 -173.558 65.455 20 31 47
1733.551 -173.142 60.174 75 99 136
1715.997 -229.556 53.402 55 62 83
1736.211 -188.256 54.504 38 49 64
1735.145 -184.297 54.407 164 176 190
1735.322 -187.506 50.486 164 186 191
1735.337 -183.788 55.168 76 107 139
1735.055 -183.246 54.455 175 186 198
1734.915 -179.956 57.452 26 38 62
1734.411 -180.291 55.014 164 178 192
1734.552 -179.715 55.808 69 92 113
1733.481 -174.832 59.177 157 165 178
1733.386 -173.672 59.177 171 186 205
1733.189 -172.999 58.351 27 38 54
1733.065 -174.354 55.921 168 176 188
1734.498 -190.153 49.336 46 53 73
1733.893 -189.778 47.287 46 53 63
1733.893 -189.778 47.287 46 53 63
1734.491 -182.800 51.045 178 187 190
1734.491 -182.800 51.045 178 187 190
1733.566 -179.143 50.883 28 39 54
1733.327 -182.468 46.226 46 53 64
1733.114 -179.181 47.019 112 103 131
1732.536 -187.409 34.076 19 30 45
1733.193 -186.133 34.173 39 53 74
1732.248 -187.121 32.472 23 34 50
1732.587 -185.801 32.601 29 44 63
1731.267 -178.173 38.741 67 79 99
1731.100 -176.954 37.793 162 175 187
1732.026 -181.605 34.659 95 130 157
1731.906 -180.878 34.092 161 182 198
1729.517 -170.673 36.441 99 120 148
1718.312 -220.931 25.433 48 62 84
1718.791 -220.453 24.607 183 193 204
1755.531 -219.184 14.887 96 117 137
1732.566 -185.729 30.827 28 39 63
1731.590 -187.006 29.936 130 152 174
1731.501 -186.966 30.009 130 152 174
1731.642 -186.630 29.135 44 66 93
1732.035 -185.289 29.345 65 84 109
1731.722 -185.256 27.409 63 92 122
1730.846 -186.923 26.462 138 152 175
1730.684 -181.353 27.182 172 187 202
1731.247 -180.327 30.609 168 181 194
1730.877 -177.334 33.946 92 122 153
1730.113 -175.327 31.840 105 102 119
1730.180 -175.933 29.685 177 183 192
1729.376 -171.745 34.748 60 74 99
1729.310 -170.120 35.655 171 186 200
1728.902 -171.694 32.107 185 196 206
1728.902 -171.694 32.107 185 196 206
1728.708 -171.394 31.403 49 67 94
1730.979 -186.326 25.733 22 33 49
1730.782 -186.212 23.942 22 33 49
1730.325 -180.467 24.599 75 103 133
1730.220 -180.783 23.772 177 191 209
1730.234 -180.790 23.748 177 191 209
1729.654 -179.964 21.188 95 130 157
1729.437 -175.771 24.493 162 176 193
1729.164 -176.164 23.708 85 121 149
1729.468 -186.256 18.653 96 108 132
1729.778 -185.658 19.107 21 31 48
1729.491 -185.486 17.098 22 36 56
1729.988 -183.952 17.284 46 63 90
1729.587 -180.590 20.476 157 178 195
1729.142 -185.694 16.345 117 130 150
1729.142 -185.694 16.345 117 130 150
1729.202 -185.260 15.551 25 23 47
1729.248 -184.580 14.814 116 127 142
1729.248 -184.580 14.814 116 127 142
1728.748 -180.882 16.183 57 65 77
1729.477 -180.142 19.795 84 120 155
1729.530 -179.385 20.508 163 183 198
1728.770 -176.591 21.107 155 175 189
1728.700 -175.833 20.176 45 69 96
1728.490 -176.404 19.431 135 157 178
1728.073 -173.975 20.565 115 100 134
1729.076 -180.026 16.936 165 178 191
1728.384 -175.586 18.305 95 130 164
1727.585 -170.291 21.828 152 176 197
1726.931 -168.892 22.363 159 182 202
1727.056 -170.145 18.329 169 181 192
1713.233 -222.004 11.298 178 194 205
1729.019 -185.134 13.834 34 44 61
1728.557 -184.796 12.359 28 38 55
1728.422 -179.823 13.607 181 189 195
1727.778 -179.377 10.294 176 187 197
1728.501 -179.326 14.555 44 58 86
1727.739 -178.269 10.302 173 186 196
1727.809 -178.291 10.262 173 186 196
1727.507 -175.027 11.639 38 49 75
1711.559 -221.241 1.838 48 58 76
1715.849 -217.601 5.005 24 38 59
1715.640 -216.975 0.671 143 160 183
1727.528 -184.976 7.759 110 124 151
1727.605 -184.167 7.078 38 50 75
1727.379 -184.634 6.276 135 149 173
1728.482 -182.714 6.098 195 206 209
1728.397 -182.667 6.179 195 206 209
1727.314 -178.567 7.953 61 83 113
1726.835 -174.604 8.512 28 40 56
1726.082 -172.770 8.253 118 103 133
1726.857 -178.399 5.604 61 83 113
1726.555 -177.503 4.235 159 164 180
1726.721 -174.562 6.479 30 42 58
1714.381 -218.170 0.015 52 70 97
1714.167 -217.933 -1.888 67 85 105
1714.320 -217.372 -2.634 183 195 209
1714.848 -216.463 -2.771 130 144 160
1730.314 -188.557 -2.569 42 49 62
1727.192 -183.044 1.416 142 149 166
1726.584 -183.473 1.076 23 39 66
1719.871 -168.799 2.785 144 127 142
1713.395 -216.880 -6.238 130 135 143
1705.835 -215.997 -8.490 137 126 149
1724.858 -213.100 -10.734 191 199 211
1725.842 -212.979 -11.795 58 73 95
1727.055 -212.127 -11.843 59 68 89
1703.940 -217.503 -10.717 134 96 133
1704.200 -216.741 -10.928 148 121 155
1705.023 -216.265 -10.353 30 38 53
1705.023 -216.265 -10.353 30 38 53
1724.333 -212.804 -14.103 164 158 174
1728.470 -210.682 -13.933 211 213 215
1733.110 -193.827 -12.508 38 45 67
1721.111 -179.574 -10.094 83 58 98
1718.823 -176.649 -9.511 124 74 119
1718.692 -179.969 -17.449 93 72 108
1767.850 -263.487 121.718 68 83 112
1755.917 -272.068 122.900 105 119 139
1762.516 -267.602 122.171 150 160 173
1760.604 -268.888 117.222 157 162 170
1762.622 -267.064 121.896 47 57 73
1769.339 -261.357 119.247 127 147 171
1771.456 -258.176 118.664 48 61 86
1748.561 -266.345 118.453 63 76 89
1752.823 -263.304 118.656 102 116 139
1763.116 -202.745 122.649 47 57 82
1722.460 -242.382 126.659 133 148 169
1731.274 -235.729 126.837 73 91 116
1730.259 -236.057 124.245 113 129 153
1705.674 -248.341 130.044 116 122 132
1723.110 -242.078 124.893 30 41 64
1723.072 -241.546 124.318 136 152 172
1723.940 -240.053 121.904 129 138 150
1726.855 -238.088 121.151 97 114 135
1725.699 -238.194 119.150 144 157 172
1729.625 -235.668 121.709 102 119 143
1731.154 -234.585 121.912 47 57 82
1728.516 -235.990 120.089 102 119 143
1728.921 -235.577 120.754 122 136 161
1733.068 -232.378 117.125 64 74 95
1747.445 -196.122 118.291 123 136 155
1747.036 -189.813 126.488 96 108 127
1745.704 -182.907 126.173 125 137 149
1720.614 -241.312 115.691 118 127 142
1727.485 -235.398 115.683 70 88 113
1718.528 -232.793 120.989 70 88 113
1727.507 -235.328 114.897 71 90 114
1727.507 -235.328 114.897 71 90 114
1730.121 -233.779 115.310 87 107 133
1730.680 -233.478 116.088 135 151 171
1746.125 -192.058 116.623 32 40 58
1746.004 -189.123 119.871 133 147 164
1746.056 -188.410 120.170 64 78 98
1745.869 -188.292 120.341 64 78 98
1745.734 -188.196 119.433 64 78 99
1745.219 -188.596 116.655 141 148 158
1745.536 -191.051 113.593 157 158 155
1717.311 -161.842 140.096 225 221 216
1721.642 -238.844 112.403 147 155 169
1720.411 -239.457 109.940 150 158 172
1726.221 -234.472 107.429 58 69 92
1727.968 -232.679 104.910 99 108 127
1730.443 -229.808 103.849 78 90 106
1745.373 -195.181 107.373 84 97 117
1744.877 -195.138 105.858 39 45 64
1746.275 -194.289 107.235 65 70 78
1745.103 -190.788 111.730 141 152 162
1744.208 -187.880 109.535 150 156 158
1744.130 -187.118 109.389 33 40 56
1743.061 -181.136 110.499 144 147 148
1719.688 -238.373 103.468 54 67 85
1723.681 -235.877 103.655 156 162 168
1718.620 -239.059 101.751 57 72 102
1725.092 -233.703 100.925 49 59 73
1730.331 -229.821 103.079 142 157 177
1730.331 -229.821 103.079 142 157 177
1730.797 -229.292 102.423 45 57 80
1730.508 -229.146 99.224 63 74 100
1729.499 -229.379 98.179 138 163 179
1731.279 -226.598 97.369 68 81 105
1732.547 -224.964 96.851 124 140 162
1734.320 -224.308 96.348 94 108 128
1769.872 -219.753 84.304 91 120 154
1745.279 -198.997 103.241 50 61 86
1744.127 -199.114 99.224 66 78 102
1743.940 -196.149 103.857 48 62 82
1745.053 -194.365 104.359 166 174 183
1744.891 -194.311 104.529 166 174 183
1743.198 -195.685 99.912 38 44 63
1742.812 -184.900 103.039 76 116 139
1741.672 -179.675 107.251 34 45 59
1742.100 -179.112 110.272 140 150 163
1741.341 -179.404 104.797 37 43 61
1741.433 -179.356 103.768 37 45 62
1741.356 -178.134 104.149 40 47 65
1719.295 -237.462 98.730 112 114 121
1718.960 -237.658 97.353 163 174 192
1717.008 -238.297 95.109 58 77 102
1727.911 -230.578 97.142 74 87 102
1727.452 -230.711 95.919 73 86 101
1728.015 -229.747 94.331 98 106 116
1724.144 -232.944 93.829 56 62 80
1726.146 -231.256 92.574 47 57 73
1726.741 -230.217 92.639 76 87 105
1727.259 -229.393 91.334 98 106 116
1729.399 -228.510 93.943 50 64 84
1730.711 -226.159 95.360 32 47 67
1729.931 -227.115 90.411 38 48 70
1769.202 -220.563 73.652 68 99 136
1743.425 -199.297 94.826 47 57 73
1744.127 -198.298 96.292 54 70 87
1743.440 -198.666 95.887 77 91 113
1742.570 -189.846 97.426 60 74 94
1742.336 -193.617 93.635 39 46 64
1742.423 -185.436 100.082 115 134 153
1742.266 -188.478 95.611 62 88 113
1742.567 -188.240 94.712 154 171 187
1741.747 -184.266 96.308 76 85 105
1740.977 -179.145 102.156 38 48 62
1740.912 -177.857 102.342 58 73 84
1740.800 -178.986 100.358 47 58 83
1716.750 -238.519 94.080 165 180 194
1717.832 -237.263 93.327 51 65 85
1717.532 -237.041 91.334 69 81 95
1718.186 -236.090 90.549 89 88 98
1717.170 -236.799 89.763 39 49 65
1717.432 -236.269 88.694 91 107 132
1716.924 -236.654 88.119 43 57 78
1720.539 -233.893 88.313 113 116 131
1722.476 -232.787 88.710 135 142 154
1729.048 -228.123 90.468 38 48 64
1729.048 -228.123 90.468 38 48 64
1729.058 -226.408 85.316 54 68 89
1730.934 -223.510 86.960 57 70 96
1742.375 -193.510 91.764 28 38 53
1741.704 -189.301 92.282 55 62 74
1741.124 -193.512 86.207 82 95 115
1740.827 -189.478 88.005 120 132 151
1740.512 -183.415 89.480 51 61 78
1740.150 -177.358 96.980 61 83 113
1740.033 -177.323 97.118 61 83 113
1739.884 -177.079 93.497 44 52 78
1739.480 -176.891 93.902 44 52 78
1739.512 -177.517 92.922 161 176 186
1739.512 -177.517 92.922 161 176 186
1740.537 -193.835 84.466 40 53 74
1740.775 -193.081 84.158 137 148 168
1740.775 -193.081 84.158 137 148 168
1740.537 -192.621 83.680 28 38 62
1740.533 -188.487 85.494 71 88 112
1739.949 -192.687 81.056 123 141 166
1739.892 -184.469 85.964 62 69 81
1740.408 -184.007 88.807 154 168 187
1738.788 -177.789 88.888 50 60 76
1738.892 -178.331 87.827 115 117 118
1738.446 -177.521 87.827 37 43 62
1738.365 -177.724 86.272 156 160 171
1755.434 -220.338 64.418 86 101 121
1739.721 -197.081 77.459 41 56 77
1739.519 -197.017 75.920 39 52 73
1739.465 -196.860 73.903 37 51 71
1739.656 -196.351 75.531 66 80 104
1740.160 -194.581 72.753 37 51 72
1739.220 -193.107 77.791 39 52 73
1739.899 -192.142 78.156 20 34 52
1739.133 -192.288 75.888 85 105 131
1739.133 -192.288 75.888 85 105 131
1738.202 -192.547 74.762 39 52 73
1739.431 -191.738 74.681 31 42 58
1738.508 -183.516 77.799 47 49 64
1737.261 -175.504 82.392 41 54 75
1737.225 -176.640 80.270 54 57 74
1723.005 -227.756 71.012 83 86 92
1722.627 -227.490 68.695 43 49 61
1738.937 -196.652 72.542 41 55 77
1738.972 -195.737 70.023 82 98 125
1739.876 -194.543 71.012 56 69 91
1738.570 -196.400 69.473 32 40 59
1739.404 -194.528 68.962 59 71 92
1738.667 -191.841 73.061 100 121 148
1739.158 -190.101 73.685 96 132 163
1738.364 -186.528 72.389 126 140 157
1738.370 -191.434 70.509 117 135 157
1738.318 -191.411 70.550 117 135 157
1738.076 -190.958 69.950 34 46 62
1737.864 -190.757 67.998 40 54 75
1738.384 -189.649 68.096 23 33 48
1738.622 -185.490 74.835 163 178 193
1738.622 -185.490 74.835 163 178 193
1738.024 -183.389 75.078 163 168 177
1737.933 -183.135 74.276 62 69 82
1737.364 -182.998 71.708 135 149 165
1737.059 -181.354 71.384 79 111 142
1736.319 -176.184 75.491 46 53 63
1736.224 -174.785 75.410 30 45 64
1713.730 -234.169 66.581 154 171 187
1724.992 -224.030 63.009 35 49 69
1763.280 -219.664 44.857 59 78 103
1739.302 -194.279 66.046 31 40 57
1737.282 -191.845 67.545 39 49 74
1737.515 -190.566 66.678 41 54 75
1737.321 -191.260 66.038 105 116 131
1737.834 -190.008 65.941 156 166 181
1737.834 -190.008 65.941 156 166 181
1736.728 -190.801 64.094 109 122 142
1737.587 -190.483 64.540 22 33 50
1736.536 -190.733 62.741 86 99 120
1737.357 -189.068 63.227 27 34 52
1736.995 -186.238 65.066 54 61 76
1737.155 -182.053 69.780 128 150 174
1736.632 -181.776 67.124 143 153 172
1736.442 -182.162 65.495 42 52 68
1735.690 -175.824 71.813 53 59 70
1735.163 -176.671 68.889 78 80 95
1735.373 -175.701 70.104 29 40 55
1735.346 -174.367 72.324 38 49 64
1734.658 -176.411 65.892 88 87 107
1734.866 -175.883 67.407 106 117 140
1734.490 -173.800 66.905 28 40 56
1754.900 -239.899 43.034 87 94 104
1737.063 -190.267 61.219 37 49 72
1736.483 -189.956 60.060 38 52 73
1736.807 -189.408 58.546 155 165 181
1735.991 -190.304 56.237 97 110 132
1736.180 -189.661 56.448 28 39 62
1735.549 -185.284 56.877 60 77 102
1735.410 -181.055 60.417 137 145 156
1735.045 -179.864 58.319 177 191 204
1734.558 -174.983 65.236 30 40 55
1734.503 -176.200 64.062 74 75 97
1734.366 -175.572 63.576 119 127 143
1734.214 -174.759 63.389 34 43 60
1733.992 -174.421 61.915 67 92 119
1733.761 -174.602 60.830 96 102 122
1733.859 -173.466 62.118 62 92 121
1716.582 -228.381 53.337 54 64 77
1735.588 -189.717 53.605 123 136 156
1735.301 -189.146 53.111 39 53 73
1735.276 -189.082 50.826 39 53 73
1734.935 -189.391 50.146 119 132 153
1735.596 -187.805 51.053 63 94 125
1734.255 -180.940 54.066 52 59 69
1733.293 -174.278 58.481 19 29 44
1733.418 -172.365 60.231 157 172 191
1732.718 -173.738 53.856 29 41 64
1732.491 -172.555 54.018 29 40 55
1732.476 -171.893 54.803 156 167 183
1709.886 -233.264 48.745 34 48 66
1758.315 -219.484 32.245 183 197 210
1734.913 -188.902 49.490 29 43 62
1732.742 -179.858 46.404 66 65 78
1732.680 -179.857 46.388 66 65 78
1733.307 -179.604 48.518 139 146 159
1732.379 -172.009 52.495 186 200 210
1732.104 -172.410 49.069 124 127 141
1716.982 -221.607 41.900 134 141 151
1750.959 -202.270 33.314 79 96 121
1732.058 -187.329 43.553 84 95 120
1731.865 -173.642 47.189 134 121 139
1733.010 -187.461 37.162 72 77 95
1732.672 -187.922 36.578 118 130 149
1732.294 -187.417 33.241 132 146 167
1731.695 -180.039 39.381 96 101 116
1731.310 -179.052 37.121 86 91 106
1731.436 -177.494 38.660 80 81 90
1731.284 -177.755 37.194 95 109 129
1731.909 -181.509 33.306 73 96 125
1731.004 -178.783 35.201 75 84 103
1731.004 -178.783 35.201 75 84 103
1730.886 -178.650 34.472 158 168 182
1730.886 -178.650 34.472 158 168 182
1730.793 -178.760 33.784 75 83 101
1731.339 -178.329 36.384 155 176 191
1731.127 -177.649 36.165 92 120 148
1731.127 -177.649 36.165 92 120 148
1730.272 -173.137 39.859 103 97 119
1729.969 -172.603 37.599 114 128 155
1729.537 -172.996 35.477 92 80 113
1729.822 -170.862 38.223 107 118 141
1729.731 -170.112 38.944 158 168 184
1729.635 -170.087 37.704 168 183 198
1696.539 -212.399 33.274 154 164 180
1731.927 -186.925 30.665 31 42 59
1731.216 -182.468 32.431 87 98 113
1731.180 -182.470 31.313 87 98 113
1730.946 -182.357 29.977 87 98 113
1731.265 -187.198 27.790 87 102 125
1731.359 -186.469 27.191 58 73 93
1730.665 -182.134 27.790 87 98 113
1730.819 -178.062 33.411 129 157 181
1730.465 -176.388 31.370 169 182 192
1730.169 -178.349 30.333 77 88 103
1729.880 -178.140 28.478 83 93 113
1729.019 -171.054 33.703 110 128 148
1729.150 -170.421 34.805 60 78 104
1711.826 -225.004 20.881 81 85 101
1714.639 -222.648 20.127 142 158 174
1759.597 -208.519 11.873 128 147 178
1730.434 -186.376 23.181 130 141 160
1730.434 -186.376 23.181 130 141 160
1730.183 -185.865 20.524 29 41 66
1729.892 -181.817 23.675 140 148 162
1729.892 -181.817 23.675 140 148 162
1730.734 -180.524 26.575 59 81 110
1729.899 -176.783 27.903 177 191 200
1729.555 -176.222 27.579 82 102 126
1730.028 -180.219 23.165 72 102 131
1729.012 -177.541 23.724 82 94 109
1729.326 -177.034 24.121 155 178 199
1729.065 -175.073 24.202 157 171 189
1728.506 -171.189 29.531 58 70 96
1728.120 -169.847 28.284 86 116 143
1727.536 -168.966 25.546 173 189 203
1730.615 -184.355 19.755 174 187 198
1729.360 -181.739 20.168 124 138 158
1729.352 -181.736 20.176 124 138 158
1729.206 -181.148 19.674 84 96 111
1729.309 -180.599 18.856 139 159 182
1729.964 -183.986 16.482 169 182 198
1729.994 -183.999 16.474 169 182 198
1728.858 -181.152 16.968 149 159 172
1728.630 -180.271 15.486 138 148 163
1728.762 -177.306 21.699 87 99 114
1729.289 -179.110 18.507 139 160 182
1728.726 -177.148 18.993 94 108 128
1729.083 -179.692 17.616 96 130 162
1728.308 -176.971 18.337 93 107 128
1728.077 -176.832 16.798 56 63 75
1728.327 -175.534 17.503 184 195 206
1705.427 -228.583 13.194 31 46 67
1753.775 -205.404 1.295 85 96 112
1727.739 -186.435 11.420 30 42 59
1727.942 -186.516 11.274 30 42 59
1728.522 -185.374 13.088 132 143 157
1728.529 -185.377 13.088 132 143 157
1728.252 -180.900 13.631 148 157 170
1728.322 -180.923 13.566 148 157 170
1728.250 -180.607 12.999 47 56 70
1728.090 -184.889 9.605 118 130 150
1728.161 -184.371 9.038 52 65 88
1727.753 -180.368 10.229 151 153 167
1727.798 -180.388 10.181 151 153 167
1728.152 -177.841 14.384 83 79 103
1727.580 -175.937 12.886 121 130 146
1727.395 -175.757 11.971 135 147 160
1726.725 -170.370 16.191 114 112 132
1726.369 -170.752 14.790 84 79 104
1726.467 -169.856 14.968 166 175 189
1726.493 -169.876 14.951 166 175 189
1726.213 -170.106 13.437 119 112 132
1726.213 -170.106 13.437 119 112 132
1703.153 -227.438 2.518 47 54 76
1703.573 -227.430 2.380 47 54 76
1704.239 -226.928 1.919 151 137 162
1716.216 -217.773 5.823 21 35 56
1723.776 -215.588 -0.511 139 139 150
1725.422 -214.760 -1.807 111 124 142
1725.297 -214.741 -1.743 111 124 142
1754.892 -209.448 -4.124 74 78 94
1754.283 -209.203 -8.506 104 103 116
1753.425 -206.170 -3.338 30 37 58
1727.529 -184.098 5.596 40 52 76
1726.651 -179.061 4.146 143 145 160
1726.630 -177.554 5.280 150 163 181
1726.337 -175.047 4.640 151 159 177
1725.636 -172.199 5.888 111 91 124
1725.679 -169.195 10.116 58 73 94
1725.117 -168.785 7.694 38 49 65
1725.224 -169.400 6.552 121 118 141
1700.657 -222.727 -1.362 174 164 176
1713.319 -219.001 -0.171 81 81 94
1713.319 -219.001 -0.171 81 81 94
1712.501 -219.346 -1.500 137 135 149
1715.400 -216.478 -1.135 124 140 155
1723.245 -215.308 -3.152 60 66 82
1722.704 -214.889 -6.943 55 59 76
1733.288 -212.047 -8.911 82 83 93
1719.375 -170.369 3.952 184 157 156
1725.026 -171.360 4.008 96 84 117
1711.175 -218.082 -6.951 65 68 86
1717.012 -215.706 -6.595 116 122 142
1723.533 -213.645 -10.572 188 197 209
1725.506 -212.918 -10.159 59 73 96
1730.208 -210.224 -11.633 151 156 166
1729.704 -210.558 -12.329 50 56 73
1725.982 -183.729 -3.282 119 121 135
1702.989 -217.789 -11.220 184 148 171
1708.834 -214.078 -10.094 113 115 123
1722.755 -213.759 -14.954 126 121 136
1725.672 -212.903 -13.860 66 70 88
1725.758 -212.232 -14.929 131 109 136
1728.260 -211.254 -14.589 94 98 111
1728.282 -210.625 -14.784 96 86 102
1706.496 -214.252 -18.866 111 103 124
1720.796 -208.303 -20.486 133 139 148
1705.647 -211.241 -21.045 107 55 105
1706.431 -211.510 -21.555 107 55 105
1747.939 -217.497 -4.302 106 98 118
1708.556 -223.406 1.562 172 174 180
1733.946 -233.212 126.375 81 95 115
1718.981 -225.184 45.067 50 51 55
1710.735 -221.122 0.371 106 102 116
1766.260 -213.109 51.993 36 46 59
1732.147 -234.885 126.594 101 112 132
1729.263 -238.194 128.262 35 45 59
1734.018 -212.062 -7.591 58 60 65
1701.974 -220.307 -0.900 72 74 78
1768.670 -223.828 77.532 52 64 83
1728.218 -221.086 60.109 31 43 59
1706.929 -230.307 27.344 43 54 68
1710.966 -220.463 -1.451 41 48 56
1739.392 -206.563 -20.421 130 101 136
1771.391 -226.219 98.430 29 45 68
1769.453 -224.877 88.281 39 54 77
1769.870 -225.054 83.785 88 104 130
1764.888 -226.028 71.741 29 39 54
1721.023 -221.890 43.148 46 54 61
1723.779 -229.820 80.051 128 151 173
1708.463 -222.957 0.315 105 93 107
1718.705 -243.707 129.753 82 85 95
1730.681 -234.232 118.154 27 37 55
1734.199 -231.649 117.570 26 33 50
1729.344 -233.513 111.471 79 107 138
1736.784 -228.650 115.748 137 149 167
1726.875 -233.761 106.166 136 146 159
1730.978 -231.616 105.347 120 129 144
1719.266 -233.565 80.521 96 94 108
1714.735 -233.605 67.221 83 77 91
1716.361 -230.233 56.253 152 171 190
1716.527 -230.316 56.099 152 171 190
1717.207 -229.546 56.027 147 167 187
1757.460 -220.788 36.692 24 29 42
1715.244 -227.563 43.877 51 57 67
1716.512 -220.493 17.932 195 206 217
1748.473 -217.930 -1.402 103 103 114
1727.551 -212.428 -8.587 50 59 75
1721.255 -214.838 -6.813 154 164 175
1777.588 -227.276 122.706 55 74 102
1754.637 -236.546 126.092 89 104 128
1782.846 -207.760 124.059 37 47 62
1781.016 -205.616 122.066 37 47 61
1714.315 -232.975 62.102 96 91 106
1759.538 -219.842 36.408 36 46 59
1716.673 -229.831 54.925 36 46 59
1721.762 -223.895 48.510 177 191 207
1711.590 -225.493 21.772 175 182 194
1714.338 -222.567 18.094 188 200 215
1706.650 -227.886 16.976 99 89 115
1749.298 -216.755 -3.589 45 58 76
1704.553 -228.096 11.185 26 33 50
1712.772 -221.444 7.815 183 198 209
1704.418 -226.627 5.086 90 82 107
1708.956 -223.744 4.648 197 211 225
1712.020 -220.923 4.575 174 190 210
1689.711 -224.849 -0.892 237 230 220
1725.435 -167.632 7.994 190 198 202
1703.819 -198.200 -15.205 176 160 162
1703.827 -195.951 -14.832 148 128 140
1718.971 -178.905 -19.514 101 59 96
1774.507 -229.974 124.569 28 41 57
1774.507 -229.974 124.569 28 41 57
1776.785 -228.443 122.924 58 75 106
1774.991 -228.629 119.757 36 49 74
1782.088 -206.456 123.791 30 40 55
1770.035 -230.997 103.971 45 51 69
1768.459 -229.657 95.571 78 92 114
1686.489 -239.853 138.647 46 60 69
1744.837 -172.786 132.912 176 155 146
1712.991 -235.870 70.015 169 190 212
1723.004 -228.216 69.108 188 200 217
1713.667 -234.291 64.742 46 59 77
1713.157 -233.922 62.207 29 36 53
1724.819 -223.562 59.566 19 29 42
1712.122 -231.688 51.320 87 83 96
1710.602 -232.173 46.874 44 50 59
1710.541 -232.111 46.930 44 50 59
1754.640 -223.256 27.863 118 132 155
1754.640 -223.256 27.863 118 132 155
1707.521 -231.626 35.129 26 33 50
1708.490 -230.825 34.967 28 38 52
1715.912 -225.325 34.902 194 200 211
1708.277 -230.685 33.071 27 37 50
1708.530 -230.355 30.860 113 134 162
1707.830 -230.016 28.811 188 201 215
1713.434 -226.749 31.808 184 198 213
1716.674 -223.953 31.718 176 188 200
1756.524 -217.073 14.052 112 143 173
1707.190 -229.581 25.522 204 213 220
1730.944 -216.536 22.331 54 64 86
1705.562 -228.537 15.186 202 210 217
1728.032 -215.488 11.290 53 63 82
1702.887 -228.632 8.010 70 88 114
1703.889 -227.774 7.953 71 87 109
1704.305 -227.596 8.625 196 204 216
1725.905 -215.029 3.506 28 38 52
1749.928 -215.998 -5.744 71 74 79
1754.195 -214.200 -6.408 84 84 93
1703.047 -227.196 2.680 42 49 68
1703.697 -227.210 5.191 184 192 203
1706.585 -206.684 -20.842 124 50 77
1768.517 -234.905 121.483 53 65 87
1778.105 -226.593 123.500 89 106 134
1729.807 -260.133 128.805 148 150 110
1749.117 -234.647 126.578 37 47 68
1770.039 -232.542 110.993 45 55 69
1777.521 -221.553 119.490 112 129 156
1736.076 -239.462 129.461 30 40 54
1736.882 -238.368 129.599 19 29 42
1720.297 -233.120 79.711 160 182 201
1736.088 -220.635 79.557 151 162 175
1721.876 -230.729 76.163 95 99 106
1727.600 -225.102 75.791 118 133 155
1761.042 -225.486 54.876 98 111 137
1761.744 -224.628 51.855 48 62 81
1722.890 -227.137 65.423 132 139 147
1722.578 -227.202 64.758 42 49 61
1728.824 -220.363 64.183 64 78 102
1707.181 -234.959 56.172 77 90 114
1716.946 -228.321 50.348 46 56 70
1734.092 -219.862 46.533 153 166 182
1722.045 -223.081 43.310 121 121 125
1753.394 -223.686 28.163 117 129 155
1757.659 -221.914 25.490 64 78 95
1717.484 -223.906 35.420 88 89 96
1717.897 -223.078 34.740 89 88 90
1730.663 -218.442 32.083 91 102 125
1705.150 -232.689 32.682 168 181 195
1704.272 -232.431 29.702 49 61 80
1713.886 -226.311 32.302 52 57 74
1753.643 -220.835 11.153 65 82 105
1727.838 -217.716 23.432 186 192 203
1752.134 -220.562 5.361 56 69 87
1714.845 -222.624 20.006 175 187 199
1714.808 -221.872 17.892 147 153 165
1721.065 -217.396 17.017 45 55 77
1721.664 -217.724 20.459 40 51 72
1722.241 -217.423 19.998 84 95 117
1721.770 -217.665 17.317 155 164 182
1721.770 -217.665 17.317 155 164 182
1710.681 -224.051 13.979 46 52 61
1714.319 -221.495 14.409 154 159 169
1713.729 -221.347 11.744 53 59 77
1717.036 -217.943 11.047 152 167 190
1726.171 -215.865 8.536 95 104 126
1726.563 -215.623 8.010 39 46 57
1747.817 -218.667 -1.362 195 206 223
1747.929 -218.415 -2.577 148 156 176
1703.756 -229.089 11.882 196 210 224
1726.663 -214.861 5.361 89 102 127
1727.438 -214.612 5.248 92 102 124
1727.196 -214.300 2.137 43 53 75
1749.104 -210.799 -2.180 172 172 178
1702.627 -227.682 2.105 175 173 179
1712.426 -220.111 4.470 163 165 171
1724.628 -214.850 -0.252 170 175 188
1719.980 -215.352 -3.225 174 180 192
1723.149 -214.467 -5.339 50 57 70
1726.094 -170.612 11.493 88 80 98
1728.979 -211.211 -10.531 197 202 209
1726.849 -178.316 4.567 52 75 105
1737.022 -207.645 -22.908 114 109 124
1732.594 -208.946 -27.347 112 97 122
1713.287 -177.970 -20.697 175 176 182
1739.305 -232.229 106.368 75 84 108
1676.183 -200.587 58.967 41 42 44
1676.183 -200.587 58.967 41 42 44
1723.117 -219.577 34.659 139 153 174
1733.193 -220.606 65.714 108 111 123
1714.958 -216.893 -6.003 48 54 66
1755.038 -228.177 90.371 108 137 168
1745.117 -224.513 81.598 109 137 167
1737.811 -210.373 -6.181 111 111 119
1740.555 -224.921 103.023 42 53 74
1722.313 -243.071 128.068 117 129 146
1745.840 -229.260 124.893 90 105 128
1751.015 -222.795 17.349 57 69 89
1721.526 -242.489 126.659 37 47 64
1723.886 -241.767 126.950 113 128 151
1728.507 -238.460 126.488 108 122 145
1746.043 -222.691 40.361 150 152 157
1701.972 -232.578 36.327 180 200 206
1749.207 -222.017 6.122 76 88 107
1722.550 -215.654 1.667 133 133 141
1721.467 -215.278 -5.201 139 137 144
1721.144 -215.188 -6.781 147 154 165
1721.150 -215.173 -6.757 147 154 165
1720.016 -243.848 130.822 113 115 125
1752.649 -236.671 126.164 102 117 140
1759.209 -232.153 118.154 129 143 163
1754.822 -230.058 113.974 37 49 68
1759.268 -231.860 116.736 41 52 73
1724.957 -235.638 106.878 150 159 172
1762.607 -231.511 99.985 166 177 192
1762.607 -231.511 99.985 166 177 192
1793.486 -208.854 115.910 67 75 86
1745.741 -224.703 98.260 70 84 107
1791.682 -196.816 119.336 36 46 59
1760.614 -229.516 79.962 159 181 203
1734.470 -220.367 74.859 104 103 108
1735.835 -219.689 71.360 147 161 182
1735.835 -219.689 71.360 147 161 182
1683.214 -217.434 52.795 78 88 89
1758.693 -220.308 37.081 115 119 133
1724.849 -218.017 21.464 35 41 50
1732.707 -215.344 -3.565 142 140 142
1727.314 -212.322 -10.199 36 43 59
1793.700 -237.650 120.381 132 146 167
1793.700 -237.650 120.381 132 146 167
1745.212 -238.716 127.752 125 143 168
1754.672 -236.747 125.857 90 104 128
1761.305 -238.238 122.220 55 68 95
1760.594 -233.045 122.924 56 70 95
1738.288 -229.834 124.407 30 40 61
1728.337 -232.727 104.521 86 110 142
1763.049 -231.673 98.373 55 68 86
1749.026 -226.945 100.034 164 180 201
1738.564 -223.378 99.426 89 95 103
1737.936 -222.797 96.672 97 97 106
1765.524 -229.379 85.025 127 142 162
1734.014 -220.235 72.275 108 106 114
1734.014 -220.235 72.275 108 106 114
1733.749 -219.736 71.093 107 106 99
1723.964 -219.627 34.521 141 156 175
1741.862 -220.272 26.146 144 150 161
1744.867 -219.916 -4.027 148 150 164
1711.256 -214.155 -7.939 52 55 69
1711.670 -214.082 -9.170 216 222 227
1711.302 -213.794 -11.236 233 233 233
1728.199 -246.640 129.315 29 39 56
1739.543 -244.659 128.044 80 93 116
1753.238 -251.120 120.470 70 85 113
1734.346 -241.157 129.121 113 134 162
1734.346 -241.157 129.121 113 134 162
1739.340 -235.357 128.351 27 37 50
1752.261 -237.084 126.958 31 43 61
1755.365 -236.524 124.966 39 52 70
1797.376 -224.196 115.748 109 123 149
1782.676 -206.568 123.532 37 47 65
1788.339 -207.351 123.062 88 101 128
1763.483 -231.574 92.841 81 91 114
1791.366 -197.545 120.316 81 89 103
1791.080 -195.697 117.967 70 69 70
1736.429 -222.658 95.004 36 46 68
1761.872 -230.572 83.818 55 69 95
1711.253 -238.279 83.745 177 194 212
1737.718 -222.611 94.299 97 96 97
1762.254 -230.033 79.849 128 142 164
1761.907 -229.896 78.188 96 112 141
1737.022 -221.406 84.871 137 155 179
1736.559 -221.111 81.315 150 163 183
1705.403 -235.666 64.564 113 134 156
1737.442 -219.944 74.138 160 171 194
1736.774 -219.832 73.814 45 55 77
1730.682 -219.434 65.155 148 163 187
1755.263 -226.140 49.652 195 209 223
1713.816 -229.694 48.469 102 97 112
1754.609 -225.557 41.949 72 84 105
1715.093 -228.241 44.460 112 107 121
1683.903 -216.207 51.596 32 34 36
1683.903 -216.207 51.596 32 34 36
1723.105 -219.545 34.683 139 153 174
1751.796 -223.551 25.125 57 74 96
1728.499 -217.248 20.322 36 46 59
1738.539 -218.934 17.252 30 41 55
1758.048 -204.469 21.529 121 147 178
1699.467 -229.680 11.339 42 52 73
1718.960 -216.388 6.163 89 102 129
1719.977 -216.335 5.936 91 105 131
1721.733 -216.035 2.801 44 50 59
1732.014 -215.089 -2.156 35 41 50
1749.971 -215.662 -6.983 96 96 110
1751.285 -215.059 -7.186 86 88 100
1753.746 -214.790 -4.335 32 41 63
1752.004 -215.078 -6.044 79 78 87
1753.204 -214.752 -5.736 122 113 123
1718.149 -215.282 -6.595 198 202 212
1732.050 -214.590 -6.157 118 120 125
1731.109 -214.810 -7.469 61 64 69
1704.597 -216.288 -8.628 25 29 42
1705.130 -215.887 -9.170 147 131 156
1715.136 -214.721 -9.940 35 41 50
1719.002 -215.218 -7.955 151 162 178
1719.413 -215.073 -9.365 39 54 69
1722.454 -214.476 -7.704 36 46 59
1726.623 -213.097 -7.688 156 165 179
1710.692 -213.611 -10.936 44 50 68
1699.445 -214.376 -19.725 174 163 177
1701.767 -214.877 -20.421 170 159 171
1703.296 -214.609 -20.454 134 115 137
1702.654 -214.696 -21.207 174 162 182
1734.162 -208.491 -25.589 95 82 104
1735.598 -207.516 -26.885 128 109 139
1724.705 -246.441 130.376 127 139 164
1724.705 -246.441 130.376 127 139 164
1725.035 -246.118 130.004 27 37 59
1736.274 -244.693 129.048 133 147 168
1738.560 -245.055 128.117 147 160 182
1739.760 -243.116 127.793 163 179 201
1739.767 -243.101 127.849 163 179 201
1741.763 -248.237 127.290 88 104 127
1746.074 -238.931 127.890 27 37 58
1744.319 -238.593 127.606 77 90 114
1746.202 -238.226 127.647 140 156 181
1741.416 -236.529 128.821 30 43 60
1744.757 -236.633 127.590 78 94 117
1746.980 -237.872 127.647 30 43 60
1746.757 -237.098 127.639 153 166 192
1747.779 -234.485 127.331 54 67 92
1770.117 -234.776 120.665 71 84 111
1707.246 -235.609 63.568 178 195 213
1761.747 -225.755 58.303 99 114 137
1758.948 -225.431 48.372 73 89 113
1704.619 -230.875 44.913 36 46 59
1704.619 -230.875 44.913 36 46 59
1745.192 -222.552 41.787 74 80 90
1758.072 -224.908 39.997 62 75 94
1738.756 -218.844 39.146 140 152 169
1756.285 -221.453 37.105 27 34 51
1756.285 -221.453 37.105 27 34 51
1758.401 -220.107 35.679 107 109 115
1676.243 -200.951 60.789 34 36 38
1676.243 -200.951 60.789 34 36 38
1676.380 -200.125 58.124 217 254 211
1743.567 -221.341 31.799 91 93 103
1708.413 -229.602 29.175 87 76 96
1741.366 -220.511 28.341 100 112 131
1695.292 -227.768 23.173 158 180 193
1739.921 -219.354 19.358 119 134 156
1700.681 -230.957 19.374 169 184 200
1720.109 -217.591 17.584 158 166 179
1720.109 -217.591 17.584 158 166 179
1699.465 -226.301 1.684 130 123 132
1719.509 -216.251 3.142 53 60 77
1732.738 -216.032 2.186 106 120 142
1737.922 -214.864 5.871 163 170 175
1741.210 -218.491 1.311 164 161 171
1752.652 -215.952 0.299 150 155 163
1724.628 -214.850 -0.252 177 180 192
1747.797 -217.000 -5.598 70 69 78
1720.762 -215.009 -7.348 50 61 82
1710.109 -213.546 -9.154 46 46 63
1710.979 -213.863 -9.251 26 33 50
1716.712 -215.006 -8.401 175 185 197
1713.540 -214.383 -10.904 72 74 95
1726.740 -212.377 -10.288 45 55 69
1697.976 -214.191 -20.413 177 165 173
1729.902 -207.126 -21.620 123 64 71
1733.016 -208.876 -25.589 98 84 109
1720.809 -201.881 -18.178 238 232 220
1753.064 -203.616 -0.989 56 73 98
1752.647 -202.800 -3.355 139 145 159
1745.408 -186.100 118.664 124 135 147
1759.086 -189.016 123.953 125 121 119
1744.639 -185.935 115.472 134 142 147
1783.987 -193.328 117.611 49 43 47
1743.717 -187.927 108.361 128 135 141
1741.912 -183.817 99.127 133 149 166
1764.222 -265.702 121.134 113 124 141
1742.232 -178.976 111.528 43 52 65
1742.413 -183.986 102.326 133 149 160
1714.270 -160.568 140.931 198 193 192
1720.718 -247.131 130.628 39 50 61
1713.323 -159.109 140.720 124 126 125
1733.185 -188.461 42.888 20 29 47
1733.819 -184.487 57.015 81 108 141
1731.996 -180.856 34.270 131 156 180
1739.857 -195.501 80.683 64 76 94
1733.672 -186.213 43.439 82 89 108
1725.482 -181.547 -1.240 106 135 162
1730.998 -248.994 129.704 28 41 58
1714.684 -163.820 2.567 243 239 234
1763.907 -265.074 119.563 44 55 70
1745.248 -192.892 109.794 114 119 124
1744.487 -198.644 98.908 52 62 79
1731.097 -175.606 39.494 54 56 61
1730.265 -174.189 35.777 102 88 115
1767.598 -261.424 118.874 131 147 164
1768.988 -215.546 71.854 24 32 44
1737.726 -195.368 65.107 19 29 49
1760.908 -214.476 23.270 51 77 104
1727.130 -169.920 22.598 137 161 186
1755.025 -210.483 -3.095 28 41 58
1755.334 -210.585 -3.346 28 41 58
1753.142 -206.807 -4.983 105 100 114
1740.637 -202.711 -7.842 123 112 131
1719.747 -170.729 3.409 193 168 164
1761.893 -267.706 120.778 128 144 166
1752.205 -266.762 119.676 82 98 126
1771.980 -221.870 95.538 34 47 72
1772.303 -221.881 95.077 34 47 72
1717.768 -246.030 127.428 62 58 68
1743.775 -191.083 103.023 80 87 97
1743.864 -197.356 94.988 80 90 110
1738.604 -195.786 68.687 44 54 68
1728.561 -171.125 30.504 48 68 95
1728.967 -171.270 30.269 48 68 95
1724.891 -178.313 0.930 96 68 103
1771.571 -257.598 119.126 30 43 60
1777.532 -220.512 116.979 145 156 172
1767.299 -260.484 116.598 43 50 65
1774.576 -219.125 106.125 26 34 50
1760.418 -195.044 122.965 41 50 66
1773.679 -218.531 99.086 39 49 63
1745.035 -181.084 124.285 27 34 51
1746.478 -191.045 117.724 134 147 162
1743.546 -185.643 108.612 144 152 164
1743.793 -180.168 115.667 137 143 148
1743.379 -191.235 99.175 76 86 105
1741.163 -194.699 88.621 27 37 50
1741.163 -194.221 84.944 37 46 61
1760.154 -208.563 16.134 36 47 65
1731.744 -179.511 34.983 92 97 109
1729.396 -178.093 21.294 90 92 107
1727.674 -171.546 18.807 86 76 104
1748.017 -207.105 -8.012 59 62 69
1733.007 -191.112 2.234 52 55 60
1714.188 -217.925 1.287 156 175 196
1714.595 -218.008 1.092 156 175 196
1730.605 -190.912 -19.660 237 235 232
1770.921 -259.277 119.725 129 147 172
1763.240 -266.852 122.131 44 54 69
1775.765 -219.681 106.951 154 164 180
1770.574 -227.974 98.770 123 138 162
1771.975 -226.381 97.644 55 70 96
1773.525 -220.191 99.321 121 138 160
1747.205 -185.907 130.733 48 56 68
1747.518 -195.162 118.858 26 33 50
1746.683 -187.697 125.249 117 129 147
1746.645 -194.853 115.716 26 33 50
1746.072 -190.643 116.234 19 29 42
1722.570 -242.573 127.614 115 126 136
1722.570 -242.573 127.614 115 126 136
1745.186 -190.364 111.285 136 147 158
1742.979 -182.456 108.612 143 148 157
1743.601 -189.543 101.784 143 160 174
1721.037 -238.051 107.381 142 148 149
1743.274 -188.723 99.183 28 41 58
1741.831 -191.725 86.515 19 29 42
1740.058 -182.663 88.840 145 159 179
1759.573 -222.872 38.944 118 117 128
1736.204 -184.290 59.874 26 34 53
1732.754 -173.258 52.090 173 194 208
1730.677 -175.037 38.466 98 95 116
1728.336 -175.573 16.531 26 34 49
1727.876 -175.333 15.397 26 33 50
1728.993 -183.358 10.521 26 33 49
1727.855 -182.630 4.049 27 33 46
1727.206 -177.934 6.787 169 187 206
1726.576 -174.568 6.503 28 41 58
1726.816 -181.538 -0.220 172 187 203
1726.281 -176.547 2.558 93 75 96
1725.220 -170.205 5.037 94 79 105
1737.063 -195.942 -18.712 86 75 95
1736.151 -193.310 -18.988 132 110 140
1706.142 -211.762 -17.165 145 88 129
1775.538 -213.161 125.241 30 46 68
1769.810 -260.618 120.138 53 59 77
1769.427 -253.194 116.825 131 145 166
1748.862 -196.425 124.958 36 46 59
1732.164 -244.424 129.364 98 112 129
1732.164 -244.424 129.364 98 112 129
1748.353 -195.835 122.957 39 49 63
1745.517 -184.899 121.896 127 139 156
1770.533 -220.579 85.867 23 33 55
1770.070 -219.389 85.980 33 45 65
1745.476 -190.289 112.702 27 37 50
1713.243 -249.442 129.575 171 160 158
1744.642 -189.554 105.833 46 56 71
1710.322 -251.422 130.044 63 65 73
1744.021 -193.099 98.819 70 105 129
1743.276 -188.857 100.998 28 41 58
1743.091 -186.026 105.777 145 155 171
1743.163 -186.005 105.688 145 155 171
1742.547 -186.910 102.480 65 76 80
1742.631 -185.706 102.237 138 157 169
1742.347 -183.975 102.391 145 161 172
1741.900 -181.134 106.101 69 71 82
1741.020 -178.631 103.258 148 158 174
1741.012 -178.628 103.258 148 158 174
1768.582 -214.984 66.581 141 155 175
1742.586 -194.411 94.259 100 112 123
1743.205 -193.179 94.396 131 139 146
1742.875 -189.220 98.309 145 159 178
1742.120 -188.068 94.186 29 43 60
1741.888 -196.237 87.625 97 111 128
1741.999 -192.562 87.487 149 159 169
1740.574 -182.858 92.161 158 171 185
1740.704 -183.722 91.391 53 59 69
1739.855 -181.606 89.390 89 90 95
1739.877 -176.677 96.640 149 159 176
1767.121 -213.128 56.650 41 52 72
1766.176 -212.441 53.516 66 79 98
1764.812 -211.045 46.882 67 82 108
1736.478 -185.148 60.943 183 197 212
1761.481 -215.379 27.563 40 58 86
1759.906 -215.094 18.378 192 214 230
1730.004 -177.344 27.693 175 194 214
1753.696 -206.140 -0.779 198 204 218
1747.908 -219.080 0.947 28 41 58
1755.780 -211.714 -4.416 36 49 68
1755.164 -212.779 -7.105 123 118 132
1753.363 -205.832 -4.861 108 101 120
1728.706 -178.646 16.928 181 192 205
1753.987 -208.433 -7.008 62 69 78
1753.937 -208.686 -7.704 129 126 131
1725.901 -170.827 11.509 92 79 108
1732.910 -191.291 1.068 160 164 178
1727.335 -184.216 3.012 134 148 171
1733.805 -193.640 -6.910 162 173 188
1726.723 -184.316 1.441 100 111 128
1727.221 -182.241 0.477 21 37 58
1726.960 -182.568 -0.439 170 183 201
1727.046 -182.136 -1.240 66 86 113
1709.590 -221.960 -0.212 127 123 136
1733.246 -193.861 -12.702 35 41 57
1732.802 -192.449 -12.621 33 40 56
1726.489 -181.933 -2.504 81 112 146
1736.812 -197.222 -19.077 125 95 130
1736.839 -195.727 -19.538 123 99 134
1735.872 -191.945 -18.655 143 117 146
1738.108 -202.835 -25.630 85 70 95
1706.020 -212.116 -18.040 73 62 89
1714.607 -184.445 -19.409 126 82 115
1772.428 -249.521 116.039 97 108 130
1772.533 -244.088 117.732 43 57 74
1776.483 -224.221 117.813 21 36 56
1775.537 -222.842 114.581 44 62 86
1761.026 -255.873 118.793 86 100 123
1772.691 -231.107 112.257 19 28 47
1774.322 -221.947 107.802 50 63 82
1771.555 -198.469 121.799 36 43 60
1769.795 -198.120 121.718 38 45 61
1756.491 -258.252 119.417 55 68 86
1757.050 -245.307 123.216 72 83 105
1751.450 -242.868 125.768 27 37 51
1759.763 -205.596 121.726 38 48 68
1757.234 -176.487 129.461 174 166 162
1740.884 -246.586 127.274 118 133 154
1773.265 -222.150 99.135 24 41 68
1772.776 -221.037 99.313 28 41 58
1774.069 -216.062 100.941 57 70 97
1752.200 -201.334 121.677 131 140 154
1747.472 -193.971 125.492 98 111 129
1746.908 -193.365 122.981 125 130 141
1747.062 -193.398 122.698 125 130 141
1747.335 -192.766 122.949 56 67 83
1746.981 -189.000 126.586 47 56 74
1744.626 -179.492 123.783 140 151 160
1724.701 -258.258 129.332 107 110 117
1770.896 -221.157 84.425 114 142 174
1770.284 -220.043 84.830 110 139 173
1744.489 -182.251 120.924 135 148 157
1730.716 -167.979 137.294 133 118 110
1730.052 -165.148 138.363 237 233 222
1717.472 -251.874 128.902 174 164 163
1769.374 -213.644 79.338 83 100 125
1743.697 -187.732 107.599 133 145 160
1743.477 -184.345 110.434 50 60 73
1765.600 -227.019 74.065 67 83 106
1743.941 -199.731 99.718 43 46 59
1743.086 -184.685 105.866 141 152 167
1742.990 -185.697 103.695 136 145 158
1742.565 -184.320 104.027 135 144 157
1742.774 -184.289 103.906 135 144 157
1741.339 -180.165 104.375 93 99 110
1741.259 -179.607 102.982 132 135 133
1766.733 -211.031 69.635 92 108 130
1741.998 -195.133 92.954 49 58 76
1742.773 -188.474 97.620 63 74 88
1742.278 -188.829 94.785 146 162 179
1741.937 -184.377 98.082 59 80 103
1740.505 -177.596 100.779 46 56 70
1740.546 -177.605 100.714 46 56 70
1740.576 -179.329 99.677 111 125 140
1740.523 -178.153 99.896 143 154 170
1767.273 -212.327 59.939 65 79 97
1741.453 -199.226 86.807 122 134 149
1741.861 -193.290 88.273 44 54 68
1741.696 -188.544 91.440 168 177 186
1741.162 -189.663 89.820 83 87 94
1741.128 -188.185 88.151 140 157 181
1740.758 -184.376 89.925 139 150 166
1740.441 -184.013 88.791 145 159 179
1740.113 -179.611 96.130 52 61 75
1739.917 -177.901 96.446 145 156 172
1762.363 -224.372 51.482 41 53 72
1760.788 -221.915 48.664 46 58 78
1760.598 -221.644 44.873 46 59 77
1764.723 -217.478 46.039 61 91 130
1714.349 -232.999 62.085 96 91 106
1761.147 -213.261 32.059 189 203 223
1757.793 -221.353 24.501 44 57 78
1734.757 -188.894 47.684 28 38 51
1732.283 -172.525 48.907 128 125 137
1756.758 -220.112 21.148 39 54 77
1759.204 -212.130 22.258 168 186 205
1756.000 -219.526 14.838 108 126 153
1756.000 -219.526 14.838 108 126 153
1759.268 -214.615 15.008 182 205 221
1738.046 -194.172 34.059 35 41 59
1731.684 -176.718 38.312 60 65 68
1729.309 -171.697 32.626 46 59 77
1728.797 -171.532 28.397 175 188 202
1728.591 -170.083 29.353 58 76 102
1755.555 -211.126 -4.958 158 160 167
1754.973 -209.963 -4.594 161 166 175
1754.859 -209.442 -4.092 46 54 72
1755.305 -211.050 -6.319 61 61 70
1755.305 -211.050 -6.319 61 61 70
1754.956 -209.982 -5.979 106 100 122
1754.956 -209.982 -5.979 106 100 122
1754.485 -208.948 -5.947 45 51 60
1753.620 -206.869 -5.704 71 74 79
1753.160 -205.830 -5.550 103 102 111
1753.160 -205.830 -5.550 103 102 111
1752.565 -203.881 -3.533 148 145 153
1748.617 -216.114 -6.562 96 99 108
1755.535 -211.986 -9.835 52 43 53
1754.549 -210.776 -7.510 133 135 147
1754.531 -210.777 -7.526 133 135 147
1753.055 -207.043 -7.348 115 117 130
1752.365 -204.927 -6.360 89 83 92
1725.870 -168.925 11.679 190 201 213
1741.884 -206.582 -8.692 106 100 115
1725.538 -169.034 8.868 49 60 77
1712.198 -221.002 4.430 168 183 206
1713.557 -218.726 0.728 164 169 185
1731.798 -190.104 -2.779 44 47 52
1727.121 -183.819 2.243 34 50 73
1726.499 -183.862 -0.447 130 141 167
1726.499 -183.862 -0.447 130 141 167
1726.488 -183.449 -1.143 49 62 90
1726.044 -175.147 3.741 86 81 98
1725.524 -173.585 2.939 167 145 154
1725.059 -168.715 5.920 47 69 92
1724.681 -168.271 5.280 143 136 152
1723.733 -167.911 4.932 106 94 114
1708.015 -223.884 2.299 27 37 50
1703.977 -226.164 1.643 106 89 113
1713.056 -218.139 -2.455 186 197 210
1713.996 -217.263 -2.447 178 192 207
1713.439 -217.538 -3.282 36 48 65
1726.046 -183.128 -3.792 64 78 95
1726.348 -182.668 -3.217 145 153 173
1713.089 -217.188 -5.023 44 49 63
1712.926 -217.195 -4.966 44 49 63
1739.199 -203.551 -22.041 180 181 187
1738.462 -202.975 -22.341 62 64 70
1728.413 -186.513 -18.534 133 81 97
1712.532 -187.015 -16.047 139 129 137
1714.091 -185.085 -16.120 119 105 121
1705.627 -211.923 -20.689 141 90 131
1705.784 -211.231 -21.110 100 51 95
1703.862 -200.533 -14.840 162 154 163
1714.324 -185.259 -17.602 143 105 135
1716.383 -182.487 -18.704 153 105 130
1716.436 -182.546 -18.761 153 105 130
1717.466 -180.611 -19.514 103 61 98
1779.820 -246.260 116.291 158 175 198
1771.190 -257.836 118.089 127 139 163
1776.404 -223.344 119.895 29 45 68
1764.218 -265.691 121.134 117 128 147
1764.860 -265.064 121.045 28 41 58
1773.584 -221.751 104.213 25 38 56
1754.189 -173.607 130.320 156 141 130
1754.304 -204.655 122.503 30 38 56
1745.282 -264.965 117.303 233 233 233
1771.370 -220.313 92.954 39 54 77
1771.136 -214.605 93.546 141 154 178
1747.821 -197.052 121.839 48 63 85
1746.073 -185.802 123.281 61 74 93
1728.162 -239.592 129.980 28 35 46
1768.254 -228.227 85.559 38 48 70
1771.204 -221.720 83.218 81 113 148
1745.468 -193.992 112.346 147 156 169
1746.502 -191.748 118.550 119 136 152
1769.761 -218.231 82.408 49 62 89
1770.814 -215.428 82.424 101 117 145
1770.389 -213.634 82.246 99 113 138
1745.019 -190.759 110.564 134 147 163
1744.744 -191.177 110.070 79 90 100
1744.769 -191.180 110.021 79 90 100
1744.711 -191.092 108.839 81 92 102
1744.711 -191.092 108.839 81 92 102
1744.187 -190.974 106.473 69 80 95
1742.231 -178.320 112.127 168 169 167
1766.235 -226.947 74.956 88 104 133
1769.026 -219.243 72.956 73 105 140
1769.275 -213.387 75.693 106 121 150
1769.027 -212.789 72.453 30 44 61
1744.986 -199.575 103.898 76 88 107
1743.831 -200.436 100.455 113 130 147
1744.386 -195.407 104.367 96 109 119
1744.504 -194.901 103.525 37 50 68
1744.029 -194.495 100.188 58 78 106
1743.669 -195.044 99.945 82 102 124
1744.183 -190.245 105.777 115 127 144
1744.183 -190.245 105.777 115 127 144
1744.111 -190.825 105.420 70 81 96
1743.755 -189.993 103.711 109 117 131
1741.770 -180.074 105.420 75 78 90
1713.964 -159.820 140.850 61 64 69
1765.974 -226.715 71.927 29 43 60
1768.721 -215.091 65.666 35 47 66
1743.751 -198.964 96.907 78 88 109
1743.869 -199.016 96.802 78 88 109
1743.301 -197.903 92.185 63 74 95
1742.950 -194.688 96.591 86 99 120
1743.073 -193.874 94.915 48 55 71
1742.371 -194.395 93.214 78 89 102
1742.029 -185.624 97.863 60 74 90
1742.008 -185.154 97.280 120 132 149
1741.193 -183.638 97.823 131 149 167
1741.187 -180.506 102.674 69 71 82
1763.228 -223.843 61.462 73 86 105
1767.183 -212.491 62.458 46 59 86
1742.602 -198.080 90.136 60 69 78
1742.224 -194.267 92.266 69 79 94
1741.313 -193.605 87.398 117 127 141
1717.448 -238.963 97.474 147 160 180
1717.949 -238.414 96.535 73 86 114
1765.587 -211.017 55.200 100 112 139
1765.096 -210.108 55.638 104 117 143
1739.029 -178.064 89.593 140 145 154
1718.350 -237.334 93.886 159 172 186
1716.080 -237.573 88.564 42 55 74
1717.042 -236.388 87.163 167 178 193
1760.734 -224.684 48.299 60 74 99
1761.315 -223.639 44.768 39 49 64
1761.506 -222.891 45.788 57 73 96
1764.438 -212.421 41.390 97 110 136
1760.650 -210.814 36.441 28 40 60
1756.317 -222.159 24.623 49 63 81
1756.973 -219.232 24.850 50 63 87
1711.896 -231.676 50.729 87 83 97
1759.708 -210.599 17.989 47 63 87
1760.261 -207.644 18.572 145 158 179
1759.321 -206.809 17.835 91 107 130
1738.465 -194.545 35.242 57 77 105
1710.142 -232.012 44.759 122 114 131
1755.866 -219.546 16.482 61 77 100
1759.143 -214.417 13.826 179 196 209
1759.143 -214.417 13.826 179 196 209
1758.972 -214.323 12.829 167 182 197
1758.972 -214.323 12.829 167 182 197
1755.241 -219.516 12.538 119 134 155
1757.900 -211.851 11.679 171 194 218
1708.367 -229.467 31.354 94 82 106
1729.199 -176.463 20.022 42 57 76
1728.148 -170.719 24.372 80 107 139
1727.919 -170.458 22.015 89 121 155
1727.689 -170.675 21.585 163 185 207
1747.413 -218.797 -3.022 87 110 140
1752.899 -204.145 -1.589 133 149 170
1752.882 -205.299 -4.902 164 162 171
1752.882 -205.299 -4.902 164 162 171
1752.604 -204.927 -5.226 84 80 86
1752.547 -203.403 -4.885 116 96 121
1734.880 -193.099 10.262 28 41 58
1734.583 -192.071 10.140 35 37 51
1730.413 -188.734 11.493 85 97 123
1709.998 -225.963 18.491 175 193 210
1706.474 -227.844 17.211 99 89 114
1747.988 -216.571 -6.829 97 98 107
1725.774 -168.226 11.752 182 197 211
1725.774 -168.226 11.752 182 197 211
1704.854 -228.097 11.946 190 204 218
1705.501 -227.002 10.334 105 90 116
1739.092 -200.188 -5.023 88 90 95
1703.761 -227.584 6.900 51 64 81
1714.314 -218.859 4.632 172 190 208
1732.193 -190.590 -2.925 43 48 65
1719.418 -173.598 3.668 100 87 110
1708.421 -222.974 -0.204 103 93 112
1710.514 -220.980 -0.260 124 116 133
1712.826 -218.675 -1.694 74 85 92
1709.986 -220.851 -1.799 55 59 63
1710.211 -220.127 -2.050 170 179 188
1734.636 -197.370 -10.863 155 162 176
1734.036 -196.687 -13.123 36 38 53
1734.196 -195.969 -11.009 18 24 42
1733.621 -194.711 -11.325 119 117 127
1733.867 -195.751 -12.807 45 47 56
1726.152 -182.572 -4.440 112 125 142
1719.094 -171.538 3.352 181 150 154
1739.747 -205.586 -22.705 94 71 106
1736.602 -196.499 -17.837 86 77 102
1737.225 -198.426 -20.275 126 101 138
1732.776 -193.084 -12.904 166 165 176
1738.940 -204.810 -24.990 161 147 171
1738.723 -203.624 -25.484 191 189 193
1738.165 -202.488 -24.990 162 159 164
1737.381 -201.182 -25.370 140 122 151
1706.414 -209.498 -20.502 162 99 138
1706.136 -208.728 -20.251 163 100 140
1706.654 -207.406 -20.583 162 106 137
1703.129 -201.244 -15.213 171 154 167
1697.691 -198.123 -14.079 160 103 106
1706.680 -191.077 -16.452 230 221 215
1716.763 -182.071 -19.538 153 111 144
1717.299 -181.166 -18.890 150 104 131
1717.299 -181.166 -18.890 150 104 131
1717.838 -180.174 -19.125 166 121 150
1741.033 -200.228 72.899 82 81 89
1726.266 -181.160 -2.909 174 191 209
1747.583 -210.033 -8.620 151 161 179
1769.457 -213.237 123.143 30 42 58
1757.058 -181.463 128.943 139 134 133
1766.717 -194.798 122.374 113 105 107
1778.015 -203.198 123.451 58 60 73
1739.910 -201.377 -2.812 49 51 56
1726.075 -169.202 138.039 248 244 233
1723.128 -170.524 137.594 104 85 76
1725.938 -174.408 135.982 193 178 166
1712.206 -185.336 139.246 166 155 151
1728.383 -163.101 139.084 189 172 162
1717.403 -177.249 -21.636 161 164 167
1712.992 -173.335 -17.327 134 112 108
1703.229 -204.046 -14.695 242 235 227
1717.703 -177.649 -21.960 217 221 225
1734.968 -184.635 55.476 106 125 148
1742.542 -197.876 46.177 119 133 157
1745.991 -201.300 48.380 95 125 162
1724.356 -167.169 11.525 212 209 204
1720.116 -197.502 -18.234 82 108 145
1718.171 -204.918 -20.259 247 247 241
1770.871 -195.584 121.782 36 45 57
1767.981 -211.374 84.530 132 154 185
1758.867 -208.664 87.309 119 140 168
1763.758 -212.039 39.057 113 105 122
1744.848 -200.960 43.261 125 126 134
1751.198 -200.976 -1.281 117 125 152
1731.306 -165.200 138.185 208 192 177
1761.916 -210.022 102.707 136 147 165
1748.998 -201.637 15.851 124 94 123
1720.412 -216.573 -20.340 111 70 92
1751.601 -201.723 121.142 25 28 40
1769.559 -212.591 102.885 70 84 105
1769.505 -212.611 102.869 70 84 105
1741.589 -200.253 74.381 79 81 90
1732.253 -174.684 46.752 68 66 83
1762.013 -210.978 38.628 29 37 52
1757.636 -204.897 30.479 144 153 167
1725.146 -166.767 32.504 209 226 229
1748.258 -201.227 14.287 119 98 114
1752.132 -207.661 -9.405 156 166 181
1720.361 -176.181 1.554 82 43 70
1743.003 -205.422 -5.639 97 97 102
1730.389 -188.289 -4.699 26 32 40
1740.331 -201.786 -18.672 174 171 181
1716.278 -175.773 -19.522 177 117 135
1767.037 -218.712 129.251 125 129 140
1755.639 -208.725 119.952 45 55 70
1712.265 -189.485 138.760 167 156 147
1760.052 -208.970 91.577 111 124 146
1761.409 -206.799 41.066 50 59 75
1750.368 -203.240 46.550 45 54 70
1751.177 -203.671 40.596 52 54 66
1733.321 -185.666 45.367 39 45 56
1739.584 -198.385 29.329 84 93 114
1732.911 -189.873 25.951 136 148 171
1748.291 -201.411 13.080 183 155 157
1751.291 -200.609 0.469 109 101 118
1747.063 -200.465 3.085 132 109 132
1735.240 -193.862 13.493 106 121 143
1738.752 -200.294 -5.736 90 89 90
1729.482 -186.821 -18.437 245 236 229
1717.216 -176.315 -15.553 172 115 111
1715.531 -175.139 -18.032 132 83 109
1772.280 -214.086 124.034 36 45 65
1721.508 -170.955 137.553 115 95 87
1769.005 -212.202 99.394 28 34 50
1771.847 -245.370 116.120 42 49 66
1730.003 -170.437 38.441 182 196 211
1729.966 -170.500 38.522 182 196 211
1760.135 -206.116 29.110 53 65 80
1728.913 -208.273 59.307 207 221 229
1725.674 -166.559 32.788 124 147 164
1752.026 -203.100 22.120 128 107 131
1734.860 -191.370 32.447 137 146 166
1759.755 -208.980 15.194 135 151 174
1726.892 -170.692 18.459 166 186 208
1722.562 -165.661 22.606 137 135 137
1728.313 -196.178 28.033 24 31 41
1731.677 -189.439 14.433 91 103 119
1754.724 -208.770 -1.362 97 96 105
1752.744 -205.291 -5.687 156 154 163
1733.033 -192.348 -3.355 35 44 56
1736.670 -195.909 -7.639 44 53 66
1730.300 -188.329 -5.558 183 188 199
1725.874 -181.065 -4.456 58 69 83
1722.305 -180.238 -3.290 122 120 129
1718.475 -177.549 -21.450 242 242 236
1709.664 -196.165 -18.072 169 112 111
1717.597 -208.218 -21.037 246 214 197
1775.738 -213.170 124.739 31 45 64
1731.681 -223.045 81.890 38 52 73
1745.030 -241.933 127.331 33 45 59
1746.249 -220.336 -3.986 156 182 201
1794.099 -195.410 120.114 90 101 114
1774.591 -191.211 119.717 119 97 106
1771.221 -221.763 85.292 10 24 43
1749.880 -201.905 105.372 131 142 164
1745.059 -193.694 105.615 19 29 42
1741.734 -197.241 86.466 44 50 68
1740.055 -178.707 96.146 127 136 151
1716.218 -234.336 74.227 85 83 94
1761.308 -196.930 51.053 124 142 162
1746.202 -220.005 -4.861 95 93 104
1753.201 -202.453 -2.917 93 108 129
1730.799 -225.365 89.293 73 85 105
1729.448 -226.209 86.078 100 115 138
1766.978 -214.465 58.546 115 131 155
1719.659 -230.194 66.403 73 87 109
1702.394 -215.937 87.455 46 59 77
1724.780 -223.031 58.862 149 159 170
1734.011 -184.236 47.157 79 78 96
1755.077 -217.714 12.902 85 110 137
1711.896 -221.222 3.798 48 64 88
1725.017 -180.222 -16.744 123 69 76
1718.022 -205.073 -20.535 253 249 242
1762.293 -207.441 127.250 49 60 75
1728.680 -250.915 128.862 122 127 107
1716.521 -160.569 140.834 58 57 62
1769.328 -228.563 96.583 46 59 80
1770.068 -222.181 81.760 79 118 158
1770.552 -222.308 81.185 79 118 158
1770.929 -258.961 117.813 135 147 163
1732.660 -229.829 105.509 51 64 83
1780.178 -201.625 123.427 35 45 58
1772.528 -219.384 95.125 37 48 63
1734.029 -223.966 95.044 63 76 94
1734.067 -222.883 93.287 111 126 150
1716.792 -227.632 47.522 111 113 121
1773.728 -249.249 116.501 42 50 68
1777.809 -221.921 119.539 103 120 149
1777.745 -220.731 118.915 21 29 45
1768.599 -233.346 111.601 63 75 98
1772.924 -231.140 111.447 41 53 71
1701.607 -243.277 130.547 99 107 117
1743.461 -187.388 106.757 73 80 89
1744.002 -185.634 110.118 29 35 51
1743.968 -185.610 110.151 29 35 51
1722.887 -233.856 92.007 54 64 78
1763.247 -206.713 55.233 33 41 60
1711.755 -227.154 28.446 148 169 190
1730.413 -177.003 30.236 24 34 52
1775.861 -212.276 124.374 104 120 149
1777.912 -209.802 123.556 27 37 50
1737.676 -230.670 127.096 44 55 69
1755.806 -200.305 122.949 123 119 123
1729.918 -237.998 129.664 79 90 114
1741.860 -231.150 103.039 51 61 84
1715.204 -227.554 43.877 50 56 65
1734.222 -212.339 -6.514 60 63 67
1758.471 -273.799 129.186 65 76 96
1765.567 -265.369 122.819 127 139 163
1772.148 -256.303 119.312 88 98 112
1771.284 -254.659 116.768 140 155 175
1783.795 -222.316 121.102 143 158 181
1789.941 -193.160 116.169 100 103 107
1727.235 -259.200 128.991 34 33 34
1748.265 -195.636 124.212 105 140 143
1749.631 -177.332 131.940 74 65 75
1770.332 -215.356 86.628 112 129 156
1745.573 -180.871 127.347 45 51 69
1728.504 -232.252 103.557 137 151 171
1731.381 -228.878 99.815 121 139 164
1727.738 -231.184 98.633 103 116 130
1742.095 -181.096 108.215 66 72 81
1718.380 -237.507 94.769 56 69 87
1726.762 -230.031 90.452 55 68 86
1728.714 -227.699 86.920 39 52 70
1743.238 -192.608 93.424 32 42 55
1740.302 -178.631 98.948 63 85 93
1718.620 -231.868 69.594 157 171 188
1734.009 -175.279 61.227 122 134 151
1747.033 -220.029 -1.816 62 83 113
1747.327 -219.389 -1.216 198 209 226
1746.591 -219.788 -3.816 96 110 137
1766.954 -262.174 117.797 97 113 136
1775.430 -244.092 117.222 49 58 73
1785.262 -209.882 122.989 66 78 102
1762.417 -254.879 118.899 88 105 130
1776.814 -199.622 123.645 162 138 142
1783.392 -194.943 118.559 91 95 104
1724.775 -255.684 130.020 114 115 121
1757.699 -181.216 129.097 99 98 99
1771.584 -216.206 86.515 27 37 58
1746.338 -188.492 123.872 48 61 79
1746.332 -188.506 123.864 48 61 79
1728.866 -231.340 102.658 67 80 97
1743.920 -195.377 102.164 74 89 110
1741.498 -189.706 91.294 96 105 111
1712.215 -236.198 69.173 55 70 93
1717.506 -232.002 66.467 100 101 118
1725.499 -223.528 61.802 131 143 159
1728.994 -220.837 64.767 34 49 69
1729.092 -219.959 64.661 28 41 58
1712.442 -235.510 66.597 167 189 209
1724.806 -223.034 58.862 143 154 165
1757.925 -219.922 32.051 90 96 106
1760.937 -218.115 31.467 61 87 117
1709.570 -233.496 49.660 188 202 211
1716.719 -228.193 49.360 39 45 62
1757.390 -217.121 15.429 85 121 155
1704.086 -231.914 45.958 39 45 54
1759.303 -208.442 11.396 41 56 79
1757.656 -214.810 7.621 37 54 78
1757.607 -209.823 8.463 115 134 152
1758.053 -206.112 12.011 37 50 68
1711.453 -224.687 18.929 32 41 61
1753.028 -203.041 -1.492 154 173 198
1706.977 -226.454 12.465 99 87 116
1716.315 -217.391 7.767 149 167 186
1708.300 -167.663 14.004 228 231 227
1703.699 -201.197 139.700 102 136 148
1702.143 -193.579 -14.703 98 59 80
1696.962 -219.556 -1.030 236 223 208
1713.140 -200.505 137.261 247 237 225
1726.407 -199.284 132.977 241 226 203
1705.888 -246.903 130.182 45 54 67
1727.632 -192.151 131.907 247 244 232
1711.512 -176.799 5.207 247 235 224
1707.010 -212.521 137.423 254 247 233
1716.545 -205.861 136.468 249 242 227
1710.572 -222.522 132.361 64 71 76
1717.299 -170.491 49.449 227 200 188
1715.577 -193.956 47.133 84 82 84
1707.059 -186.183 140.339 248 240 227
1717.221 -186.558 138.817 246 243 232
1717.221 -186.558 138.817 246 243 232
1713.102 -190.035 139.003 248 241 229
1730.264 -165.508 138.428 246 238 224
1714.814 -207.280 136.249 254 249 243
1705.876 -239.583 131.381 203 197 196
1722.197 -202.587 109.041 250 245 232
1713.587 -176.339 4.640 245 239 229
1708.452 -186.936 139.821 157 145 142
1710.317 -188.804 139.538 251 245 238
1700.449 -214.592 138.233 246 243 232
1701.688 -215.214 137.918 245 235 223
1716.222 -195.175 137.909 163 139 122
1716.222 -195.175 137.909 163 139 122
1714.115 -205.923 136.662 198 182 173
1712.709 -209.836 136.533 207 195 186
1720.129 -206.951 134.329 121 107 81
1720.294 -211.440 108.336 240 230 222
1720.899 -212.312 106.660 150 117 115
1717.741 -212.893 108.668 164 149 143
1717.221 -215.436 107.842 229 210 204
1715.280 -174.052 64.945 161 171 172
1715.307 -174.090 64.969 161 171 172
1690.302 -217.965 17.406 179 139 119
1709.164 -167.374 5.807 246 228 216
1696.634 -209.019 8.731 223 180 175
1690.931 -218.822 11.371 254 251 247
1696.719 -207.594 3.717 177 118 117
1696.838 -208.223 -14.848 232 198 186
1710.448 -183.391 -16.744 164 112 116
1718.040 -209.355 -17.829 230 182 168
1712.181 -179.677 140.088 155 140 139
1697.863 -212.572 139.003 252 247 235
1699.579 -218.736 137.545 133 122 119
1701.396 -219.314 137.059 239 232 225
1698.949 -218.757 138.120 237 229 225
1720.520 -190.580 137.529 248 246 238
1717.755 -192.151 137.715 152 137 133
1712.311 -209.118 136.946 253 246 232
1708.444 -212.725 137.197 245 235 223
1712.085 -212.094 136.289 157 140 135
1712.085 -212.094 136.289 157 140 135
1738.311 -174.340 135.690 242 232 220
1715.627 -208.183 136.152 179 162 152
1716.877 -212.047 135.625 247 247 240
1718.408 -213.367 135.390 111 97 105
1708.854 -228.672 135.309 244 237 229
1717.319 -210.834 109.195 240 233 219
1720.481 -208.252 108.239 242 236 224
1720.800 -210.903 108.158 187 175 166
1720.447 -212.333 108.037 153 133 133
1718.706 -213.614 108.263 249 248 236
1716.052 -173.332 64.515 238 239 231
1714.253 -174.765 61.818 120 124 127
1714.253 -174.765 61.818 120 124 127
1715.328 -189.856 48.510 228 174 159
1712.421 -204.051 51.896 246 239 224
1705.683 -216.417 47.635 245 234 223
1705.322 -216.770 47.684 156 121 109
1693.576 -214.077 22.201 193 213 217
1689.644 -216.476 15.632 167 179 180
1689.391 -218.198 15.365 162 178 181
1689.427 -218.197 15.365 162 178 181
1697.677 -206.797 6.422 164 201 211
1690.593 -216.215 4.365 145 123 124
1708.867 -182.421 -0.463 242 199 184
1700.967 -202.215 -1.459 232 214 209
1691.889 -222.307 -0.690 142 99 106
1702.382 -198.340 -15.529 217 205 212
1727.674 -201.577 -26.488 240 237 233
1723.378 -186.630 134.507 47 52 59
1715.025 -212.242 135.658 246 239 232
1722.855 -171.076 137.132 130 122 117
1715.635 -175.504 -20.818 228 228 230
1693.622 -210.985 3.838 118 74 72
1799.742 -217.287 115.813 150 158 172
1713.165 -175.655 0.890 125 97 91
1705.006 -241.456 131.551 157 146 150
1720.998 -206.593 133.697 130 127 114
1698.283 -234.331 132.831 71 73 74
1718.468 -214.129 105.096 182 218 221
1708.598 -187.506 139.610 198 190 185
1698.961 -198.617 140.178 163 189 194
1720.271 -216.431 133.892 160 140 132
1721.384 -204.690 108.361 239 233 224
1716.557 -169.531 2.380 182 151 157
1719.935 -199.363 134.200 142 139 127
1784.866 -196.114 119.992 90 92 101
1717.529 -214.146 108.134 163 154 149
1790.211 -229.234 118.996 128 143 168
1705.326 -220.106 84.806 238 192 183
1721.008 -201.872 109.260 143 127 127
1719.068 -172.015 64.685 239 235 224
1715.382 -172.687 50.915 247 239 223
1699.752 -216.356 51.207 236 190 179
1719.977 -170.610 -0.106 142 132 142
1700.913 -190.965 -13.998 193 129 125
1716.767 -212.751 108.911 246 239 231
1706.370 -222.859 100.722 241 251 247
1801.659 -215.551 116.355 211 208 208
1711.073 -215.980 88.054 103 115 121
1766.054 -211.102 90.362 98 97 106
1712.156 -163.564 7.751 240 228 218
1698.469 -219.297 48.720 243 230 213
1708.597 -183.046 -0.819 225 174 162
1729.254 -171.203 138.306 244 231 216
1729.902 -177.831 137.756 252 242 231
1730.214 -177.748 130.700 175 179 174
1719.287 -207.011 134.613 253 243 232
1712.186 -212.086 136.208 185 179 170
1715.068 -215.870 134.102 246 242 230
1711.356 -218.491 134.248 246 243 232
1705.393 -222.645 134.564 82 73 75
1717.617 -220.959 130.676 246 239 224
1717.018 -220.054 124.990 195 218 220
1713.139 -219.346 107.818 221 205 195
1707.355 -224.530 111.601 156 158 156
1763.950 -210.830 101.759 134 142 155
1716.638 -171.358 48.963 117 124 132
1703.837 -220.285 83.477 238 235 231
1709.397 -207.617 49.911 160 200 208
1692.466 -215.356 23.141 244 243 247
1704.262 -204.036 15.356 247 247 247
1703.603 -203.583 11.946 249 248 242
1698.367 -208.035 11.355 66 65 73
1707.902 -178.454 -17.116 232 184 171
1705.660 -182.474 -14.128 233 198 185
1698.194 -196.156 -13.868 242 220 208
1696.225 -214.360 -0.325 253 243 232
1729.458 -170.168 137.982 178 159 150
1726.243 -172.629 138.898 234 225 213
1715.513 -172.054 133.122 107 111 109
1715.513 -172.054 133.122 107 111 109
1746.775 -170.146 132.482 162 147 141
1749.632 -171.853 130.871 56 52 57
1746.620 -175.831 133.422 147 130 116
1757.023 -176.003 130.093 203 191 189
1758.148 -179.891 129.656 157 135 133
1735.327 -174.749 109.389 114 107 103
1726.966 -175.584 105.445 247 250 254
1726.511 -174.335 98.868 246 250 246
1721.263 -207.491 131.932 182 175 152
1704.196 -215.693 137.480 179 170 166
1759.994 -191.716 123.184 74 73 81
1727.188 -170.505 85.106 239 246 246
1711.071 -225.466 128.716 166 167 166
1716.042 -216.490 107.875 192 172 161
1714.684 -218.545 111.188 160 165 165
1773.275 -214.520 110.993 150 158 179
1728.126 -169.991 62.758 229 227 223
1713.468 -217.152 100.317 246 246 239
1712.850 -216.549 96.721 245 242 237
1711.960 -216.596 94.437 133 169 179
1716.077 -211.593 86.175 239 247 247
1715.074 -212.370 86.223 240 247 247
1715.451 -211.864 85.300 88 108 114
1710.577 -215.023 82.838 248 250 245
1709.713 -215.569 82.910 248 251 247
1724.441 -167.455 10.950 176 186 189
1754.715 -205.344 39.494 58 60 73
1699.603 -209.223 22.395 248 251 246
1694.260 -213.495 23.902 237 225 220
1725.428 -179.776 1.846 109 65 89
1693.076 -213.765 20.241 189 224 229
1692.266 -213.015 11.501 89 81 89
1711.039 -173.839 -17.027 242 216 203
1710.321 -176.188 -14.298 196 174 168
1709.583 -177.287 -14.249 228 194 176
1694.659 -209.753 5.483 224 182 170
1691.172 -211.650 6.131 245 221 211
1715.026 -175.278 -18.826 170 115 137
1708.281 -177.843 -16.946 249 220 208
1696.453 -213.788 0.039 229 183 170
1727.691 -186.103 -18.040 104 48 55
1699.180 -193.146 -13.706 222 170 157
1708.303 -206.429 -14.622 245 240 238
1703.591 -205.245 -19.198 245 234 223
1735.122 -198.270 -23.362 227 183 168
1731.084 -199.194 -26.043 223 180 167
1716.877 -213.519 -19.320 246 217 204
1740.739 -169.046 136.476 146 132 125
1743.861 -168.884 135.285 141 123 115
1742.212 -170.677 134.256 161 143 133
1719.334 -178.029 133.552 89 99 111
1703.326 -192.058 140.437 245 238 231
1755.710 -175.428 130.247 145 133 139
1755.710 -175.428 130.247 145 133 139
1761.167 -179.781 129.129 208 175 166
1727.917 -175.839 108.417 102 116 130
1767.662 -180.687 122.609 191 162 156
1763.216 -186.191 128.222 199 165 144
1725.009 -209.913 134.070 224 210 194
1699.123 -217.947 137.950 236 233 222
1710.554 -226.645 132.701 121 121 115
1687.191 -237.736 138.177 93 110 106
1716.888 -171.673 64.815 146 169 165
1716.888 -171.673 64.815 146 169 165
1721.536 -212.037 106.611 248 238 226
1719.924 -211.595 99.864 193 166 158
1782.445 -221.387 123.734 41 54 77
1713.648 -172.678 54.569 81 91 95
1719.833 -211.660 98.543 171 144 137
1713.005 -168.446 38.126 146 163 165
1713.045 -168.535 38.207 146 163 165
1713.149 -210.422 73.352 91 103 112
1711.141 -167.456 27.855 63 74 81
1710.534 -207.095 49.385 164 149 144
1710.534 -207.095 49.385 164 149 144
1723.882 -167.694 10.901 212 216 209
1701.304 -216.454 47.862 248 233 221
1697.746 -216.660 48.299 243 210 197
1754.333 -204.828 40.078 130 128 138
1724.128 -167.502 8.633 247 247 247
1723.285 -167.561 6.689 226 231 232
1707.601 -170.189 8.990 243 236 232
1694.771 -214.538 29.491 254 251 247
1746.452 -201.381 26.705 146 146 156
1693.865 -214.046 22.970 253 247 247
1702.938 -202.489 7.005 235 235 231
1702.748 -202.777 6.422 224 236 237
1698.682 -207.129 10.027 241 241 241
1697.906 -206.482 5.936 243 243 243
1709.623 -175.745 -17.019 249 222 206
1694.201 -210.542 3.854 171 102 102
1721.970 -178.600 -15.942 242 226 218
1720.091 -178.322 -15.496 252 236 224
1708.779 -177.062 -17.003 249 223 207
1696.159 -214.588 3.741 215 181 170
1748.788 -200.435 -1.824 154 141 148
1748.239 -200.315 -3.606 110 98 111
1710.743 -195.094 -16.776 200 192 184
1716.965 -196.534 -19.052 217 186 175
1698.919 -204.823 -19.052 239 206 190
1698.919 -204.823 -19.052 239 206 190
1698.528 -204.826 -18.809 226 181 173
1697.742 -208.324 -15.731 230 203 192
1751.715 -211.385 -9.373 75 77 89
1700.876 -192.900 -14.379 172 109 103
1753.524 -252.250 120.235 111 124 146
1706.421 -181.741 -13.706 245 229 217
1720.926 -206.774 -18.226 137 139 152
1711.329 -173.924 -21.045 242 239 236
1702.612 -189.142 140.655 244 241 230
1699.062 -194.725 140.582 229 219 207
1710.562 -164.654 2.558 236 223 215
1734.247 -199.378 -28.068 241 240 239
1703.726 -239.831 131.608 127 127 132
1697.762 -198.979 140.477 239 231 216
1771.048 -188.534 121.288 135 110 115
1698.130 -218.764 138.209 129 119 120
1707.175 -235.887 134.410 230 223 216
1707.178 -235.862 134.386 229 222 215
1741.487 -176.029 134.548 245 235 223
1713.045 -172.817 -18.242 164 109 115
1737.136 -178.135 134.394 138 152 162
1777.867 -213.825 124.512 101 115 142
1721.721 -208.573 -18.761 84 85 93
1759.720 -183.030 129.113 52 57 66
1711.408 -173.826 -19.668 200 193 193
1717.853 -179.524 135.787 63 70 80
1773.159 -213.963 124.553 36 47 64
1719.639 -208.870 107.980 246 239 224
1717.559 -214.159 108.182 163 154 149
1730.710 -177.153 137.310 246 243 232
1760.137 -177.434 130.352 55 54 57
1751.858 -201.625 8.293 211 199 198
1715.243 -174.115 -12.597 238 188 176
1731.717 -186.362 -18.753 155 106 113
1705.999 -205.590 -19.271 221 199 194
1755.345 -182.004 126.083 75 74 78
1750.178 -184.429 130.854 69 81 97
1710.902 -195.812 139.149 253 250 240
1716.568 -205.969 136.395 246 239 232
1701.508 -220.995 137.294 246 239 228
1718.189 -209.616 108.952 161 143 141
1754.881 -205.728 64.564 43 53 74
1720.022 -164.894 12.206 225 232 231
1705.200 -212.026 53.872 83 90 100
1705.239 -212.176 54.058 83 90 100
1755.133 -203.987 31.548 74 74 83
1750.422 -202.421 18.321 183 155 157
1708.228 -181.286 5.183 253 243 232
1750.727 -201.059 1.619 170 164 165
1710.231 -175.493 -13.844 249 243 235
1729.254 -171.203 138.306 244 231 216
1754.648 -174.449 130.433 68 63 62
1734.731 -175.610 134.880 173 209 219
1724.985 -175.394 135.779 50 54 60
1758.048 -181.549 129.170 59 58 59
1722.628 -188.415 132.790 68 74 75
1717.781 -196.135 136.986 229 219 200
1781.165 -202.295 124.358 43 53 65
1761.693 -209.984 104.570 79 93 116
1761.693 -209.984 104.570 79 93 116
1697.102 -230.711 134.661 229 219 208
1694.915 -231.262 134.289 196 189 174
1770.705 -213.163 102.666 81 98 123
1770.705 -213.163 102.666 81 98 123
1767.560 -212.002 96.802 115 117 122
1728.117 -168.977 59.526 229 226 214
1713.058 -166.874 23.732 239 239 232
1706.227 -174.987 5.661 247 217 205
1751.054 -202.694 20.508 183 158 162
1742.250 -198.810 4.065 158 150 156
1714.348 -173.256 -12.864 199 126 123
1749.685 -200.293 -4.100 141 138 145
1749.067 -200.506 -3.314 114 103 117
1706.800 -180.969 -13.860 125 43 51
1735.348 -194.894 -20.591 143 101 106
1733.252 -197.969 -20.211 138 81 88
1732.650 -199.004 -21.555 102 50 59
1730.632 -200.349 -22.422 237 220 207
1699.610 -204.607 -18.493 229 177 167
1733.822 -170.382 137.594 159 141 124
1727.586 -171.702 138.420 237 227 208
1754.150 -173.695 131.057 166 155 153
1748.149 -170.625 132.215 138 120 118
1747.637 -171.337 132.264 210 197 189
1745.976 -171.183 132.580 196 178 170
1744.197 -171.135 133.147 221 205 197
1728.970 -173.134 135.447 243 238 227
1733.465 -175.188 136.848 245 241 230
1730.996 -176.509 137.099 245 241 231
1727.278 -172.593 138.590 158 139 133
1726.243 -172.629 138.898 234 225 213
1725.691 -173.988 135.642 227 220 213
1715.400 -172.944 132.491 68 70 70
1756.488 -176.590 129.810 88 81 82
1759.530 -178.060 129.623 201 185 173
1754.181 -177.806 130.247 52 51 52
1750.674 -181.502 131.178 138 128 127
1744.421 -177.902 134.378 138 130 131
1721.420 -178.701 133.892 35 41 50
1720.538 -178.352 133.349 93 106 124
1719.640 -179.593 133.365 101 111 101
1751.939 -182.464 131.243 114 109 107
1753.027 -183.924 125.508 41 50 60
1771.919 -184.985 120.924 167 135 126
1727.852 -176.262 115.861 178 179 172
1763.839 -191.602 122.957 116 96 95
1758.880 -190.653 123.597 78 76 88
1718.255 -199.112 134.904 243 233 229
1792.338 -200.700 120.179 81 96 109
1755.962 -201.288 122.657 38 46 60
1706.793 -213.586 137.010 205 176 160
1706.793 -213.586 137.010 205 176 160
1764.591 -211.461 121.750 36 48 64
1719.024 -203.897 109.341 231 218 203
1795.818 -221.560 114.517 159 173 196
1770.564 -212.782 98.171 144 155 173
1764.090 -211.371 101.022 91 92 98
1766.522 -210.210 78.326 32 41 56
1763.387 -208.389 59.696 44 56 81
1762.211 -207.865 53.127 74 95 124
1718.722 -165.006 13.161 222 223 222
1753.737 -203.995 31.710 83 81 90
1723.335 -167.530 7.499 233 243 247
1722.829 -167.491 3.603 82 62 79
1722.829 -167.491 3.603 82 62 79
1714.569 -169.772 3.563 124 119 125
1713.961 -169.865 3.433 246 237 227
1700.521 -209.730 29.070 247 249 247
1717.298 -174.259 -13.407 228 192 186
1719.181 -177.775 -15.310 136 111 126
1750.552 -200.476 -3.055 112 96 121
1720.859 -178.628 -15.780 235 218 211
1711.845 -172.487 -19.546 95 75 90
1697.667 -206.899 7.759 164 202 211
1748.607 -205.063 -8.401 137 150 169
1745.205 -205.933 -4.027 46 48 53
1713.653 -195.866 -16.946 245 242 231
1729.677 -200.066 -25.549 215 176 159
1717.358 -213.635 -15.424 241 195 176
1715.218 -213.462 -15.634 84 43 57
1705.258 -205.402 -15.780 222 183 175
1703.656 -205.318 -19.150 245 234 222
1737.380 -169.678 137.197 165 147 136
1734.414 -169.909 137.602 235 225 213
1730.527 -169.597 137.666 177 156 145
1730.492 -171.311 137.934 158 144 134
1726.774 -170.001 137.820 245 238 231
1726.263 -171.467 138.193 146 132 125
1723.618 -171.256 138.250 243 233 221
1750.140 -171.609 131.762 172 155 153
1745.970 -169.903 132.539 195 179 167
1745.897 -169.808 132.345 195 179 167
1746.559 -171.327 132.410 190 176 170
1743.783 -170.552 133.390 160 139 132
1742.095 -170.580 133.973 161 143 133
1745.372 -176.065 134.127 165 143 133
1744.268 -175.875 134.548 126 96 91
1731.798 -176.760 136.970 69 61 66
1731.798 -176.760 136.970 69 61 66
1724.130 -174.685 135.812 172 168 167
1718.027 -170.629 132.102 129 127 113
1715.449 -171.361 135.018 96 94 89
1757.867 -176.956 129.826 198 186 184
1759.659 -180.360 129.291 138 121 119
1758.522 -178.533 129.607 143 126 124
1757.582 -177.636 129.866 99 93 97
1757.727 -178.525 129.599 177 160 152
1758.850 -179.308 129.469 182 167 161
1756.229 -175.038 130.385 82 75 69
1754.485 -176.088 130.433 65 66 70
1726.344 -178.614 137.820 138 127 124
1761.940 -181.908 128.473 192 158 137
1753.411 -182.127 125.857 45 50 56
1753.866 -182.976 126.043 133 138 140
1754.466 -183.261 125.784 42 48 56
1719.703 -182.219 132.231 163 153 136
1700.070 -192.222 140.753 223 217 204
1771.415 -182.890 121.305 63 55 65
1768.324 -182.923 121.961 189 159 152
1768.324 -182.923 121.961 189 159 152
1760.765 -189.426 123.694 111 96 93
1754.824 -184.529 124.933 101 115 129
1716.573 -202.832 136.427 190 173 162
1715.387 -204.281 136.306 210 203 191
1794.975 -198.859 119.118 92 93 98
1800.632 -216.424 115.829 144 150 160
1789.677 -219.402 118.332 154 171 196
1727.755 -169.950 67.383 96 88 102
1718.510 -205.689 109.414 224 214 203
1790.739 -227.829 118.559 113 126 150
1720.892 -212.168 106.733 165 143 129
1686.692 -238.321 138.404 52 71 68
1715.865 -171.901 50.851 177 154 143
1727.603 -168.180 35.866 73 77 88
1722.789 -165.310 26.308 219 229 229
1723.967 -165.692 15.567 76 82 98
1753.222 -205.113 40.175 57 59 67
1723.267 -167.642 9.468 171 182 181
1723.357 -167.620 10.974 192 194 191
1724.151 -168.665 3.320 226 211 212
1723.318 -168.365 3.498 220 205 206
1706.549 -170.440 9.217 232 243 239
1716.129 -175.370 0.574 246 236 224
1741.753 -198.730 4.689 121 110 122
1724.651 -184.129 -5.282 129 121 132
1742.912 -198.617 2.648 109 119 139
1710.344 -175.020 -13.431 220 178 168
1709.795 -175.378 -13.269 217 181 169
1752.498 -201.262 -2.998 99 113 127
1745.862 -199.718 -3.589 115 115 126
1745.351 -199.951 -3.687 75 74 82
1745.351 -199.951 -3.687 75 74 82
1724.994 -180.212 -16.768 123 70 76
1711.440 -177.059 -24.001 245 242 238
1691.855 -214.197 4.470 224 191 179
1749.641 -212.758 -9.203 75 75 82
1717.892 -196.423 -16.023 236 227 216
1707.053 -193.504 -15.626 218 197 185
1735.865 -197.279 -20.834 147 97 100
1702.539 -198.446 -15.359 219 207 214
1731.866 -199.329 -24.479 223 180 167
1732.303 -198.885 -26.358 246 243 232
1699.021 -205.072 -18.275 241 214 204
1751.364 -236.490 126.043 97 111 132
1708.252 -185.774 9.492 148 150 156
1700.457 -196.073 -14.605 195 149 145
1728.213 -167.468 138.063 245 237 225
1760.496 -247.205 123.734 75 87 109
1771.906 -237.629 123.127 37 46 61
1725.540 -195.377 -17.619 179 219 231
1725.282 -164.709 137.780 243 232 214
1789.685 -236.172 116.744 145 165 195
1716.343 -183.551 63.227 244 204 189
1711.239 -187.290 23.870 221 230 228
1711.912 -192.848 -16.882 245 234 219
1793.103 -241.339 118.162 29 36 51
1717.986 -190.356 67.277 240 207 191
1718.018 -190.344 67.310 240 207 191
1697.679 -220.931 0.201 153 139 155
1718.850 -248.897 130.077 88 94 79
1707.347 -234.864 108.126 177 221 229
1721.432 -204.384 133.284 74 78 83
1728.005 -203.462 -24.649 232 175 149
1715.019 -213.649 135.642 249 243 229
1721.594 -187.849 134.977 241 241 234
1690.197 -221.705 4.219 240 219 208
1705.692 -174.119 7.832 219 155 143
1709.129 -184.560 -17.068 247 246 239
1715.544 -247.700 130.522 50 55 61
1715.544 -247.700 130.522 50 55 61
1720.566 -205.133 135.366 251 241 229
1712.800 -172.531 139.570 87 80 82
1718.720 -184.388 136.306 67 69 75
1741.847 -245.180 127.145 28 40 56
1724.155 -188.989 109.689 233 198 183
1694.744 -223.880 33.662 160 172 177
1690.074 -223.415 4.737 243 225 214
1697.859 -206.966 4.470 188 129 122
1703.733 -195.466 -0.301 204 169 158
1714.859 -242.208 125.022 238 234 222
1725.005 -211.117 134.297 189 157 141
1741.164 -255.037 123.605 35 44 56
1722.911 -187.300 134.135 52 56 63
1723.246 -184.239 115.335 247 247 232
1721.370 -183.156 101.970 235 226 214
1695.472 -225.233 38.207 246 250 246
1692.168 -222.955 18.337 248 250 246
1690.286 -221.106 13.250 238 238 231
1706.128 -173.577 13.907 245 241 237
1707.394 -181.287 9.670 247 247 246
1706.993 -186.969 2.000 247 247 247
1696.901 -210.831 -15.699 247 247 240
1715.466 -214.300 -19.133 110 58 83
1709.520 -182.109 -13.893 242 215 202
1713.287 -240.143 116.266 92 99 114
1706.805 -233.116 106.279 244 246 242
1743.776 -253.912 122.714 65 71 80
1722.569 -183.628 111.965 247 247 232
1724.746 -198.713 108.587 75 73 79
1762.633 -249.416 123.678 75 81 97
1719.754 -193.715 77.087 240 247 247
1712.988 -201.404 52.098 243 236 222
1689.328 -219.137 12.214 168 179 178
1709.788 -182.105 26.656 247 251 247
1709.625 -182.989 23.343 238 243 240
1701.053 -206.722 2.858 222 172 159
1706.602 -172.573 13.275 67 66 75
1706.947 -180.778 8.593 57 63 72
1706.894 -180.798 8.536 57 63 72
1706.945 -181.539 5.329 223 172 160
1707.866 -187.677 0.712 239 205 193
1707.866 -187.677 0.712 239 205 193
1741.447 -218.854 -2.569 148 141 149
1725.123 -185.181 -17.716 231 222 216
1728.205 -203.631 -23.451 223 180 167
1700.312 -214.700 138.071 246 243 232
1739.752 -256.377 125.638 228 225 207
1717.373 -174.647 133.495 78 76 74
1746.343 -237.393 126.926 116 131 151
1724.698 -190.915 113.067 211 220 215
1722.508 -182.191 110.564 152 159 155
1722.442 -183.536 110.321 169 146 133
1772.535 -235.958 121.021 45 57 73
1776.609 -237.879 121.005 40 50 62
1720.019 -194.116 80.003 246 249 245
1720.378 -195.340 79.962 248 251 246
1762.589 -231.592 101.784 54 66 86
1695.624 -224.751 38.450 243 247 244
1715.897 -187.103 60.425 246 250 246
1716.048 -189.174 52.981 247 217 204
1715.211 -189.360 49.425 220 160 147
1692.324 -222.465 17.495 120 148 161
1692.324 -222.465 17.495 120 148 161
1691.050 -221.801 11.549 237 241 240
1711.506 -176.991 40.928 203 159 152
1690.853 -214.656 10.926 218 234 231
1689.653 -213.846 6.576 188 173 169
1690.749 -220.346 8.407 217 188 177
1690.189 -219.990 5.183 229 196 188
1701.836 -228.483 5.677 178 193 206
1701.434 -228.091 4.907 81 98 123
1710.008 -183.542 23.724 152 151 154
1749.744 -222.663 38.490 115 113 122
1706.287 -173.320 12.335 227 220 214
1708.239 -182.576 13.453 133 111 112
1709.766 -189.942 11.833 245 244 237
1709.766 -189.942 11.833 245 244 237
1708.046 -187.651 7.402 248 251 247
1707.648 -187.766 3.741 109 103 116
1697.042 -207.427 -18.769 225 189 176
1696.444 -212.951 -19.563 213 182 169
1699.799 -215.314 -16.217 136 114 138
1703.525 -193.184 -16.849 245 231 222
1718.296 -208.520 -16.023 254 247 240
1714.907 -217.367 -19.312 105 54 70
1716.007 -217.485 -19.611 143 91 108
1718.443 -207.592 -16.339 223 181 168
1730.444 -208.777 -20.891 220 171 152
1708.731 -246.732 130.482 173 160 155
1717.337 -219.894 132.701 215 222 229
1718.099 -219.835 132.734 85 82 88
1720.898 -209.528 133.689 84 81 64
1714.311 -164.337 141.773 223 191 169
1714.752 -171.573 139.222 114 103 100
1741.706 -241.473 127.704 90 102 118
1742.856 -255.639 121.410 53 65 80
1716.493 -171.267 134.062 78 80 77
1730.346 -174.704 135.779 65 68 79
1698.890 -226.834 69.416 203 233 229
1721.877 -189.305 94.736 232 239 238
1721.856 -189.313 94.688 232 239 238
1695.703 -224.174 52.414 152 162 165
1695.703 -224.174 52.414 152 162 165
1721.251 -196.527 83.777 146 134 138
1721.251 -196.527 83.777 146 134 138
1695.216 -224.055 48.170 166 113 105
1695.216 -224.055 48.170 166 113 105
1694.524 -223.578 38.676 141 147 151
1763.204 -231.804 97.021 151 168 186
1718.071 -188.532 69.845 116 95 101
1692.236 -222.303 32.180 152 172 173
1717.004 -187.764 63.187 165 161 161
1713.507 -201.174 55.063 202 163 151
1698.013 -229.423 24.339 112 117 128
1698.173 -229.840 22.825 215 228 236
1715.303 -184.693 57.728 189 181 177
1715.626 -187.195 56.189 145 138 138
1715.220 -192.228 49.871 240 247 240
1716.097 -193.186 53.111 147 123 123
1716.222 -188.844 48.275 237 217 203
1715.609 -191.036 46.088 250 241 234
1715.743 -191.751 46.031 246 238 231
1696.573 -227.478 13.291 92 106 125
1695.932 -228.301 10.432 214 221 221
1714.271 -192.568 38.093 154 164 163
1710.662 -183.008 30.058 246 246 245
1712.151 -190.498 29.564 142 140 142
1691.961 -216.807 0.201 252 247 236
1700.062 -226.532 3.822 177 178 185
1710.318 -188.999 20.557 245 245 245
1700.845 -227.403 1.554 122 115 124
1709.343 -183.263 17.341 243 235 230
1710.036 -190.807 15.624 239 238 238
1702.846 -217.193 -1.038 134 120 137
1702.852 -217.338 -2.804 164 112 139
1707.834 -182.033 10.140 108 76 82
1707.071 -181.755 6.641 144 115 116
1707.346 -187.330 1.206 162 149 146
1703.161 -204.636 -3.598 122 111 108
1702.793 -204.508 -5.380 70 56 64
1695.330 -209.857 -15.010 207 166 160
1700.960 -216.132 -13.747 179 124 132
1730.782 -215.666 6.131 78 93 116
1747.487 -221.738 15.235 52 61 74
1697.224 -206.400 -18.356 251 232 216
1696.476 -211.804 -19.287 218 184 171
1696.490 -207.970 -20.940 233 204 191
1710.099 -216.556 -18.412 74 73 81
1706.197 -180.949 -18.485 162 102 103
1718.703 -208.781 -16.501 212 173 162
1708.046 -176.816 -20.065 246 243 239
1727.123 -214.046 -20.859 115 67 80
1711.353 -179.326 -20.867 180 174 181
1730.300 -209.121 -24.641 234 217 204
1728.414 -182.151 -17.505 103 43 55
1727.652 -202.879 -25.994 245 241 237
1724.887 -214.567 -20.940 108 76 96
1772.222 -242.894 118.721 55 69 89
1714.055 -242.222 131.502 245 235 224
1780.406 -237.397 121.013 59 71 90
1691.831 -216.820 -0.025 252 248 236
1705.458 -218.933 -1.492 156 158 164
1791.071 -226.886 118.372 44 56 72
1761.167 -231.181 109.786 139 150 166
1777.782 -232.576 117.319 65 81 109
1720.814 -216.566 19.309 98 109 126
1732.552 -215.851 2.056 121 130 141
1726.710 -222.223 58.902 46 58 76
1726.110 -238.226 127.047 107 118 137
1752.538 -224.652 34.189 66 72 86
1712.707 -229.058 40.629 59 65 73
1709.433 -215.045 -7.072 57 57 66
1698.193 -224.777 133.932 238 231 218
1698.601 -235.927 132.410 63 73 77
1694.271 -211.877 138.655 239 233 220
1753.055 -225.024 40.847 107 138 170
1740.106 -219.117 39.729 47 53 63
1792.648 -235.311 116.015 152 169 195
1733.877 -222.036 82.611 115 142 174
1772.087 -235.112 121.086 41 52 69
1729.198 -219.004 31.686 50 59 71
1768.071 -234.095 120.381 115 130 157
1737.982 -219.927 42.216 134 134 140
1728.982 -207.700 -21.474 240 223 218
1745.814 -223.006 39.827 139 140 145
1743.598 -221.452 25.360 38 50 66
1743.512 -219.534 -2.933 146 147 153
1692.721 -223.086 -0.536 251 247 240
1726.197 -236.935 112.637 134 144 159
1740.018 -230.090 123.443 35 45 63
1761.144 -230.097 83.413 150 167 191
1681.137 -202.385 140.169 77 89 91
1734.492 -220.377 74.843 97 96 102
1732.723 -219.173 64.945 92 91 97
1754.774 -224.788 38.045 52 55 67
1747.999 -222.640 38.271 74 78 92
1696.104 -226.481 9.816 71 83 105
1700.200 -226.700 1.595 140 137 141
1708.770 -216.692 -3.290 62 63 66
1742.786 -212.082 -8.053 150 159 173
1733.345 -211.700 -9.025 72 66 75
1701.066 -216.472 -16.914 216 206 201
1700.976 -214.623 -21.393 113 103 122
1724.326 -204.316 -18.890 240 233 223
1705.701 -195.367 -16.671 148 102 122
1767.452 -235.167 122.349 53 66 89
1688.106 -242.532 138.169 37 49 57
1728.795 -238.908 129.429 77 89 113
1796.413 -222.872 114.905 76 89 114
1761.407 -230.383 84.741 144 156 175
1761.568 -230.180 80.829 73 89 115
1735.715 -221.773 87.382 116 127 148
1749.689 -225.476 73.272 124 132 144
1733.461 -220.681 74.924 138 154 173
1749.418 -223.574 38.101 84 88 98
1752.426 -224.088 38.182 50 56 65
1738.887 -219.089 39.681 43 52 65
1750.910 -223.848 29.248 140 152 170
1705.716 -231.718 29.985 30 42 58
1726.242 -219.568 34.229 142 150 171
1728.843 -219.183 32.852 34 40 48
1698.769 -230.353 16.199 193 218 227
1694.529 -225.975 10.116 120 163 184
1698.113 -226.231 3.539 162 179 192
1698.112 -226.213 3.571 162 179 192
1741.551 -218.821 -2.755 150 146 152
1692.044 -225.622 2.947 244 237 244
1748.133 -216.724 -5.922 155 162 175
1712.295 -219.370 1.133 89 88 96
1752.334 -214.994 -6.684 161 161 167
1753.159 -214.714 -5.704 113 105 114
1711.669 -218.665 -2.091 90 89 98
1711.031 -218.665 -2.812 96 92 103
1708.105 -216.493 -3.525 129 118 138
1711.553 -218.348 -4.958 139 141 146
1716.973 -215.414 -5.825 49 53 71
1722.212 -215.078 -6.667 44 50 66
1728.982 -211.762 -8.012 51 57 73
1736.028 -210.714 -13.245 42 40 49
1715.105 -217.260 -19.222 94 36 51
1700.428 -214.299 -20.089 161 150 163
1701.806 -214.789 -20.365 159 147 160
1702.644 -214.639 -21.175 167 155 174
1710.560 -196.919 -13.941 162 143 155
1699.044 -246.285 141.716 179 169 167
1703.424 -237.622 132.013 108 106 114
1762.021 -231.135 98.705 55 64 77
1796.763 -213.203 117.992 165 163 172
1701.660 -215.335 137.756 245 241 230
1706.694 -235.496 95.660 118 157 171
1695.144 -209.180 139.862 113 107 105
1718.339 -232.700 74.025 107 105 122
1708.245 -236.372 66.694 152 175 201
1708.984 -236.267 66.184 79 97 122
1734.644 -221.349 81.785 141 152 170
1705.820 -231.125 46.120 60 66 74
1747.607 -223.042 38.855 130 129 137
1737.056 -219.497 40.385 46 51 60
1737.469 -219.326 39.851 130 141 158
1744.531 -221.646 26.024 199 213 235
1744.349 -221.556 25.076 198 212 227
1748.420 -222.650 24.064 148 150 164
1727.031 -219.351 33.290 38 43 59
1733.618 -216.504 32.472 108 119 144
1745.333 -221.081 23.635 115 117 122
1747.348 -221.792 16.037 184 201 219
1732.469 -216.497 25.595 42 51 65
1743.063 -220.443 15.122 105 117 136
1750.232 -222.304 11.558 43 52 72
1750.601 -221.972 11.153 105 119 142
1752.734 -221.246 11.266 61 74 98
1699.880 -230.068 12.133 62 75 99
1722.688 -218.012 20.800 147 158 175
1722.688 -218.012 20.800 147 158 175
1727.044 -217.628 19.828 178 186 197
1727.041 -217.636 19.803 178 186 197
1727.968 -217.286 19.844 152 163 180
1726.399 -216.588 13.218 163 167 177
1706.928 -225.031 6.017 118 112 128
1748.296 -218.508 1.360 147 157 173
1693.708 -225.768 6.317 130 173 195
1701.220 -227.836 0.898 198 188 193
1710.279 -221.806 4.162 48 58 73
1743.151 -219.329 -3.849 114 109 122
1696.131 -225.863 1.352 148 151 163
1736.604 -216.769 -2.334 138 137 145
1739.246 -218.362 -2.164 97 111 133
1746.901 -217.798 -4.748 89 78 98
1749.249 -216.387 -6.117 172 170 173
1723.301 -215.581 0.274 43 45 57
1732.176 -215.542 -1.014 50 56 66
1726.835 -211.187 1.586 40 45 56
1724.151 -214.070 -7.364 203 207 217
1712.334 -214.404 -5.922 167 174 188
1735.372 -210.554 -14.314 121 116 129
1697.571 -214.144 -20.008 105 91 107
1701.554 -214.419 -21.539 179 170 180
1698.524 -214.116 -22.292 77 70 77
1713.144 -195.835 -18.858 244 239 228
1721.841 -183.809 -13.220 83 70 84
1704.278 -181.974 -13.714 240 218 206
1709.442 -182.305 -17.870 240 215 206
1707.031 -185.568 -14.443 130 114 122
1728.175 -191.967 -18.785 209 227 231
1707.067 -185.548 -14.435 133 117 124
1726.544 -196.029 -18.461 79 61 81
1733.842 -188.957 -19.417 156 107 114
1710.621 -189.116 -15.035 127 112 117
1714.243 -189.106 -15.918 128 129 135
1748.259 -236.552 127.307 27 37 50
1703.641 -232.514 46.023 81 87 97
1702.595 -189.081 140.542 244 241 230
1721.748 -177.765 135.010 72 82 89
1761.103 -268.365 114.727 34 45 60
1710.095 -186.116 139.432 246 239 232
1723.174 -198.660 120.770 239 232 217
1762.719 -246.475 119.749 138 155 180
1716.206 -244.421 131.551 240 231 215
1696.285 -208.331 139.432 229 221 217
1713.723 -169.741 140.615 231 205 187
1795.951 -223.552 116.445 67 75 88
1798.027 -220.921 114.703 154 168 196
1699.602 -211.395 138.841 246 239 224
1718.406 -202.717 134.669 123 118 116
1763.649 -248.050 116.477 54 60 74
1747.472 -228.045 102.261 39 49 68
1699.606 -205.652 139.708 246 243 239
1719.967 -208.909 133.398 139 135 119
1720.331 -208.868 133.884 139 135 119
1697.080 -225.284 49.150 175 149 153
1717.861 -182.533 135.803 236 235 226
1717.902 -182.481 136.127 236 235 226
1772.895 -237.200 121.588 119 133 154
1772.895 -237.200 121.588 119 133 154
1720.890 -201.757 109.138 140 125 125
1723.762 -186.305 117.117 232 216 195
1722.684 -199.958 109.357 105 91 99
1722.635 -199.989 109.252 105 91 99
1695.937 -219.189 48.518 151 109 111
1690.697 -218.851 11.987 254 251 247
1739.809 -219.287 40.483 47 52 64
1730.050 -208.566 -26.035 226 166 141
1696.521 -234.566 130.044 124 124 126
1725.992 -254.603 129.178 67 67 70
1746.323 -260.836 121.677 209 203 199
1758.127 -247.746 123.192 27 36 48
1718.392 -204.360 135.245 246 239 232
1763.370 -250.985 117.651 157 169 190
1763.485 -250.966 117.838 157 169 190
1708.218 -177.646 139.967 140 126 125
1721.976 -190.377 134.961 75 75 74
1719.207 -205.796 109.041 151 134 131
1723.572 -186.415 111.123 246 243 232
1700.098 -227.806 50.251 92 113 127
1796.149 -221.255 114.492 159 173 196
1721.163 -184.536 94.712 245 207 190
1691.397 -220.146 11.590 245 240 228
1700.304 -228.838 8.828 37 48 66
1714.715 -179.741 50.041 140 103 102
1714.792 -187.276 48.931 242 216 200
1712.899 -176.352 51.742 241 216 206
1704.816 -219.081 -0.868 239 233 226
1697.058 -210.777 -15.448 247 247 240
1723.667 -212.348 -20.381 92 53 75
1728.393 -206.534 -22.098 192 139 132
1728.121 -205.650 -26.812 236 221 205
1677.748 -205.735 141.757 50 56 65
1694.273 -209.564 139.691 238 235 223
1698.274 -197.371 140.680 234 226 205
1715.186 -212.198 136.014 246 239 232
1717.119 -195.272 137.197 246 239 224
1717.725 -192.935 137.423 245 238 223
1749.280 -228.664 125.816 52 61 81
1761.417 -238.066 122.900 51 64 79
1765.186 -234.300 122.892 68 80 104
1767.260 -234.523 121.839 44 58 85
1718.196 -179.987 136.670 89 92 90
1719.937 -203.780 109.098 131 119 116
1729.324 -170.507 138.493 182 164 156
1724.180 -185.924 124.617 246 245 231
1724.545 -192.275 111.017 248 241 230
1723.050 -184.321 115.027 247 247 233
1692.050 -216.448 11.509 230 192 176
1714.473 -179.447 51.142 246 208 192
1698.253 -221.355 -1.532 254 247 240
1700.120 -205.730 -2.237 220 166 153
1730.515 -213.357 -8.368 99 105 114
1738.780 -212.498 -3.055 119 122 137
1707.551 -178.883 5.588 110 62 63
1708.869 -171.543 6.212 152 101 111
1708.869 -171.543 6.212 152 101 111
1709.852 -185.546 -14.970 191 177 172
1727.709 -204.784 -23.524 254 247 239
1728.678 -206.590 -26.464 143 71 68
1698.509 -225.122 137.189 244 237 223
1708.834 -234.312 134.297 151 123 117
1772.133 -278.959 127.436 58 67 79
1701.348 -218.326 137.415 195 193 187
1749.605 -240.122 126.570 49 58 71
1755.983 -237.845 125.865 38 48 67
1762.805 -247.356 116.485 55 68 83
1703.870 -183.229 140.817 246 239 224
1710.372 -178.800 140.137 250 244 230
1707.776 -175.729 138.144 81 86 93
1716.601 -178.453 139.732 249 237 224
1717.597 -187.248 138.023 246 239 224
1712.010 -174.245 139.432 155 151 150
1718.125 -181.383 135.058 81 83 90
1719.830 -180.759 132.823 60 70 71
1715.778 -174.087 133.333 84 86 90
1704.079 -231.849 46.015 35 41 49
1699.664 -231.071 22.922 203 229 237
1715.664 -193.224 48.955 226 202 190
1715.549 -191.709 46.784 170 131 121
1694.771 -216.949 -0.528 246 242 231
1697.751 -222.701 -1.111 202 172 164
1699.606 -205.093 -1.986 214 155 144
1700.299 -204.293 -1.913 244 231 216
1700.153 -204.361 -2.099 244 231 216
1709.415 -217.236 -6.125 59 65 73
1689.967 -198.363 -7.858 133 111 111
1697.698 -210.415 -15.715 221 188 179
1713.099 -214.736 -7.688 148 150 164
1740.757 -218.494 -2.998 140 137 146
1707.514 -187.511 2.607 162 147 149
1709.511 -216.721 -18.153 148 134 149
1729.102 -213.783 -8.134 61 62 68
1739.501 -217.651 -4.578 75 77 85
1743.546 -215.852 -4.610 132 134 147
1744.476 -213.127 -8.660 128 139 158
1704.076 -195.432 -15.699 96 78 89
1703.122 -194.130 -16.161 144 106 115
1716.148 -203.804 -15.424 191 192 198
1710.164 -186.377 -15.602 222 216 212
1729.915 -207.097 -21.652 129 61 64
1707.692 -180.958 -17.594 250 228 216
1708.822 -181.825 -18.388 147 87 92
1710.555 -183.448 -16.873 166 118 120
1712.294 -184.143 -18.898 204 163 157
1727.478 -204.486 -26.391 222 165 144
1729.829 -207.271 -24.123 249 220 201
1726.730 -185.454 -17.894 131 75 78
1728.577 -254.194 128.716 42 48 56
1739.091 -261.207 122.609 90 92 101
1752.094 -258.130 117.246 149 163 185
1699.814 -192.019 140.226 222 216 204
1715.769 -206.748 136.217 190 180 172
1752.018 -249.398 121.094 88 101 123
1757.064 -238.664 125.492 73 85 101
1704.341 -185.159 140.453 250 243 229
1719.861 -186.704 137.658 183 173 168
1718.006 -207.637 109.268 224 214 200
1714.434 -168.125 139.878 224 214 196
1717.681 -176.007 139.440 191 180 170
1694.826 -221.345 71.303 229 216 201
1720.744 -200.353 109.462 229 213 208
1782.993 -234.851 121.240 51 65 86
1726.205 -176.717 137.229 167 155 149
1697.513 -224.430 61.980 208 215 215
1703.873 -232.351 56.950 74 85 102
1703.779 -232.363 56.828 74 85 102
1728.703 -162.641 138.833 242 232 220
1722.694 -183.905 113.318 191 202 197
1722.107 -184.069 108.685 229 221 212
1723.215 -190.282 104.367 240 239 230
1703.634 -232.431 46.047 83 89 98
1722.361 -191.205 97.815 246 239 232
1695.654 -224.764 38.506 239 243 240
1691.632 -221.510 28.827 167 185 181
1696.438 -228.340 27.020 80 111 132
1696.474 -229.474 13.032 119 148 158
1700.381 -230.415 15.454 60 66 82
1699.634 -230.162 12.756 153 173 196
1715.742 -189.880 52.430 202 158 147
1701.203 -228.192 8.901 102 115 133
1736.304 -217.859 39.924 37 49 65
1715.287 -180.448 49.960 246 239 232
1715.287 -180.448 49.960 246 239 232
1715.504 -190.058 48.016 156 101 89
1690.927 -215.247 6.600 242 237 230
1683.878 -223.431 -4.075 131 120 125
1691.062 -225.557 -0.795 97 66 78
1716.279 -179.852 49.660 243 230 215
1699.679 -214.409 -0.860 245 235 223
1702.277 -216.798 -4.416 196 145 152
1710.130 -218.060 -2.374 149 154 164
1701.209 -216.190 -12.702 179 124 132
1708.818 -182.630 15.705 128 106 107
1708.815 -182.638 15.672 128 106 107
1700.419 -215.873 -16.323 151 122 132
1737.938 -217.416 -2.941 112 113 119
1707.026 -181.797 6.625 145 115 116
1696.970 -208.326 -19.125 232 194 179
1696.130 -212.581 -21.661 243 235 228
1696.130 -212.581 -21.661 243 235 228
1742.137 -218.221 -4.772 77 80 91
1711.007 -172.974 5.888 149 102 100
1711.007 -172.974 5.888 149 102 100
1710.298 -196.314 -14.047 203 187 197
1715.726 -199.077 -16.225 170 105 108
1715.485 -198.464 -16.517 215 139 133
1712.346 -196.792 -18.809 249 216 207
1726.912 -206.433 -19.968 202 182 173
1728.223 -205.660 -22.446 227 207 191
1729.394 -206.794 -22.098 226 175 155
1730.300 -209.121 -24.641 233 213 201
1725.502 -180.704 -16.938 239 219 210
1722.481 -248.687 130.336 113 120 94
1744.878 -227.697 102.480 77 88 110
1705.972 -190.336 -15.310 186 171 167
1717.327 -202.591 -20.065 224 192 183
1733.085 -187.831 -19.141 107 50 52
1718.325 -187.147 -16.509 209 211 214
1752.314 -214.223 -9.600 166 170 180
1726.172 -189.914 -18.518 157 166 184
1713.491 -192.150 -15.837 243 232 219
1704.081 -190.602 -14.233 239 224 218
1735.250 -205.491 -27.355 112 119 137
1735.115 -192.352 -19.717 115 63 67
1735.075 -192.441 -19.717 115 63 67
1725.735 -201.192 -22.228 223 215 207
1700.762 -217.054 -1.435 147 143 139
1698.823 -224.038 -1.751 239 232 224
1742.624 -212.108 -7.955 154 162 176
1726.800 -184.421 -17.481 144 98 109
1700.212 -188.915 -13.723 138 80 89
1739.220 -214.715 -5.137 120 127 147
1764.787 -235.417 124.512 29 37 48
1736.962 -213.834 -3.452 113 122 140
1707.068 -200.223 -14.703 196 166 158
1736.389 -225.575 104.092 40 49 67
1736.875 -216.677 -3.938 90 91 94
1710.561 -243.158 132.482 44 48 55
1703.808 -208.241 -23.718 174 178 187
1732.745 -215.219 -3.500 132 129 131
1711.172 -219.402 -0.997 41 42 49
1702.566 -219.276 2.234 104 106 109
1710.669 -189.227 -15.197 93 77 85
1755.199 -237.514 126.027 36 48 64
1752.742 -236.580 126.197 101 115 136
1723.818 -229.714 77.913 74 100 129
1704.086 -231.852 46.007 36 42 50
1695.183 -226.319 10.116 189 225 236
1704.794 -194.378 -17.060 141 86 105
1752.055 -235.795 126.108 43 53 73
1691.804 -224.070 138.590 160 148 139
1704.539 -232.568 46.080 91 97 113
1680.624 -204.932 140.015 100 111 120
1741.661 -217.318 -4.408 157 165 179
1735.921 -216.509 -2.536 104 106 117
1692.655 -225.565 3.296 121 118 126
1695.489 -225.852 1.530 167 163 169
1730.265 -214.097 -8.247 64 66 71
1731.077 -213.927 -8.441 66 65 73
1731.077 -213.927 -8.441 66 65 73
1697.263 -220.293 -1.240 253 246 239
1706.670 -216.989 -2.067 164 162 165
1707.758 -217.075 -2.342 156 161 171
1706.520 -216.408 -2.099 85 77 87
1710.147 -216.507 -18.380 74 73 81
1711.652 -213.107 -18.299 135 113 130
1735.191 -208.151 -25.338 90 76 96
1736.152 -206.371 -27.841 115 123 137
1709.676 -208.007 -15.083 159 151 157
1733.993 -203.991 -27.177 137 136 142
1712.727 -197.192 -18.728 179 126 124
1698.384 -196.844 -14.136 146 78 83
1714.685 -187.894 -16.258 157 158 165
1723.611 -184.216 -13.617 90 83 95
1741.695 -256.435 122.382 56 62 72
1729.160 -253.540 128.781 99 101 106
1750.801 -243.589 125.346 71 81 100
1751.731 -244.189 125.363 24 35 48
1781.936 -233.742 120.592 67 80 104
1783.557 -233.746 120.875 64 77 99
1748.790 -233.011 127.055 73 82 102
1702.818 -245.296 130.919 61 71 83
1730.063 -237.273 128.457 43 57 72
1731.093 -235.976 128.562 91 104 120
1692.217 -240.089 138.703 63 70 78
1699.389 -238.140 132.491 59 69 73
1749.721 -227.016 100.901 51 60 77
1701.482 -231.827 29.783 191 211 224
1701.450 -231.840 29.823 191 211 224
1749.417 -217.801 1.303 152 156 173
1746.813 -214.629 -9.211 174 178 188
1694.572 -225.382 1.214 67 59 68
1705.611 -222.414 1.141 97 89 106
1706.552 -222.292 1.206 75 52 62
1731.940 -214.080 -8.587 59 61 66
1710.541 -217.454 -6.821 61 73 88
1692.705 -218.025 3.854 208 182 181
1718.520 -217.814 -19.903 249 228 224
1735.978 -209.849 -18.688 128 106 130
1719.156 -217.104 -19.943 156 114 128
1733.176 -209.391 -24.901 110 87 113
1733.456 -209.081 -25.322 179 173 184
1705.984 -214.804 -18.169 117 99 120
1701.362 -215.885 -17.044 101 100 110
1720.909 -206.793 -18.226 138 141 153
1728.660 -206.112 -22.147 181 133 126
1699.654 -214.247 -20.478 105 88 107
1703.045 -214.196 -23.281 212 216 219
1707.393 -210.227 -16.679 185 168 174
1698.186 -212.006 -23.394 188 189 196
1712.120 -197.001 -14.395 223 195 194
1707.512 -195.242 -13.374 203 186 196
1699.470 -192.176 -13.779 142 90 101
1712.009 -186.933 -15.764 131 127 133
1713.234 -184.960 -21.928 234 225 224
1748.727 -258.404 119.571 141 146 155
1743.915 -257.184 120.600 105 108 121
1739.131 -246.161 127.477 72 85 105
1742.323 -244.390 127.298 29 41 57
1724.989 -246.142 130.044 36 47 62
1724.331 -245.866 130.133 32 44 60
1744.982 -235.909 127.606 56 70 91
1741.912 -236.590 127.914 105 118 139
1690.984 -239.593 137.885 73 79 84
1692.615 -237.305 139.254 44 53 66
1690.743 -236.152 137.966 83 97 96
1686.590 -217.998 133.130 133 131 126
1701.955 -231.143 22.412 73 87 108
1700.739 -230.787 22.557 103 117 139
1728.559 -217.133 19.520 162 173 191
1700.761 -230.061 12.035 62 75 99
1738.003 -207.612 -25.597 94 81 104
1703.846 -214.509 -20.478 153 138 153
1729.118 -192.298 -18.963 176 200 206
1718.530 -181.209 -16.363 60 59 67
1708.812 -181.927 -18.493 153 94 98
1710.477 -193.601 -15.820 238 226 216
1757.831 -260.241 118.980 76 88 112
1722.612 -216.232 -20.405 89 43 57
1706.821 -186.538 -14.362 242 230 219
1716.654 -217.445 -19.490 161 120 127
1756.265 -241.394 124.804 34 44 61
1721.351 -202.893 -18.469 240 234 230
1779.615 -232.762 120.381 71 88 113
1761.158 -236.497 122.811 46 57 73
1793.775 -212.148 119.863 81 88 103
1706.840 -221.108 -2.042 249 246 242
1715.731 -244.352 131.502 240 228 211
1709.265 -236.889 131.753 245 237 222
1713.771 -198.330 -17.935 218 142 135
1758.946 -242.144 123.491 30 40 56
1680.673 -198.907 140.898 95 100 96
1697.438 -221.054 -0.244 154 130 145
1710.520 -239.248 133.114 242 237 230
1705.735 -235.716 134.264 69 70 72
1698.597 -229.426 9.249 168 192 211
1700.041 -197.165 -14.176 163 94 107
1710.792 -186.781 -15.991 163 156 161
1713.308 -185.152 -19.352 191 158 161
1756.029 -242.760 124.164 58 68 87
1677.247 -202.817 141.247 101 115 100
1707.319 -178.230 141.441 248 240 227
1699.225 -215.847 -1.249 250 244 232
1700.161 -215.696 -1.232 187 122 122
1714.616 -245.123 132.385 233 224 212
1713.168 -240.391 132.693 116 118 123
1701.483 -236.784 132.482 147 142 148
1704.208 -236.836 132.207 180 174 173
1696.051 -231.777 129.826 70 76 84
1751.105 -235.479 125.751 43 52 70
1779.985 -237.068 121.078 47 61 82
1678.031 -200.559 140.850 70 79 74
1681.218 -196.667 141.085 92 95 97
1792.091 -226.825 117.498 137 148 166
1706.790 -192.323 139.797 117 142 159
1810.571 -199.020 117.416 126 124 126
1700.560 -215.696 -16.963 202 191 197
1731.000 -211.233 -21.110 252 236 232
1715.996 -202.415 -16.177 208 179 181
1730.177 -207.585 -21.377 226 197 182
1714.933 -198.529 -14.824 184 159 153
1724.923 -197.240 -18.502 142 140 149
1690.828 -237.892 137.140 81 90 94
1697.478 -233.751 130.085 91 99 97
1703.404 -233.366 133.973 61 59 67
1763.115 -247.316 116.542 54 67 82
1749.918 -236.271 127.298 32 44 60
1752.845 -237.406 126.408 33 40 55
1699.669 -218.891 137.772 170 163 160
1762.719 -240.180 123.184 70 79 98
1750.552 -228.636 126.092 77 89 105
1678.053 -201.704 140.615 89 102 92
1678.311 -198.875 141.004 69 73 67
1744.599 -225.019 100.479 53 66 88
1790.427 -227.973 117.870 131 146 171
1701.520 -191.475 141.012 246 239 232
1689.236 -184.791 141.676 67 71 77
1699.243 -228.711 8.747 120 141 170
1690.042 -219.464 11.509 254 250 247
1692.496 -216.442 0.161 103 54 61
1705.605 -216.950 -2.099 75 74 90
1701.389 -215.844 -16.946 95 95 104
1745.396 -217.075 -4.861 95 88 100
1745.185 -215.855 -4.229 123 132 148
1748.641 -205.246 -8.474 137 150 169
1697.259 -195.509 -13.917 131 63 73
1749.442 -204.104 -8.231 158 162 172
1707.605 -195.949 -13.544 154 140 148
1708.772 -196.255 -13.488 152 131 140
1711.469 -197.208 -14.087 162 147 148
1713.454 -197.888 -14.500 183 155 149
1721.299 -199.306 -18.453 238 231 223
1727.312 -195.936 -18.412 236 228 223
1724.376 -185.744 -16.193 220 212 208
1710.777 -183.148 -18.809 127 83 93
1747.497 -260.907 120.276 177 171 178
1702.779 -241.041 131.316 139 138 140
1750.231 -252.397 120.365 115 130 149
1764.920 -251.746 116.031 73 81 95
1732.188 -236.623 129.429 30 42 58
1742.517 -236.106 127.817 38 50 66
1695.728 -205.938 140.145 246 239 232
1791.279 -231.217 117.416 143 158 171
1691.396 -180.557 141.004 60 66 74
1803.080 -217.816 114.274 191 191 198
1697.553 -228.704 9.630 121 145 170
1698.079 -227.342 9.314 116 142 171
1738.251 -219.541 40.928 53 59 73
1808.438 -201.918 112.540 102 108 111
1702.271 -223.303 1.465 108 105 116
1740.106 -217.087 -4.513 151 161 179
1743.322 -218.448 -5.161 115 119 128
1700.156 -214.054 -22.276 89 85 98
1702.099 -214.032 -22.957 212 215 218
1722.959 -216.209 -20.486 96 51 61
1699.876 -209.824 -25.978 172 175 178
1700.632 -209.939 -25.945 166 169 173
1721.791 -209.314 -18.712 127 127 135
1708.416 -197.950 -13.512 246 242 232
1728.068 -205.530 -19.652 242 239 235
1708.229 -195.544 -13.561 209 187 189
1727.846 -202.983 -26.496 197 195 195
1710.638 -185.054 -17.829 227 211 206
1725.118 -184.913 -14.387 234 231 227
1734.273 -190.000 -19.619 115 57 68
1709.398 -182.622 -18.348 237 214 205
1731.631 -190.597 -19.231 243 227 222
1733.939 -190.889 19.982 24 30 43
1720.562 -217.491 -20.284 244 231 223
1771.188 -263.040 129.242 36 45 58
1760.570 -254.846 118.988 82 97 125
1747.131 -191.372 123.224 26 34 48
1732.826 -179.789 46.217 49 48 56
1713.335 -160.338 140.704 51 57 65
1717.636 -189.748 -15.027 244 234 223
1744.495 -186.119 113.415 56 69 77
1735.145 -252.525 128.092 127 132 139
1707.356 -209.652 -15.245 171 164 173
1754.717 -248.675 120.835 101 114 133
1730.858 -192.275 -19.344 236 225 217
1747.654 -191.631 126.440 37 47 61
1707.315 -203.471 -13.763 246 241 230
1713.967 -163.519 140.518 61 63 60
1720.162 -207.356 -20.591 48 49 55
1748.081 -255.474 120.373 51 63 82
1716.190 -183.696 -15.853 74 78 89
1746.903 -200.447 -3.930 79 81 86
1757.132 -183.207 129.810 109 102 104
1720.818 -254.774 127.550 163 152 150
1720.818 -254.774 127.550 163 152 150
1717.528 -214.030 -19.336 106 42 50
1728.349 -165.666 138.080 224 216 210
1757.264 -206.789 123.411 43 50 65
1776.852 -247.829 116.274 40 46 54
1767.471 -258.503 118.696 31 41 55
1738.915 -201.758 -20.178 168 161 169
1779.066 -202.150 122.771 37 45 56
1759.897 -274.398 128.716 36 48 64
1729.585 -176.333 24.574 158 182 208
1741.251 -202.825 -7.947 110 104 118
1733.789 -168.505 137.270 237 227 215
1730.385 -178.480 24.550 69 76 86
1729.097 -177.987 18.556 90 89 98
1773.570 -245.880 116.615 41 44 56
1717.985 -166.124 140.558 236 223 208
1735.825 -182.153 58.043 77 82 94
1730.412 -178.936 27.798 79 84 92
1720.792 -178.120 -15.650 226 205 197
1768.550 -266.893 129.267 0 0 0
1743.201 -188.806 100.261 28 40 56
1742.203 -187.085 101.306 70 72 77
1739.011 -179.360 87.568 67 69 81
1735.051 -192.235 15.478 33 36 49
1733.159 -190.710 7.888 130 129 138
1739.349 -200.745 -6.870 67 69 74
1725.473 -170.495 7.629 87 74 99
1749.133 -200.039 107.243 27 33 49
1740.980 -177.426 103.322 141 152 169
1732.545 -173.289 52.390 145 170 187
1754.973 -210.043 -5.979 98 93 113
1725.499 -168.166 11.250 42 60 83
1718.506 -178.654 -19.263 80 52 82
1770.635 -255.559 116.914 134 152 175
1763.702 -264.220 117.190 150 164 186
1755.898 -271.891 119.004 27 36 48
1746.492 -191.034 119.660 39 50 64
1739.083 -173.841 135.885 146 137 132
1744.569 -192.306 105.445 26 35 48
1723.412 -252.710 130.020 132 134 110
1743.595 -195.809 101.532 42 48 65
1742.074 -200.638 78.804 77 76 85
1735.729 -176.772 68.800 68 66 81
1747.847 -202.667 39.243 131 133 142
1754.045 -207.945 -5.388 90 86 99
1753.992 -207.904 -5.355 90 86 99
1754.583 -210.321 -7.081 61 64 76
1742.100 -207.370 -8.093 65 60 66
1742.337 -206.899 -7.704 127 131 142
1734.802 -195.485 6.479 102 113 145
1734.802 -195.485 6.479 102 113 145
1735.175 -196.121 -7.518 82 86 94
1725.268 -168.506 8.091 180 202 215
1739.674 -205.572 -22.665 86 66 97
1738.434 -203.078 -22.398 59 60 66
1737.762 -201.679 -25.233 67 50 75
1737.762 -201.679 -25.249 67 50 75
1718.141 -177.223 -19.158 116 71 89
1705.100 -201.714 -13.326 240 232 226
1776.239 -213.260 125.468 80 95 123
1779.087 -200.191 122.843 153 134 139
1776.939 -243.771 116.817 27 36 55
1771.454 -244.379 116.525 115 131 151
1766.465 -192.576 122.131 166 134 124
1755.773 -249.270 120.681 119 130 148
1771.130 -214.957 86.531 36 45 65
1757.989 -200.799 122.641 47 56 71
1750.271 -254.738 120.243 90 103 127
1751.273 -253.641 120.413 70 84 105
1750.786 -254.178 120.349 58 68 88
1748.877 -199.437 123.953 28 37 49
1717.440 -170.155 139.384 128 114 106
1689.920 -161.209 141.992 137 135 122
1754.361 -202.535 2.283 80 94 120
1733.243 -189.905 36.344 124 135 160
1728.003 -170.468 49.223 224 214 199
1726.468 -169.732 49.101 244 241 236
1755.030 -210.511 -6.643 153 157 167
1754.599 -208.732 -1.224 98 99 108
1754.599 -208.732 -1.224 98 99 108
1730.711 -173.368 39.673 106 99 121
1753.187 -206.366 -5.890 165 168 179
1752.744 -205.291 -5.687 164 162 172
1752.353 -204.336 -5.533 158 152 166
1750.872 -200.653 -4.675 177 155 165
1740.216 -197.762 -2.383 96 95 103
1730.380 -188.568 13.599 45 54 74
1730.049 -188.474 14.790 116 131 151
1731.708 -189.887 8.196 27 36 48
1728.540 -177.845 16.993 98 93 106
1738.153 -196.959 -8.385 42 48 56
1738.434 -196.845 -7.364 79 79 84
1738.427 -196.842 -7.340 79 79 84
1732.668 -191.573 -3.152 37 46 58
1727.123 -178.199 5.596 38 53 73
1734.370 -196.374 -10.604 178 180 188
1728.035 -186.886 2.056 27 36 55
1726.536 -175.197 4.470 187 182 181
1718.830 -165.161 13.097 138 129 132
1738.919 -204.916 -25.621 81 69 90
1725.899 -180.411 -3.176 124 119 133
1720.929 -178.828 3.555 84 50 80
1720.634 -166.407 4.502 100 76 88
1718.689 -165.320 5.191 101 83 97
1719.022 -176.002 -7.607 101 67 105
1717.297 -217.536 -19.838 110 59 69
1715.251 -214.045 -19.012 79 34 52
1715.488 -187.444 -16.047 116 118 123
1710.151 -214.647 -18.291 130 124 130
1710.194 -214.630 -18.267 130 124 130
1704.285 -203.506 -14.095 136 114 125
1705.572 -192.729 -15.334 219 204 199
1705.868 -205.088 -23.119 244 236 231
1763.792 -210.866 126.173 89 101 117
1703.829 -194.294 140.607 246 243 232
1745.781 -212.227 -8.652 37 47 65
1701.630 -207.617 139.521 183 225 236
1786.963 -230.058 122.163 94 107 129
1772.274 -193.150 121.726 80 73 81
1763.059 -193.294 122.738 43 49 65
1702.940 -188.206 -14.395 245 221 211
1716.328 -217.282 -19.352 142 89 109
1706.229 -205.692 -14.435 242 221 210
1704.155 -192.746 -16.355 193 151 135
1705.295 -189.148 -14.452 234 223 215
1717.622 -217.362 -19.717 107 56 66
1803.019 -214.667 117.125 205 193 187
1783.770 -214.308 123.435 107 125 155
1706.361 -179.985 139.092 247 237 225
1697.314 -229.378 136.006 212 201 190
1752.912 -175.122 130.182 62 66 69
1796.157 -232.848 115.302 61 63 74
1724.209 -176.839 2.785 245 235 223
1724.209 -176.839 2.785 245 235 223
1714.299 -167.710 3.053 160 156 160
1721.849 -172.401 2.429 96 88 98
1723.901 -182.350 -16.768 81 58 81
1720.871 -180.114 -16.792 75 63 83
1719.369 -169.985 138.841 237 227 208
1706.554 -189.806 140.194 246 243 232
1709.704 -179.505 5.604 245 236 224
1712.638 -199.262 137.853 249 237 224
1705.589 -236.343 132.701 41 47 53
1716.443 -168.372 1.028 182 151 156
1708.193 -208.092 -14.589 154 146 155
1711.794 -198.071 138.080 239 232 223
1711.794 -198.071 138.080 239 232 223
1790.103 -228.920 118.721 132 148 172
1709.467 -221.320 132.985 246 243 239
1788.990 -232.494 116.355 160 177 203
1746.767 -202.426 39.827 66 68 81
1747.144 -199.606 -2.739 137 128 142
1700.199 -188.049 -13.277 148 99 110
1735.525 -194.158 -19.968 240 207 193
1792.664 -235.256 116.461 152 169 195
1701.066 -237.122 132.580 143 139 144
1749.636 -203.171 40.151 47 50 66
1743.803 -200.778 41.228 35 41 57
1779.073 -211.374 125.379 77 89 113
1700.986 -202.152 139.133 246 243 232
1772.210 -214.862 123.516 108 122 145
1714.394 -209.558 136.063 248 244 232
1783.580 -228.596 123.111 93 110 136
1694.924 -230.885 136.848 246 239 224
1703.818 -242.532 130.822 156 148 150
1736.630 -198.427 -21.539 110 81 102
1731.256 -198.171 -20.810 212 158 144
1731.581 -177.665 136.443 244 244 235
1731.601 -177.701 136.654 244 244 235
1778.202 -184.794 123.548 213 200 195
1791.428 -205.650 118.113 70 87 97
1721.745 -197.208 134.653 176 163 154
1781.777 -221.950 123.289 102 116 143
1759.083 -209.195 102.658 133 138 148
1788.539 -231.078 122.082 110 123 144
1696.122 -231.161 135.690 123 115 117
1702.340 -239.400 132.515 132 130 134
1709.152 -168.796 13.761 243 241 238
1708.075 -168.468 13.753 144 127 127
1747.610 -202.783 40.661 50 52 65
1717.005 -174.199 -14.727 244 228 223
1720.062 -178.664 -16.023 33 25 41
1748.998 -200.262 -3.395 116 105 119
1743.903 -199.040 -3.225 60 62 68
1743.976 -199.951 -3.314 121 128 144
1711.996 -195.527 -16.525 144 102 108
1735.566 -199.425 -25.605 0 0 0
1711.107 -212.519 -17.189 145 100 128
1714.759 -214.313 -18.874 250 227 222
1730.532 -169.706 137.788 177 157 145
1696.373 -169.420 140.704 67 73 74
1802.473 -199.723 123.888 128 123 121
1793.183 -200.952 119.595 57 67 82
1760.863 -200.518 122.228 36 45 59
1718.719 -199.266 134.313 129 121 123
1800.611 -215.555 117.595 201 199 202
1764.437 -211.667 120.584 119 133 154
1762.851 -210.651 109.802 140 152 169
1725.830 -168.198 48.818 63 38 55
1785.737 -227.215 122.584 91 104 129
1703.766 -222.036 135.925 203 196 191
1756.986 -207.135 84.611 79 85 94
1707.782 -233.072 134.200 241 230 212
1720.479 -163.350 12.238 209 223 222
1719.241 -164.138 12.319 127 148 154
1719.241 -164.138 12.319 127 148 154
1710.106 -221.977 109.446 246 243 232
1697.676 -232.926 133.090 77 82 83
1708.956 -165.952 14.384 235 239 239
1697.641 -235.136 129.850 78 80 84
1755.664 -205.145 39.713 124 124 131
1753.162 -204.413 40.232 129 128 132
1747.531 -202.083 34.335 132 134 139
1723.861 -179.610 -3.468 92 66 95
1704.880 -212.584 47.894 242 231 213
1714.657 -174.475 -14.395 246 243 236
1746.626 -199.934 3.595 187 164 167
1711.367 -172.744 -19.627 241 230 224
1711.843 -173.426 -20.421 194 190 192
1711.253 -173.199 -20.664 243 239 230
1742.350 -198.127 -1.492 101 97 110
1723.684 -179.789 -16.477 92 48 66
1744.506 -199.477 -3.452 59 61 66
1728.424 -186.988 -18.056 139 81 83
1742.829 -203.324 -3.492 57 59 64
1726.972 -191.662 -18.210 124 141 166
1736.421 -197.802 -21.110 242 229 220
1715.197 -196.642 -17.092 150 104 109
1709.863 -195.119 -16.120 187 168 157
1707.411 -193.876 -17.287 193 150 138
1739.222 -201.389 -22.195 90 89 98
1738.631 -200.984 -21.814 162 157 163
1738.429 -201.737 -21.717 98 95 108
1722.749 -203.578 -18.534 242 235 229
1721.902 -204.344 -18.364 89 88 94
1731.443 -201.216 -28.465 191 193 197
1708.733 -207.516 -14.435 145 142 150
1707.732 -206.876 -14.160 147 119 128
1725.370 -211.111 -20.664 100 52 73
1716.702 -213.414 -13.569 87 62 82
1697.188 -174.996 141.984 82 89 94
1795.168 -192.153 118.502 190 185 185
1808.452 -200.054 120.778 154 157 162
1808.452 -200.054 120.778 154 157 162
1705.324 -191.236 139.967 183 170 165
1788.992 -206.622 121.547 120 129 149
1778.078 -203.235 123.483 58 60 73
1749.669 -200.588 121.912 18 27 40
1767.603 -210.213 125.541 27 36 54
1791.222 -221.766 119.279 140 161 186
1792.411 -225.727 118.259 95 112 138
1789.938 -230.664 121.774 94 108 134
1789.053 -231.697 117.465 83 96 117
1784.814 -233.889 121.531 52 65 88
1746.877 -204.230 89.293 47 59 83
1756.594 -207.537 82.473 75 80 94
1766.963 -210.336 77.386 172 189 218
1697.925 -229.978 135.698 177 166 156
1697.375 -233.244 130.304 102 107 106
1750.255 -202.994 42.767 163 174 187
1750.255 -202.994 42.767 163 174 187
1752.380 -204.535 40.118 52 59 69
1714.123 -169.600 3.838 227 222 220
1747.026 -202.461 38.061 101 105 114
1755.179 -204.362 30.949 130 128 137
1730.682 -188.845 14.611 117 131 152
1724.723 -179.985 2.113 230 224 230
1706.804 -177.096 5.531 248 227 216
1722.819 -180.458 -3.930 36 44 64
1709.644 -183.025 4.802 243 230 215
1742.639 -198.752 3.911 161 159 167
1710.751 -173.250 -19.919 230 227 231
1750.949 -200.599 -0.795 109 102 117
1750.824 -200.402 -5.112 181 159 169
1702.513 -187.492 -13.625 142 86 98
1702.556 -187.973 -13.852 250 224 216
1736.046 -193.547 -20.332 249 233 229
1703.555 -189.553 -14.257 235 225 217
1711.501 -195.343 -18.331 171 136 133
1690.745 -211.433 4.292 238 205 197
1729.763 -200.210 -24.374 238 230 218
1720.641 -208.012 -18.745 123 125 131
1705.443 -205.404 -17.692 238 205 196
1705.142 -205.465 -16.833 223 184 171
1694.461 -217.485 -0.082 126 110 120
1715.762 -213.075 -13.844 112 94 121
1734.263 -189.943 -19.579 114 56 67
1723.560 -215.935 -26.229 0 0 0
1711.729 -179.139 -24.828 212 216 219
1736.444 -242.738 129.178 28 39 54
1789.728 -231.794 117.173 157 172 199
1726.302 -215.152 -20.980 209 192 185
1720.818 -179.257 134.321 98 113 126
1718.920 -206.182 -17.319 241 191 175
1719.382 -189.630 135.957 246 236 224
1698.835 -218.794 -1.176 236 229 214
1708.733 -236.173 131.956 245 237 222
1736.358 -167.813 137.974 244 234 222
1707.505 -244.227 130.579 169 155 156
1702.940 -190.316 140.655 152 147 149
1716.345 -223.079 129.931 249 239 227
1758.551 -264.658 117.271 39 45 62
1709.813 -179.500 5.231 247 238 225
1715.958 -176.570 139.562 145 133 125
1725.403 -197.099 135.058 99 95 94
1725.293 -197.165 134.815 99 95 94
1728.256 -196.924 133.827 93 90 86
1770.068 -243.789 118.210 35 44 56
1794.040 -233.261 116.185 62 65 76
1708.781 -224.535 133.989 81 78 79
1717.948 -211.672 108.782 173 163 155
1717.948 -211.672 108.782 173 163 155
1719.766 -207.410 108.515 246 243 232
1761.676 -235.991 121.977 51 60 78
1698.402 -228.151 9.233 45 59 80
1722.926 -211.982 -19.911 241 221 212
1702.300 -229.532 134.329 74 73 74
1705.268 -192.177 140.283 246 243 239
1714.491 -209.619 136.257 250 245 232
1713.484 -218.232 131.462 105 109 106
1736.541 -257.935 126.659 125 130 109
1721.756 -190.492 134.451 80 79 78
1718.148 -209.589 108.871 161 143 141
1726.636 -166.907 138.557 198 185 175
1757.452 -239.723 124.544 77 89 105
1764.220 -250.530 116.574 74 82 94
1765.895 -252.863 116.185 100 113 131
1699.456 -227.574 9.200 135 155 184
1700.064 -228.918 8.642 36 47 65
1700.314 -227.460 8.755 53 59 75
1700.737 -206.616 3.838 252 239 224
1695.810 -209.397 -15.302 245 237 226
1703.254 -248.638 131.162 148 153 162
1703.041 -198.633 140.088 246 243 232
1713.384 -219.872 130.433 118 132 115
1719.749 -208.324 134.273 118 114 106
1724.787 -195.096 133.422 60 69 81
1726.471 -184.044 133.973 246 243 232
1722.842 -200.401 109.090 86 66 66
1722.844 -200.437 109.033 86 66 66
1733.100 -167.046 137.529 237 227 215
1724.329 -197.578 105.534 153 186 189
1766.427 -235.934 123.621 29 38 51
1767.380 -236.483 122.900 91 106 130
1689.938 -216.332 11.914 134 136 141
1689.878 -216.367 11.801 134 136 141
1697.042 -228.476 9.776 129 157 179
1696.512 -209.612 -15.521 236 214 203
1706.800 -181.049 -13.876 125 44 51
1695.433 -204.548 139.967 230 223 208
1697.000 -209.253 139.554 130 117 124
1690.265 -179.433 141.765 97 103 105
1710.323 -196.715 138.979 249 244 235
1707.929 -178.493 140.890 249 241 228
1733.111 -262.490 127.064 75 77 67
1717.215 -200.733 133.519 223 190 164
1718.879 -209.799 108.523 246 239 224
1719.792 -202.749 109.357 216 204 189
1746.994 -246.682 126.294 51 64 79
1750.393 -265.574 119.563 71 83 107
1721.259 -200.849 109.300 105 87 82
1723.775 -199.938 108.984 252 242 231
1761.456 -265.481 117.562 140 151 168
1691.182 -216.903 11.606 245 237 230
1696.264 -229.070 9.727 181 217 228
1715.723 -193.507 47.343 85 76 80
1692.382 -216.480 -0.058 104 56 62
1697.640 -220.860 -1.257 161 120 120
1698.192 -222.427 -1.492 254 247 240
1710.773 -190.328 17.519 128 122 125
1708.149 -183.893 -0.997 244 234 222
1701.233 -202.315 -15.148 242 225 212
1714.135 -198.111 -14.630 183 155 149
1728.617 -204.577 -23.580 225 172 151
1728.903 -186.528 -18.599 131 80 90
1693.998 -229.418 136.581 227 217 205
1702.775 -245.313 130.733 62 72 83
1702.902 -246.779 131.138 89 100 108
1696.267 -209.547 139.619 227 217 213
1701.551 -220.341 137.278 246 239 232
1713.155 -210.310 136.387 217 207 197
1734.391 -262.085 127.258 78 83 84
1734.605 -262.242 126.351 213 207 199
1723.283 -198.194 134.840 140 129 119
1739.659 -256.486 125.492 228 225 207
1717.089 -168.553 139.991 136 118 108
1742.553 -257.792 121.305 70 72 84
1717.581 -172.009 133.365 135 135 130
1725.665 -167.495 138.736 243 233 221
1723.729 -197.214 109.422 229 222 214
1751.352 -243.010 125.282 27 37 51
1754.684 -260.258 117.911 145 163 189
1724.435 -198.078 107.186 240 247 240
1699.913 -228.221 8.876 116 129 157
1714.919 -182.589 49.619 149 101 93
1710.424 -200.750 34.651 234 223 211
1701.025 -228.273 8.706 106 114 128
1794.483 -236.208 115.375 152 169 187
1700.298 -217.877 -1.257 228 214 202
1704.495 -225.597 0.623 98 79 102
1708.305 -167.870 13.437 237 234 230
1696.488 -212.793 -22.268 238 234 230
1711.350 -177.382 5.183 238 225 217
1702.042 -193.428 -14.776 97 45 61
1701.809 -213.726 -23.175 142 147 156
1699.715 -208.972 -25.856 211 210 211
1709.534 -196.018 -13.844 206 183 187
1707.662 -181.025 -13.949 214 142 140
1718.356 -206.632 -16.161 223 180 167
1708.172 -176.553 -14.006 249 235 219
1717.697 -208.333 -20.834 248 216 199
1725.229 -196.374 -18.267 248 250 250
1725.066 -180.191 -16.825 125 72 78
1728.684 -183.894 -17.756 137 92 99
1731.286 -191.472 -19.692 107 53 67
1703.328 -208.861 -23.289 180 183 187
1770.923 -255.589 117.044 126 143 165
1700.964 -196.725 -14.695 244 226 218
1776.076 -203.310 121.418 21 26 33
1765.812 -259.600 116.809 43 53 66
1723.875 -198.041 -18.364 126 119 135
1793.881 -225.034 117.263 127 141 167
1746.789 -182.858 132.215 84 86 92
1705.174 -205.710 -23.062 238 238 238
1769.573 -204.174 121.215 28 37 50
1778.680 -228.666 118.907 66 82 109
1713.338 -194.325 -15.731 244 232 217
1781.483 -242.425 117.408 138 156 185
1789.087 -235.702 116.947 145 165 195
1723.534 -177.159 4.065 250 240 228
1785.024 -232.900 116.566 92 105 129
1770.151 -251.965 117.230 39 45 54
1717.057 -196.726 -17.667 230 211 201
1702.787 -196.215 -13.974 0 0 0
1704.556 -206.641 -15.197 226 187 174
1734.838 -204.465 -27.565 184 187 192
1733.952 -168.577 137.156 237 227 215
1732.035 -172.743 49.547 86 89 99
1742.635 -205.631 -7.251 51 53 56
1780.751 -248.492 116.266 134 142 163
1724.941 -168.582 11.023 82 102 128
1725.837 -180.650 -0.997 122 113 121
1735.122 -203.767 -27.331 190 193 197
1734.546 -201.595 -27.533 198 200 205
1757.735 -179.264 129.202 140 131 131
1761.112 -208.999 39.049 84 93 106
1721.857 -164.815 12.384 247 247 240
1742.869 -204.051 -2.925 53 55 60
1741.100 -202.110 -2.196 111 121 141
1739.279 -200.564 -6.935 66 68 72
1717.814 -169.036 0.477 246 243 232
1707.183 -175.270 5.645 110 65 83
1720.771 -181.613 -16.477 77 74 82
1721.378 -207.312 -18.599 83 82 90
1708.818 -206.588 -14.630 251 246 242
1705.992 -193.280 -16.493 200 154 131
1704.053 -205.601 -15.804 243 232 219
1773.096 -193.773 121.434 80 73 81
1759.379 -185.529 130.668 81 88 98
1770.795 -214.037 123.726 35 44 56
1733.702 -170.133 136.613 192 168 155
1772.772 -215.192 94.858 36 45 64
1742.774 -182.995 107.769 76 73 84
1745.644 -193.298 108.029 135 146 148
1766.721 -244.116 117.740 39 46 61
1746.704 -202.087 104.845 29 40 56
1737.231 -174.276 95.814 124 122 124
1732.726 -178.299 46.428 50 52 57
1741.750 -198.498 42.281 34 36 48
1739.812 -197.077 34.626 117 129 153
1754.742 -207.235 1.821 114 134 164
1720.485 -166.642 12.627 139 155 163
1742.040 -203.025 -3.079 70 72 77
1739.908 -201.243 -21.790 164 159 168
1736.375 -196.770 -20.632 244 228 223
1718.397 -193.297 -14.265 217 220 223
1721.153 -208.755 -18.890 65 69 80
1703.515 -193.286 -16.363 245 232 223
1783.389 -232.430 121.782 62 77 98
1747.598 -179.530 132.345 195 204 207
1747.866 -179.206 131.527 195 204 207
1763.819 -209.610 126.245 29 41 57
1745.850 -180.427 133.074 124 121 118
1764.104 -211.359 101.046 91 92 97
1755.818 -207.049 121.863 37 47 60
1755.548 -207.834 121.248 126 135 155
1747.887 -194.732 123.435 99 112 131
1773.607 -241.853 119.174 77 91 116
1775.440 -252.414 116.542 135 149 165
1775.462 -252.405 116.493 135 149 165
1751.637 -204.550 107.097 26 32 48
1744.453 -192.866 104.708 138 149 158
1744.541 -192.887 104.627 138 149 158
1721.159 -173.592 137.504 146 138 133
1767.100 -243.664 118.534 101 114 135
1761.495 -206.607 39.041 119 116 123
1741.858 -199.690 79.994 41 51 64
1696.560 -170.292 140.996 100 105 107
1740.697 -199.271 72.453 130 145 171
1754.492 -209.429 -6.157 150 153 163
1749.555 -200.564 -4.675 73 73 80
1722.790 -166.383 12.149 163 149 143
1722.790 -166.383 12.149 163 149 143
1733.831 -193.722 6.430 53 66 90
1733.191 -192.888 6.600 51 60 80
1747.897 -210.421 -8.854 59 66 81
1738.802 -196.955 -2.925 132 133 145
1725.273 -179.786 2.226 119 75 93
1738.225 -196.459 -6.538 128 129 141
1724.462 -179.018 2.356 128 111 117
1718.491 -175.322 3.417 86 75 97
1730.046 -185.653 -18.202 113 76 81
1737.010 -198.410 -21.272 91 60 86
1736.515 -198.109 -20.786 242 228 221
1736.149 -198.452 -26.018 143 118 144
1732.387 -198.320 -21.102 227 210 202
1712.727 -177.614 -24.204 197 190 189
1714.796 -196.366 -18.955 163 124 120
1715.222 -198.099 -19.231 181 133 126
1707.220 -188.152 -15.164 232 221 217
1709.918 -215.448 -18.348 130 124 130
1697.173 -196.837 -14.047 122 47 59
1776.482 -203.056 122.738 69 80 96
1776.427 -203.059 122.900 69 80 96
1775.809 -202.615 123.070 37 46 58
1750.449 -171.631 131.024 162 151 143
1753.914 -182.271 131.770 108 101 103
1753.266 -182.630 130.652 68 70 75
1774.257 -215.640 123.888 44 58 79
1786.467 -249.653 128.181 51 61 77
1767.890 -213.949 123.370 109 117 138
1744.168 -181.815 117.157 126 137 147
1747.383 -192.557 122.212 57 68 83
1746.570 -190.838 119.522 41 51 65
1770.240 -213.710 80.084 83 94 116
1767.859 -213.342 62.563 123 137 160
1771.674 -279.872 127.501 121 128 142
1763.600 -210.301 37.631 120 116 129
1696.407 -169.302 141.603 67 73 74
1753.992 -205.057 39.673 60 63 76
1732.096 -176.928 46.566 50 52 57
1731.648 -173.094 46.914 235 219 214
1731.657 -173.115 47.003 235 219 214
1760.232 -208.208 18.588 142 156 179
1744.722 -202.180 39.033 115 121 138
1732.975 -186.922 43.131 28 37 56
1730.129 -175.352 31.338 91 79 102
1751.919 -203.399 -5.833 153 139 155
1724.202 -169.903 3.425 58 53 67
1737.164 -196.253 -8.206 45 53 73
1725.008 -179.225 1.975 211 195 191
1723.409 -179.152 2.785 142 127 138
1718.751 -173.584 4.697 105 94 113
1738.131 -199.458 -9.673 111 113 125
1735.644 -195.505 -7.526 35 41 49
1720.110 -177.062 1.214 126 77 109
1734.861 -191.308 -19.725 149 99 103
1732.446 -185.720 -18.761 252 236 232
1722.454 -178.230 -15.472 237 213 208
1718.581 -175.858 -10.734 116 79 120
1738.650 -203.768 -22.187 82 75 99
1736.645 -199.550 -24.334 92 67 97
1732.459 -196.286 -20.243 238 227 218
1728.760 -188.423 -18.866 145 120 132
1719.574 -177.728 -13.844 129 77 102
1734.755 -198.239 -27.314 234 228 231
1736.616 -204.175 -28.392 179 183 187
1736.725 -203.612 -28.132 180 184 192
1729.635 -197.272 -22.122 217 169 153
1733.030 -201.337 -30.473 237 236 230
1712.586 -173.908 -20.130 165 169 173
1716.392 -193.539 -14.832 244 234 231
1713.459 -176.788 -20.599 209 211 211
1716.253 -195.525 -16.444 238 230 220
1712.544 -195.390 -16.355 239 229 217
1713.934 -197.587 -19.125 189 127 127
1705.580 -192.830 -15.245 219 204 199
1718.004 -217.859 -19.846 242 228 220
1701.240 -189.435 -13.779 175 114 114
1711.217 -212.391 -16.679 94 52 89
1703.204 -198.565 -15.399 218 205 209
1703.204 -198.565 -15.399 218 205 209
1702.994 -197.762 -15.124 183 169 175
1700.461 -196.084 -14.646 195 150 145
1755.335 -259.413 117.149 133 149 168
1711.170 -216.360 -18.793 46 44 48
1727.940 -254.230 128.935 55 55 59
1706.301 -205.051 -13.990 166 149 146
1773.195 -250.128 116.363 84 91 102
1733.807 -179.197 49.214 10 16 24
1758.874 -179.115 71.473 244 233 222
1777.010 -233.633 120.559 52 65 88
1749.271 -267.140 119.045 83 96 118
1748.990 -174.431 132.410 77 79 85
1760.556 -210.906 22.428 69 81 100
1757.189 -215.081 9.865 82 111 136
1773.095 -234.461 122.374 38 52 73
1776.590 -226.610 114.395 74 100 137
1774.210 -225.125 101.314 69 97 132
1763.786 -219.224 47.481 150 175 200
1744.544 -183.738 117.481 118 125 135
1723.615 -177.098 3.968 247 238 229
1719.111 -173.053 1.829 110 66 95
1762.111 -267.874 120.527 127 138 155
1738.495 -239.724 127.760 28 38 55
1739.658 -233.707 128.684 31 42 58
1739.220 -190.341 72.024 77 111 151
1736.583 -181.267 70.955 82 112 143
1747.873 -219.437 0.161 61 75 93
1753.620 -203.721 1.092 39 52 73
1753.620 -203.721 1.092 39 52 73
1731.681 -181.602 35.517 87 111 137
1740.950 -202.983 -7.226 97 92 103
1773.489 -255.003 117.554 27 36 48
1704.095 -244.358 130.992 67 73 81
1759.118 -210.691 16.968 67 79 98
1737.318 -179.040 77.589 75 75 85
1759.417 -269.583 119.045 136 147 163
1770.051 -243.249 118.591 36 45 57
1782.031 -211.583 124.609 103 117 143
1736.030 -230.106 125.047 48 58 71
1721.687 -222.869 44.832 104 106 111
1745.270 -218.233 -6.076 118 120 133
1729.076 -178.235 22.979 92 97 111
1739.449 -204.922 -22.414 88 68 98
1705.402 -190.960 -15.043 210 198 191
1717.871 -179.683 -19.579 133 90 122
1748.179 -258.399 120.017 142 146 154
1761.924 -205.822 127.801 22 31 43
1761.924 -205.822 127.801 22 31 43
1725.440 -254.588 129.631 37 43 51
1743.771 -230.005 102.869 44 53 73
1729.504 -231.101 104.505 63 74 94
1745.688 -196.146 107.462 35 44 56
1761.069 -209.255 39.187 84 93 107
1741.239 -194.786 88.937 27 36 48
1741.102 -185.655 89.075 75 81 89
1733.917 -182.935 47.157 102 105 114
1707.636 -205.857 -14.954 248 239 226
1718.599 -178.704 -19.393 80 51 82
1775.199 -243.377 117.303 69 81 105
1784.118 -218.027 122.260 119 137 162
1769.825 -253.256 116.355 123 137 158
1785.429 -200.842 121.458 154 146 155
1785.429 -200.842 121.458 154 146 155
1762.088 -232.557 130.725 127 141 163
1769.175 -230.002 113.747 136 149 166
1779.923 -208.729 123.994 104 120 148
1780.732 -207.609 123.508 29 43 56
1775.614 -193.972 120.357 111 104 112
1774.923 -190.366 118.777 166 133 122
1765.816 -193.076 122.115 118 100 103
1735.808 -231.958 126.156 76 88 106
1755.643 -200.233 123.192 106 104 110
1723.792 -241.840 128.724 28 40 56
1733.745 -232.928 122.852 91 105 127
1727.159 -236.707 116.712 126 140 162
1725.938 -235.685 109.721 134 145 162
1728.271 -232.317 100.933 42 48 65
1727.909 -232.253 101.516 42 48 65
1744.261 -186.387 111.463 141 151 154
1720.219 -239.150 106.822 133 141 155
1762.554 -218.445 39.454 181 201 224
1744.333 -194.071 101.103 111 119 131
1755.720 -222.903 38.830 85 91 107
1729.636 -162.976 138.979 245 235 223
1723.832 -230.279 79.525 116 137 162
1743.024 -188.727 70.356 155 177 204
1747.849 -218.974 -0.682 27 36 48
1755.328 -212.293 -10.442 192 195 204
1753.051 -204.940 -3.994 99 88 107
1712.744 -227.124 30.989 46 57 72
1730.424 -177.159 30.155 23 30 45
1716.887 -219.153 14.879 183 200 211
1730.209 -176.904 28.770 19 28 40
1711.226 -218.007 17.341 33 41 54
1715.575 -219.092 10.796 33 41 54
1711.416 -221.204 1.919 42 53 71
1720.008 -205.789 -20.713 61 58 70
1719.210 -172.255 4.324 67 46 70
1691.846 -221.348 2.072 227 217 214
1719.937 -185.000 -16.639 108 113 121
1714.527 -197.071 -19.158 243 219 209
1714.307 -185.775 -17.027 211 205 202
1715.917 -182.537 -19.409 84 50 73
1712.197 -178.646 -24.674 123 126 134
1770.605 -255.448 116.679 133 151 173
1775.210 -241.937 117.546 44 56 72
1756.224 -272.931 122.649 33 44 57
1773.092 -237.075 121.110 142 159 185
1774.294 -231.289 119.474 95 111 138
1778.973 -225.640 123.483 45 59 84
1778.973 -225.640 123.483 45 59 84
1778.928 -224.228 124.034 46 64 88
1777.813 -222.331 120.875 48 63 91
1785.106 -208.181 122.803 158 168 184
1767.157 -233.599 121.766 127 141 162
1775.613 -226.973 114.063 140 160 191
1776.069 -216.509 121.507 130 142 158
1777.981 -201.720 122.884 68 77 89
1784.506 -198.835 121.661 37 48 57
1788.430 -195.954 118.016 97 95 100
1777.243 -201.604 122.681 28 37 50
1777.243 -201.604 122.681 28 37 50
1777.430 -200.428 123.111 34 39 46
1772.201 -197.994 123.119 26 34 46
1772.418 -197.168 123.653 53 56 67
1774.589 -183.390 121.426 105 94 91
1774.589 -183.390 121.426 105 94 91
1772.113 -217.328 86.045 26 32 48
1765.334 -194.697 122.098 62 56 63
1768.424 -194.787 121.426 109 95 98
1737.975 -236.451 128.165 27 36 52
1717.153 -255.438 129.510 140 132 134
1724.437 -253.654 127.736 83 85 75
1723.710 -252.878 129.899 132 134 110
1720.760 -248.550 130.895 43 52 55
1747.495 -191.649 124.625 110 123 137
1746.850 -188.897 126.942 48 54 64
1747.016 -185.974 131.178 45 54 66
1745.073 -182.014 126.189 121 130 143
1745.106 -181.142 126.083 117 125 139
1706.075 -246.126 130.376 68 70 75
1728.944 -233.077 107.745 35 44 56
1745.362 -194.468 106.336 94 104 117
1744.540 -195.777 106.425 83 94 105
1744.657 -193.462 102.861 33 42 56
1745.480 -187.214 118.421 122 133 147
1745.031 -181.650 124.075 29 36 52
1731.273 -224.299 89.164 44 53 73
1742.588 -195.502 96.421 36 48 64
1743.070 -194.041 97.158 37 52 72
1743.862 -189.215 103.808 26 32 48
1742.163 -178.972 111.601 43 52 65
1741.753 -177.841 108.968 135 146 155
1761.814 -212.938 37.648 36 42 57
1726.592 -224.857 71.773 45 57 74
1754.109 -222.399 20.532 102 117 140
1708.571 -220.265 88.977 168 181 196
1755.964 -219.527 14.935 100 117 143
1758.124 -215.551 11.768 179 202 220
1723.928 -223.095 54.585 26 33 49
1754.016 -216.435 6.479 45 58 76
1721.926 -223.188 46.055 41 47 59
1722.840 -222.212 45.683 22 30 40
1753.179 -203.179 -0.317 173 192 214
1718.278 -222.042 31.459 123 130 142
1752.928 -206.490 -6.603 74 73 80
1752.430 -203.945 -4.375 82 71 84
1752.450 -203.980 -4.440 82 71 84
1752.048 -203.766 -5.566 75 67 82
1751.801 -203.984 -8.061 60 62 69
1706.286 -231.173 29.118 156 179 201
1730.607 -176.567 31.281 164 183 197
1724.961 -216.532 11.331 50 52 65
1724.628 -216.402 11.873 50 52 65
1727.507 -184.168 4.648 36 48 64
1713.952 -216.605 -2.974 26 32 48
1738.345 -207.401 -26.464 221 225 229
1731.769 -193.753 -19.619 237 224 217
1733.225 -187.893 -19.174 121 57 60
1733.209 -187.869 -19.166 121 57 60
1725.294 -189.975 -18.753 87 101 122
1728.908 -182.097 -17.408 241 225 219
1705.843 -211.239 -21.264 72 40 74
1718.141 -186.125 -17.068 198 202 205
1703.563 -188.040 -14.225 172 117 124
1764.355 -264.963 120.235 35 44 56
1765.529 -264.439 120.964 92 104 129
1766.326 -262.728 118.599 112 126 147
1766.816 -262.166 117.967 91 105 126
1779.990 -226.483 123.451 54 69 89
1763.528 -265.269 119.628 47 58 73
1774.398 -236.930 120.851 54 67 85
1777.083 -223.451 124.237 71 88 113
1785.340 -209.607 122.131 134 145 162
1786.700 -208.643 122.422 141 151 166
1792.777 -190.672 115.610 25 28 39
1755.785 -257.885 119.053 66 77 98
1767.281 -237.263 124.496 52 65 88
1769.818 -235.130 121.280 49 60 78
1776.012 -214.985 125.379 88 104 133
1777.052 -212.469 125.282 76 91 117
1776.074 -212.734 125.087 32 47 66
1777.995 -209.813 123.710 28 37 49
1774.544 -213.463 124.674 35 45 58
1782.060 -196.540 119.288 98 100 106
1752.603 -243.904 125.735 28 38 50
1771.949 -227.992 107.567 28 40 56
1776.148 -201.117 123.192 27 37 50
1777.970 -200.012 123.532 151 131 131
1779.189 -196.158 120.284 105 101 113
1778.132 -192.140 118.170 172 140 134
1770.328 -226.854 97.474 29 41 58
1760.993 -205.842 127.598 51 60 80
1768.941 -195.975 121.337 42 48 56
1773.842 -193.032 120.746 121 112 120
1773.036 -193.152 121.037 79 74 85
1772.994 -192.468 120.875 122 108 116
1771.016 -193.148 121.669 226 218 227
1773.792 -186.732 120.081 119 95 100
1769.564 -219.669 78.731 32 45 61
1767.111 -196.082 121.718 52 56 65
1763.840 -193.633 122.673 56 52 65
1772.776 -185.668 120.300 112 94 97
1734.991 -241.143 129.542 30 42 58
1737.905 -237.227 128.813 68 80 96
1737.905 -237.227 128.813 68 80 96
1723.112 -256.212 128.473 119 121 125
1723.059 -242.968 130.328 87 98 114
1728.649 -238.798 129.688 69 79 100
1730.135 -237.172 128.781 40 54 69
1729.291 -236.459 124.139 50 64 85
1742.254 -231.999 105.104 28 40 56
1747.811 -191.657 131.008 34 40 56
1765.745 -215.282 59.048 45 59 80
1767.213 -212.442 62.280 45 57 81
1745.826 -182.793 130.125 92 104 120
1712.757 -244.579 132.142 210 204 198
1723.529 -236.377 105.080 91 93 93
1726.322 -234.623 108.758 39 48 68
1728.340 -231.505 102.059 102 109 123
1731.029 -228.633 97.944 104 124 149
1734.929 -223.896 100.204 52 65 80
1761.136 -224.020 48.121 88 100 125
1761.133 -224.028 48.113 88 100 125
1766.118 -213.568 52.333 35 44 64
1764.911 -213.492 45.480 101 113 138
1765.521 -212.380 51.823 85 97 122
1744.649 -194.398 102.739 100 109 122
1745.216 -186.432 117.319 46 57 74
1717.159 -238.675 102.310 51 60 80
1727.844 -231.923 99.929 134 142 155
1730.150 -227.301 91.885 37 46 58
1730.311 -226.700 91.294 71 83 99
1760.696 -223.417 44.654 117 131 152
1760.696 -223.417 44.654 117 131 152
1760.074 -223.140 40.321 51 60 78
1763.043 -218.344 39.648 27 40 55
1744.112 -193.432 101.119 79 96 121
1743.174 -185.203 104.554 38 49 64
1741.640 -178.810 109.187 126 137 154
1741.707 -178.601 107.615 44 50 67
1741.594 -178.577 107.745 44 50 67
1726.734 -228.760 86.547 74 73 81
1729.926 -226.191 87.406 78 89 111
1729.629 -225.385 86.863 44 53 66
1741.608 -193.958 89.002 76 85 98
1741.380 -192.996 86.960 39 49 62
1742.695 -192.393 89.868 30 39 51
1741.417 -189.111 90.581 51 57 66
1741.713 -177.929 106.676 136 148 158
1741.615 -177.832 106.919 136 148 158
1740.386 -179.457 97.490 87 96 104
1727.241 -225.271 72.794 26 32 40
1761.185 -211.345 25.279 103 116 138
1761.761 -210.609 24.890 35 43 67
1760.352 -211.861 25.166 103 116 138
1740.506 -182.871 92.169 146 160 173
1749.562 -181.610 68.104 36 48 64
1738.978 -177.182 89.439 135 146 156
1727.211 -223.289 71.587 31 43 59
1729.273 -221.006 68.590 37 52 72
1738.546 -176.360 88.751 36 45 57
1713.588 -235.683 70.469 26 36 50
1713.588 -235.683 70.469 26 36 50
1714.631 -233.320 64.078 75 75 83
1755.835 -220.393 14.425 53 67 86
1754.413 -217.613 11.590 30 43 59
1757.147 -216.889 14.085 30 44 66
1758.331 -210.447 14.870 45 57 73
1757.764 -210.744 12.303 55 70 91
1758.222 -210.053 12.011 100 117 142
1759.224 -207.165 15.518 127 144 168
1720.870 -226.238 57.209 35 44 56
1728.019 -220.616 41.746 32 37 49
1757.222 -211.283 8.318 156 179 204
1758.354 -208.622 7.848 131 146 170
1756.177 -209.470 5.005 31 46 67
1757.298 -209.162 5.296 117 128 146
1715.840 -227.917 45.148 77 74 85
1717.818 -226.023 44.249 106 104 114
1755.855 -212.820 -4.448 50 56 69
1734.073 -176.053 62.685 67 62 80
1746.764 -219.918 -2.917 72 92 120
1746.998 -218.276 -4.464 145 147 164
1748.200 -217.090 -4.391 99 94 107
1752.839 -215.352 -4.537 43 52 67
1753.555 -214.403 -6.570 158 160 168
1754.923 -213.620 -6.238 100 89 108
1755.334 -210.585 -4.254 27 34 50
1755.472 -211.151 -6.603 59 58 68
1755.093 -210.628 -6.748 150 153 163
1753.557 -208.463 -7.186 120 121 128
1733.312 -180.209 47.667 76 73 83
1728.277 -171.584 59.388 27 33 49
1717.284 -223.817 34.278 42 46 52
1731.643 -178.642 37.583 157 171 189
1707.486 -231.566 32.836 28 35 52
1707.486 -231.566 32.836 28 35 52
1715.705 -223.858 27.644 27 33 49
1715.705 -223.858 27.644 27 33 49
1716.307 -223.045 27.353 35 44 56
1716.082 -221.996 24.752 89 85 98
1731.413 -182.662 31.111 53 68 88
1712.107 -225.129 22.152 42 44 56
1716.783 -219.985 18.613 182 196 218
1734.944 -212.013 -5.582 90 89 93
1729.767 -181.521 20.678 56 65 85
1706.971 -228.180 19.755 88 80 102
1710.721 -225.115 15.324 33 42 54
1713.208 -220.964 8.423 28 34 42
1738.594 -199.673 -8.336 99 97 106
1729.149 -177.611 21.164 84 89 104
1705.042 -227.596 10.343 131 125 139
1703.902 -228.223 8.471 171 187 208
1710.195 -223.249 9.038 110 110 117
1709.917 -222.859 5.142 111 107 114
1715.653 -217.682 3.709 55 74 95
1725.305 -214.185 -4.011 153 161 175
1729.315 -210.376 -11.803 34 36 48
1727.280 -185.672 9.719 77 86 99
1727.776 -180.396 11.023 19 28 40
1726.389 -169.910 18.491 44 53 66
1703.647 -227.303 4.316 60 72 93
1714.381 -216.078 -3.444 143 154 164
1733.502 -208.959 -25.314 170 164 178
1737.050 -198.959 -20.332 88 68 99
1726.308 -181.365 0.752 164 179 202
1732.988 -208.899 -25.516 89 78 98
1736.205 -200.596 -27.468 152 155 163
1725.019 -179.638 -3.525 218 201 199
1727.622 -191.118 -18.753 104 124 153
1728.230 -182.185 -17.497 108 48 60
1718.691 -201.638 -18.817 122 118 124
1721.587 -193.600 -18.866 81 99 124
1721.726 -181.976 -16.347 64 56 73
1701.126 -208.111 -26.140 226 227 220
1697.489 -196.924 -14.524 122 47 58
1700.350 -236.182 137.780 128 142 164
1718.566 -168.483 58.392 92 91 107
1741.231 -173.556 135.447 129 123 121
1735.967 -252.829 127.882 35 44 56
1708.785 -193.637 -15.756 158 141 147
1755.554 -257.826 117.765 49 62 77
1702.360 -242.202 130.935 57 65 69
1747.121 -187.430 126.950 35 44 56
1740.887 -217.523 -4.464 59 65 73
1742.125 -207.913 -7.923 59 57 63
1721.590 -207.992 -18.680 122 124 130
1728.898 -244.451 127.525 36 46 64
1762.259 -178.184 130.061 177 147 140
1745.143 -189.901 115.626 121 128 139
1735.519 -221.295 102.253 176 191 213
1743.613 -255.391 121.199 44 54 73
1746.035 -181.645 131.980 71 77 82
1718.758 -231.300 67.294 90 120 153
1736.613 -245.944 128.643 97 109 128
1761.506 -181.209 128.837 187 174 165
1714.063 -246.845 131.000 60 56 65
1746.041 -178.606 133.503 238 230 216
1748.912 -220.130 1.902 114 134 164
1719.280 -181.019 -16.136 42 48 56
1726.636 -180.429 1.076 84 59 81
1733.747 -234.338 128.700 37 46 60
1728.615 -230.271 97.426 76 85 98
1734.810 -187.579 46.452 110 108 119
1732.104 -181.649 43.715 53 59 76
1731.100 -175.758 39.891 50 52 58
1742.764 -211.975 -7.769 148 157 171
1742.216 -208.663 -7.234 119 127 144
1722.087 -179.334 -16.363 80 46 70
1714.609 -164.904 2.299 247 247 240
1774.461 -225.218 100.301 69 97 131
1752.929 -257.987 117.230 153 165 178
1740.778 -259.369 123.734 171 178 183
1747.835 -187.580 130.871 26 34 48
1744.902 -192.197 107.421 118 125 139
1764.287 -212.443 38.539 122 117 131
1723.312 -234.196 95.571 53 65 80
1741.543 -187.811 89.812 35 44 56
1746.763 -217.807 -4.829 92 83 102
1746.771 -217.829 -4.788 92 83 102
1722.814 -177.043 3.490 251 248 238
1728.147 -186.395 -17.918 122 71 78
1762.471 -267.006 120.519 125 140 162
1770.869 -251.886 113.699 42 48 56
1767.223 -242.194 119.020 44 56 72
1775.659 -222.906 115.586 61 77 102
1761.862 -235.214 122.349 50 59 79
1755.934 -236.999 125.249 92 106 128
1765.385 -231.924 99.572 53 62 78
1741.691 -248.178 126.869 76 88 104
1743.311 -237.311 127.444 35 44 64
1744.987 -229.385 124.787 86 100 121
1723.863 -254.445 129.939 135 136 141
1731.086 -236.071 128.254 89 102 118
1732.089 -235.391 128.011 43 52 71
1732.272 -233.708 121.142 61 75 98
1723.812 -241.078 125.606 32 46 60
1728.320 -237.286 123.516 116 127 144
1728.389 -237.370 123.321 116 127 144
1730.429 -234.182 118.421 28 40 56
1730.429 -234.182 118.421 28 40 56
1747.302 -183.778 133.187 125 120 118
1747.348 -183.754 132.887 125 120 118
1723.180 -240.805 122.163 29 41 57
1723.208 -240.782 122.106 29 41 57
1735.464 -232.691 107.129 59 69 87
1746.639 -192.376 119.198 60 72 87
1729.372 -233.569 111.277 76 91 113
1729.372 -233.569 111.277 76 91 113
1735.660 -224.603 103.404 36 48 64
1746.572 -197.108 108.320 84 93 106
1746.835 -195.522 107.672 77 89 105
1741.986 -177.138 131.178 62 68 74
1744.391 -181.294 121.207 31 41 56
1720.202 -238.593 105.477 44 56 72
1725.302 -234.604 103.614 131 139 152
1743.489 -185.352 106.830 27 36 48
1743.022 -194.765 95.879 79 92 110
1731.839 -223.009 87.171 45 54 74
1729.284 -225.063 84.765 44 53 67
1741.950 -192.594 87.560 139 150 161
1742.010 -192.638 87.422 139 150 161
1741.801 -185.141 95.287 133 148 161
1755.047 -220.671 12.149 50 56 73
1756.407 -216.958 13.526 100 133 162
1759.978 -208.538 16.150 35 46 63
1708.308 -229.440 29.548 80 69 89
1716.548 -216.369 9.703 114 124 145
1727.752 -181.068 12.287 105 103 115
1724.635 -167.657 9.994 75 90 112
1726.013 -213.312 -20.486 252 236 232
1722.075 -175.597 3.595 186 178 186
1709.393 -200.655 -13.868 243 228 214
1706.128 -191.062 -15.343 238 228 223
1701.201 -186.297 -13.455 105 46 62
1702.031 -184.432 -13.512 244 231 223
1771.315 -245.071 116.242 42 48 65
1754.673 -257.576 117.198 130 149 170
1748.821 -235.012 126.958 99 110 135
1746.424 -187.164 123.726 37 49 65
1711.568 -243.606 132.734 176 171 165
1733.199 -227.622 103.209 38 50 66
1729.512 -229.908 98.705 84 91 105
1729.249 -229.285 96.065 132 148 166
1733.833 -223.808 92.590 73 86 105
1760.783 -222.444 44.881 37 49 65
1743.984 -187.089 109.859 32 38 52
1719.171 -239.473 105.647 44 53 72
1719.499 -238.936 104.213 133 142 156
1719.499 -238.936 104.213 133 142 156
1742.333 -189.005 94.591 136 153 171
1722.628 -232.784 88.621 115 122 133
1725.826 -229.464 85.381 51 60 75
1761.992 -207.839 38.093 57 60 74
1741.276 -193.668 87.495 101 111 125
1756.092 -215.196 38.320 41 61 88
1698.738 -217.598 122.819 165 181 200
1738.973 -192.031 74.065 124 145 166
1738.973 -192.031 74.065 124 145 166
1713.807 -237.084 77.095 52 63 80
1755.319 -219.959 11.752 138 152 173
1712.702 -236.380 70.364 47 59 75
1736.297 -174.481 76.414 161 177 195
1758.026 -209.159 8.220 27 33 49
1757.148 -213.582 1.951 37 49 65
1716.546 -228.223 50.964 45 54 67
1757.197 -206.103 5.134 45 57 73
1756.552 -205.718 5.264 102 113 138
1710.914 -230.716 43.844 97 93 105
1746.693 -218.982 -4.318 145 156 173
1718.357 -222.423 32.277 29 32 45
1750.773 -207.924 -8.790 187 195 209
1731.882 -188.262 33.938 68 78 99
1707.762 -230.926 32.464 178 190 204
1716.223 -222.396 26.000 96 99 106
1749.465 -206.083 -8.579 52 54 59
1749.447 -206.084 -8.547 52 54 59
1715.510 -222.583 24.226 35 39 51
1705.487 -231.394 25.757 37 49 65
1710.294 -226.095 18.248 169 189 209
1729.017 -181.055 17.835 58 73 92
1713.878 -220.394 11.655 89 81 98
1738.025 -197.904 -8.530 57 60 66
1738.025 -197.904 -8.530 57 60 66
1728.318 -180.673 14.465 29 36 52
1725.305 -214.185 -4.011 156 163 177
1712.371 -220.095 4.616 154 156 162
1712.437 -220.107 4.502 154 156 162
1715.523 -217.456 2.680 50 66 89
1711.068 -221.288 1.651 32 42 53
1713.866 -217.533 -2.909 32 42 58
1729.676 -188.716 -18.801 128 80 91
1731.093 -186.847 -18.736 141 103 115
1731.093 -186.847 -18.736 141 103 115
1692.062 -221.959 2.801 144 114 119
1723.873 -191.931 -18.356 137 163 193
1713.194 -165.453 6.082 253 243 232
1713.194 -165.453 6.082 253 243 232
1714.538 -165.741 2.307 185 161 158
1697.467 -194.264 -13.901 125 61 71
1697.795 -194.383 -14.419 125 61 71
1696.850 -194.556 -13.828 239 216 205
1698.343 -191.878 -13.949 124 61 75
1699.732 -195.192 -14.443 169 107 109
1700.686 -200.298 -14.954 203 176 168
1698.191 -193.832 -13.860 242 223 207
1749.489 -213.240 -9.259 166 174 196
1767.148 -242.719 119.182 44 56 73
1748.827 -172.487 130.628 64 67 74
1789.657 -230.858 117.457 75 89 116
1740.081 -217.741 -4.570 75 77 81
1724.919 -215.272 -20.745 85 37 45
1733.151 -197.401 -20.365 124 66 77
1724.922 -215.265 -20.705 85 37 45
1705.453 -197.677 -13.066 112 95 109
1721.928 -168.598 139.214 171 161 150
1711.016 -194.462 -15.796 197 182 176
1782.189 -202.822 124.407 125 127 132
1781.547 -185.982 120.891 219 205 200
1780.457 -206.732 122.892 53 63 78
1746.366 -211.850 -8.757 53 58 68
1715.180 -216.176 -19.060 104 50 64
1714.919 -182.110 -21.669 94 100 109
1705.028 -209.963 -23.264 107 112 125
1705.668 -191.956 -17.092 201 179 175
1770.872 -187.019 122.649 168 134 125
1742.036 -175.652 134.564 238 232 222
1742.195 -175.493 133.568 238 232 222
1749.156 -203.312 102.351 26 32 48
1748.926 -203.511 103.776 26 32 48
1750.696 -204.414 -9.243 179 189 201
1742.374 -201.259 -2.601 122 130 149
1724.515 -168.304 138.711 246 239 232
1724.427 -168.362 138.890 246 239 232
1786.885 -218.443 120.000 39 49 63
1782.767 -235.637 120.575 73 86 110
1752.631 -247.764 123.070 27 36 48
1744.317 -188.869 110.345 100 114 126
1749.990 -200.961 -4.059 86 86 93
1788.470 -221.933 122.609 71 86 107
1746.271 -199.935 106.101 26 32 48
1740.936 -198.056 1.595 120 110 130
1762.225 -205.664 126.910 26 32 47
1762.225 -205.664 126.910 26 32 47
1762.250 -207.439 127.266 50 61 76
1720.692 -250.196 129.842 125 129 95
1733.955 -186.951 44.954 42 48 57
1720.825 -178.285 -15.812 242 223 214
1717.177 -178.514 -21.798 127 129 138
1774.985 -241.128 121.556 51 62 81
1748.159 -200.873 104.991 23 35 53
1738.495 -170.919 133.819 207 193 178
1726.418 -171.120 137.018 153 139 130
1720.782 -170.277 139.197 245 235 224
1735.321 -191.708 -19.798 248 226 221
1721.836 -164.823 12.473 247 247 240
1719.125 -211.398 -20.373 29 28 39
1781.855 -206.362 122.916 34 40 56
1768.199 -241.892 119.539 85 99 117
1763.084 -208.095 126.885 27 36 48
1759.479 -185.503 130.182 81 88 98
1762.024 -210.814 38.506 29 36 51
1746.663 -202.140 104.942 28 40 56
1742.281 -180.975 107.081 72 73 79
1732.193 -167.449 137.496 161 143 133
1724.248 -171.155 136.451 196 184 175
1733.955 -185.319 45.667 100 104 116
1732.458 -190.034 9.014 26 32 40
1737.854 -198.945 -9.340 49 51 59
1739.065 -203.554 -21.976 173 174 180
1722.675 -165.507 12.214 246 246 239
1724.979 -197.194 -18.461 141 139 148
1716.767 -174.217 0.922 246 239 232
1722.408 -198.487 -18.396 237 240 237
1719.614 -217.548 -20.211 251 235 231
1719.536 -212.167 -20.462 213 206 207
1717.026 -217.805 -19.603 246 233 228
1715.205 -202.897 -17.708 100 58 76
1704.329 -199.863 -13.941 110 97 105
1705.172 -206.135 -23.629 107 106 118
1788.946 -231.499 117.668 75 88 110
1780.850 -225.128 123.799 97 111 133
1780.714 -225.174 123.046 97 111 133
1775.414 -215.092 124.974 47 60 75
1771.615 -261.900 128.513 93 104 120
1771.732 -262.156 129.307 93 104 120
1771.112 -240.946 121.507 30 37 53
1757.585 -184.340 130.652 79 81 85
1756.094 -185.201 125.176 127 131 140
1759.261 -208.298 86.717 125 143 170
1748.296 -192.041 130.263 34 40 56
1747.669 -190.999 128.173 76 87 104
1747.759 -189.364 129.947 35 44 56
1745.421 -187.365 118.615 122 133 147
1742.030 -174.151 134.337 254 247 233
1764.188 -211.290 37.834 112 105 121
1746.609 -201.167 105.177 88 98 117
1746.527 -201.211 105.453 88 98 117
1738.619 -172.553 135.544 74 70 75
1737.063 -172.782 136.119 76 72 76
1722.454 -170.046 138.501 246 238 230
1717.133 -168.555 139.635 136 118 108
1717.678 -158.867 140.169 58 60 65
1733.556 -182.012 46.477 104 101 112
1730.690 -172.578 39.146 57 56 65
1743.572 -203.548 -2.917 132 134 147
1735.958 -197.427 -20.608 147 97 101
1733.025 -197.424 -20.170 126 67 78
1720.472 -176.966 2.882 136 86 111
1720.032 -174.908 4.656 123 121 130
1725.451 -211.209 -20.543 105 58 79
1726.085 -180.769 -16.946 108 63 81
1720.771 -188.644 -12.637 195 185 188
1720.193 -189.184 -13.350 63 61 70
1720.395 -199.444 -18.186 126 127 139
1711.066 -168.877 6.957 245 243 235
1716.162 -198.038 -19.465 236 202 189
1710.970 -211.154 -16.655 70 49 72
1712.050 -195.445 -16.477 153 121 122
1705.897 -190.347 -15.302 186 171 166
1697.495 -201.928 -14.524 146 79 83
1789.980 -218.243 118.656 71 84 108
1783.905 -231.409 122.276 77 89 105
1785.294 -222.576 122.001 94 111 137
1786.029 -218.035 122.430 36 45 57
1778.355 -273.209 112.143 57 67 86
1773.764 -214.259 124.237 35 44 56
1762.777 -211.593 126.181 36 48 64
1762.172 -208.948 126.974 55 65 84
1758.387 -185.805 130.765 28 38 50
1761.525 -266.540 117.246 109 118 134
1757.789 -186.053 129.761 66 75 80
1752.529 -203.643 108.247 100 108 121
1747.842 -190.651 129.980 35 44 56
1749.902 -264.566 117.449 156 166 177
1751.832 -203.395 108.336 58 60 73
1746.357 -187.135 123.913 38 50 66
1746.073 -182.336 131.349 34 40 56
1749.241 -201.328 104.667 43 52 65
1745.582 -188.199 120.357 58 70 86
1745.021 -184.997 116.501 59 65 75
1745.406 -200.383 105.655 61 72 88
1737.226 -166.382 137.010 235 228 214
1735.685 -168.329 137.213 174 161 154
1741.798 -179.492 107.624 30 40 51
1742.997 -194.762 95.935 80 93 111
1724.765 -171.864 137.018 148 142 143
1717.502 -160.775 141.206 194 185 181
1712.508 -159.686 139.716 130 119 118
1734.494 -176.081 62.685 69 67 81
1750.887 -200.580 -4.812 180 158 168
1733.480 -179.992 48.607 138 149 163
1733.204 -178.042 48.656 78 74 86
1733.248 -189.872 36.319 127 138 163
1696.073 -168.639 141.846 104 105 104
1745.117 -199.280 -3.436 111 113 118
1731.710 -178.831 37.534 158 172 190
1730.378 -173.397 37.745 81 74 98
1727.559 -171.663 21.715 65 60 73
1738.896 -200.748 -21.385 101 99 108
1738.314 -202.413 -21.855 115 113 122
1737.951 -202.650 -25.419 79 66 88
1726.082 -180.377 0.323 80 55 67
1732.425 -185.648 -18.680 250 234 230
1724.865 -179.906 -4.181 63 68 83
1718.497 -173.995 4.284 92 81 101
1711.932 -168.367 6.341 136 120 124
1719.954 -204.497 -18.348 146 148 161
1719.468 -211.684 -19.360 56 52 57
1719.214 -203.112 -19.133 217 216 218
1718.901 -202.760 -19.522 69 67 77
1717.597 -216.224 -19.611 104 49 62
1715.718 -189.497 -14.573 194 188 187
1714.754 -185.947 -15.731 91 96 102
1715.194 -182.907 -19.611 148 103 130
1708.186 -211.334 -15.245 179 179 194
1707.158 -210.734 -15.100 149 147 157
1707.823 -206.712 -14.581 151 124 132
1705.106 -204.669 -14.136 154 129 135
1706.592 -188.147 -15.456 123 107 118
1703.664 -185.443 -13.585 131 77 91
1697.504 -194.262 -13.868 132 72 82
1725.721 -180.093 -16.703 246 230 219
1701.957 -213.056 -23.370 184 186 190
1715.773 -182.464 -19.303 84 50 73
1737.028 -249.950 128.003 99 110 127
1791.134 -208.861 120.867 36 45 58
1723.573 -212.261 -20.170 84 46 57
1722.050 -183.361 -16.671 212 212 217
1789.655 -219.313 118.275 151 168 194
1708.558 -200.877 -13.723 104 77 80
1748.613 -210.208 -7.089 62 73 87
1713.199 -210.250 -16.760 50 48 54
1743.710 -211.979 -7.972 133 147 167
1718.934 -218.398 21.294 48 55 70
1718.217 -166.440 4.551 249 242 229
1736.402 -225.466 103.727 40 49 67
1757.387 -222.724 24.526 75 88 109
1730.126 -170.917 46.955 243 231 216
1718.655 -206.818 -20.948 250 249 243
1721.427 -168.569 3.838 87 77 96
1736.849 -240.693 129.259 27 36 55
1751.320 -225.476 56.132 91 96 108
1739.092 -190.390 72.251 76 108 144
1747.186 -209.688 -8.522 143 156 176
1718.501 -192.607 -13.949 217 194 182
1758.158 -204.802 91.075 138 149 166
1758.842 -218.380 26.470 97 132 166
1717.567 -242.997 129.469 121 128 142
1747.154 -201.516 -4.553 123 132 147
1726.677 -187.266 -20.632 159 140 140
1708.302 -192.074 -15.658 190 176 175
1787.746 -227.542 122.325 93 105 123
1786.556 -201.539 122.698 44 53 66
1750.116 -268.288 119.571 84 93 106
1729.037 -242.447 128.424 41 52 65
1760.459 -216.280 23.845 54 76 102
1747.518 -216.352 -9.365 162 170 182
1723.608 -218.555 29.661 65 75 93
1726.659 -214.549 -20.389 251 232 223
1735.253 -191.643 -19.538 250 228 223
1722.012 -216.762 -19.960 251 232 231
1716.896 -217.739 -19.166 245 235 231
1714.243 -217.604 -18.574 249 232 227
1713.073 -210.672 -12.864 96 95 101
1718.706 -203.338 -20.203 247 247 247
1718.371 -199.111 -18.331 117 120 131
1722.927 -191.368 -18.647 234 208 199
1720.222 -189.339 -13.099 65 61 67
1723.132 -178.958 -15.667 248 226 214
1716.615 -167.766 2.753 131 113 128
1712.425 -195.319 -16.971 231 225 217
1714.311 -166.847 5.709 246 239 225
1701.870 -208.513 -25.516 123 125 131
1713.212 -178.496 -23.394 135 140 150
1796.415 -193.036 116.347 234 227 222
1767.094 -220.555 60.247 35 50 64
1748.888 -228.728 126.027 52 61 80
1765.773 -219.621 53.710 31 44 65
1738.429 -235.571 128.052 27 36 48
1739.957 -232.457 102.739 155 163 177
1739.957 -232.457 102.739 155 163 177
1753.995 -224.467 31.913 51 57 66
1754.927 -224.803 27.571 51 57 66
1732.844 -221.629 86.742 99 116 141
1755.177 -214.443 1.141 39 46 61
1740.875 -176.129 106.271 75 79 86
1716.869 -234.945 83.801 80 77 87
1719.650 -233.878 82.343 88 83 98
1725.089 -225.624 68.039 56 69 92
1750.225 -216.086 -0.925 43 49 66
1720.356 -226.656 56.472 153 172 194
1721.885 -223.639 52.049 70 88 112
1743.776 -219.040 -5.307 74 73 75
1735.235 -187.600 48.445 23 32 47
1739.973 -200.358 -1.556 99 106 121
1737.330 -210.895 -12.759 125 113 134
1738.034 -197.146 -5.177 74 75 81
1731.205 -181.239 27.409 28 36 52
1715.503 -218.218 4.187 159 178 202
1725.049 -216.315 -20.608 108 67 89
1735.073 -196.847 -19.976 249 217 208
1715.331 -217.290 -19.506 102 47 61
1719.231 -208.830 -18.728 175 148 144
1721.338 -199.297 -18.396 238 231 223
1727.936 -181.451 -17.343 246 242 231
1723.986 -184.649 -16.914 227 217 213
1696.817 -220.139 -0.212 252 246 238
1704.136 -215.968 -9.041 33 33 40
1719.481 -189.310 -13.714 237 234 229
1719.242 -169.733 3.490 115 85 91
1719.162 -187.617 -16.647 118 129 139
1717.828 -179.123 -19.846 139 95 129
1703.572 -188.080 -14.249 171 125 127
1758.228 -271.199 121.466 39 51 66
1769.806 -235.036 121.669 45 58 78
1783.900 -206.031 124.836 75 89 107
1783.859 -206.004 124.901 75 89 107
1772.559 -224.771 92.323 127 144 169
1739.973 -251.678 126.974 36 45 58
1765.363 -221.079 58.813 53 67 87
1766.532 -221.023 58.497 182 201 224
1759.457 -195.290 122.730 35 44 57
1760.849 -223.450 43.099 112 124 144
1760.646 -222.393 45.075 38 50 66
1733.556 -233.571 127.541 79 93 112
1733.553 -226.866 102.974 67 73 89
1743.656 -195.073 100.577 77 94 115
1743.258 -194.754 97.750 80 93 111
1757.496 -213.418 5.369 198 214 233
1742.399 -194.372 95.125 93 105 114
1718.248 -238.778 99.054 51 60 80
1722.252 -233.529 87.924 56 69 84
1740.623 -193.980 84.279 36 46 61
1740.397 -191.699 82.125 159 173 196
1753.051 -215.553 -0.463 35 45 65
1698.202 -239.872 129.915 95 100 104
1737.442 -190.569 73.482 24 31 45
1747.081 -213.649 -8.806 53 58 68
1710.954 -232.977 57.525 42 51 64
1715.883 -228.956 46.420 98 125 155
1710.359 -233.377 49.952 27 36 48
1709.862 -232.163 50.721 43 51 62
1733.509 -174.392 57.395 19 25 36
1732.525 -172.597 54.763 29 38 50
1706.674 -231.018 45.472 61 67 75
1704.352 -232.591 46.533 91 97 113
1735.001 -192.727 13.299 41 50 66
1706.104 -232.139 40.750 42 48 56
1718.026 -219.900 21.990 162 179 198
1724.181 -216.770 8.650 125 127 132
1711.889 -225.777 26.121 186 196 207
1706.077 -229.431 26.575 36 47 62
1728.818 -211.733 -7.850 53 59 75
1735.018 -196.095 -7.469 80 83 88
1715.701 -218.412 8.609 166 183 201
1728.593 -172.389 27.353 72 61 88
1714.733 -216.980 0.404 20 32 48
1724.502 -211.788 -20.243 87 47 68
1735.655 -190.979 -19.546 92 52 73
1727.996 -176.238 13.526 174 185 197
1698.681 -229.375 9.184 164 186 207
1724.799 -196.502 -18.566 248 250 250
1729.756 -182.980 -17.076 248 235 229
1704.110 -218.456 -1.208 93 81 93
1725.099 -190.553 -19.077 99 119 140
1727.778 -186.248 -17.878 102 46 53
1718.083 -191.552 -13.860 230 223 222
1708.688 -207.417 -14.589 142 140 148
1719.840 -186.491 -16.954 205 206 212
1720.781 -184.596 -16.541 204 205 210
1720.616 -184.053 -16.590 74 73 81
1702.552 -215.723 -17.424 171 169 179
1703.203 -203.804 -15.723 57 36 49
1702.689 -209.241 -23.110 145 150 159
1714.830 -176.635 -21.239 161 166 179
1698.022 -202.100 -15.618 146 79 83
1697.292 -199.417 -14.128 123 60 67
1800.447 -203.556 115.448 53 64 80
1804.042 -198.010 122.843 148 134 127
1767.463 -253.304 116.104 88 98 117
1776.730 -212.335 124.707 50 62 80
1755.669 -249.285 120.770 120 131 149
1783.351 -186.750 120.413 151 129 133
1747.617 -264.223 117.587 169 176 189
1768.810 -222.516 71.919 157 177 199
1768.509 -222.258 67.747 171 187 206
1738.189 -254.750 127.064 52 65 80
1767.705 -221.714 64.912 172 191 213
1767.705 -221.714 64.912 172 191 213
1739.628 -240.725 128.473 85 96 111
1765.681 -218.711 52.641 180 197 216
1730.487 -251.755 128.319 116 125 117
1736.466 -239.202 129.364 27 36 55
1761.692 -211.979 38.077 77 89 113
1751.734 -223.292 21.642 57 71 92
1754.535 -218.156 8.471 98 107 128
1704.977 -249.707 129.080 131 129 131
1718.337 -239.394 100.933 146 160 182
1718.981 -238.546 100.706 133 143 158
1719.348 -238.000 97.823 46 53 65
1725.788 -228.853 84.903 96 103 117
1724.768 -229.631 83.850 160 173 191
1740.924 -183.864 95.312 38 48 61
1755.177 -210.541 -1.581 22 33 50
1739.546 -179.491 92.371 68 68 76
1739.605 -177.009 94.631 41 51 63
1750.777 -215.622 -5.145 107 101 108
1752.146 -214.760 -4.829 156 154 160
1738.321 -182.821 85.802 147 161 180
1737.569 -191.220 68.274 111 124 146
1747.581 -209.997 -8.701 150 160 178
1711.104 -234.152 57.598 27 36 48
1716.426 -228.870 53.394 173 184 201
1711.485 -230.190 44.209 53 54 62
1732.920 -185.931 44.006 42 45 57
1732.485 -186.668 33.517 179 193 208
1713.371 -222.030 15.794 171 184 198
1728.156 -211.944 -9.843 129 131 136
1729.544 -181.963 21.480 101 107 121
1713.414 -221.118 10.650 34 37 52
1736.757 -197.765 -20.275 105 75 100
1709.300 -223.906 8.925 190 203 218
1726.359 -214.468 -21.069 155 113 114
1733.517 -205.739 -27.169 186 191 196
1736.753 -195.343 -20.405 82 44 63
1728.217 -175.981 17.001 17 27 39
1734.123 -200.813 -26.423 161 166 171
1700.922 -227.508 1.100 55 49 60
1724.800 -200.882 -22.009 214 207 199
1725.228 -194.902 -17.619 99 127 157
1725.613 -190.454 -18.485 149 169 196
1713.166 -208.630 -16.323 99 60 84
1717.326 -206.696 -20.851 234 201 189
1717.755 -205.513 -20.899 208 177 168
1722.184 -193.475 -18.453 139 165 195
1695.598 -225.466 -2.358 244 241 230
1703.211 -215.875 -17.675 107 96 114
1705.723 -212.463 -21.798 124 76 113
1705.723 -212.463 -21.798 124 76 113
1706.271 -207.209 -20.470 167 115 126
1703.888 -201.351 -15.375 112 98 114
1700.266 -199.269 -15.205 205 137 134
1703.180 -183.126 -13.642 241 212 200
1697.794 -193.292 -13.990 133 66 72
1748.838 -268.012 120.162 64 76 92
1725.056 -214.367 -20.624 114 84 103
1733.824 -253.701 128.214 144 148 151
1778.151 -201.458 123.313 52 61 74
1725.776 -207.949 -20.162 181 176 171
1730.834 -210.529 -21.077 116 64 68
1715.365 -214.007 -18.947 76 31 49
1702.668 -184.396 -13.536 122 57 67
1728.903 -222.455 -13.544 49 61 77
1743.100 -242.466 128.619 60 73 93
1756.219 -219.393 85.187 57 73 95
1729.347 -201.444 -22.511 177 181 188
1712.335 -246.980 132.912 83 81 81
1707.856 -213.129 -19.627 60 62 71
1727.145 -235.344 116.615 61 76 96
1708.656 -230.491 46.768 105 108 112
1781.963 -215.179 123.038 101 118 149
1735.527 -227.293 105.777 52 65 80
1718.115 -179.632 -14.443 50 52 57
1770.884 -232.457 100.787 44 53 66
1769.816 -222.130 74.098 72 102 136
1759.041 -226.794 44.168 97 110 134
1749.699 -174.968 132.167 66 70 76
1745.262 -189.715 116.914 121 128 141
1714.436 -238.021 117.716 116 125 140
1727.446 -163.216 137.205 245 233 219
1735.814 -184.329 52.479 150 170 193
1729.903 -179.383 19.739 103 119 139
1710.138 -205.695 -16.898 248 243 234
1713.379 -201.082 -17.530 246 243 232
1768.590 -228.208 95.587 72 83 97
1759.661 -221.697 39.211 78 80 91
1732.087 -224.662 90.225 45 54 69
1757.426 -209.352 6.552 64 76 91
1736.415 -168.442 134.086 229 218 207
1750.530 -204.527 -8.539 186 195 205
1738.158 -214.792 -4.335 115 123 142
1712.503 -228.701 41.333 61 66 76
1736.442 -203.530 -28.861 156 162 174
1726.091 -207.761 -20.486 241 232 227
1701.313 -212.113 -21.985 176 176 182
1764.871 -235.845 122.941 29 37 48
1759.411 -210.928 25.255 59 69 87
1712.244 -253.120 123.605 57 60 65
1753.744 -207.226 -3.274 34 39 55
1742.803 -201.193 -3.751 117 125 145
1742.803 -201.193 -3.751 117 125 145
1732.378 -183.544 44.913 51 60 73
1732.085 -183.484 45.845 51 60 73
1733.670 -212.962 -3.363 60 60 63
1711.109 -221.298 6.795 67 89 113
1711.109 -221.298 6.795 67 89 113
1724.165 -177.156 3.231 244 234 222
1699.590 -226.179 3.360 79 78 81
1702.434 -220.210 -1.354 69 71 74
1717.477 -200.521 -17.918 59 59 65
1718.052 -172.564 -3.606 246 243 239
1718.052 -172.564 -3.606 246 243 239
1759.916 -273.839 125.176 35 45 64
1744.981 -241.645 127.363 34 45 56
1745.037 -241.679 127.582 34 45 56
1762.204 -223.095 49.506 36 48 64
1724.617 -239.211 127.793 107 120 141
1762.337 -211.823 37.810 28 36 51
1757.387 -222.724 24.526 91 104 125
1723.430 -237.574 107.761 129 137 148
1742.328 -175.055 134.621 244 237 224
1755.571 -216.586 11.655 96 124 152
1726.010 -226.203 72.024 69 83 104
1742.940 -204.428 -6.100 55 56 61
1738.004 -210.378 -9.883 114 102 123
1731.119 -181.352 37.972 85 114 146
1730.126 -170.917 46.955 244 231 215
1720.891 -185.585 -11.868 106 98 104
1718.853 -189.226 -15.424 204 197 201
1692.900 -218.005 0.679 148 131 139
1703.116 -216.427 -14.233 84 67 90
1692.052 -215.189 -1.111 249 240 230
1768.721 -261.711 117.465 118 130 149
1768.629 -261.599 117.846 118 130 149
1762.191 -267.954 119.312 128 142 163
1760.072 -267.276 117.392 64 52 64
1772.690 -227.782 108.142 60 73 88
1764.639 -229.854 78.123 65 76 97
1747.200 -227.879 103.379 42 51 69
1756.909 -220.152 29.175 79 92 112
1756.977 -217.629 17.268 94 123 154
1742.417 -178.819 129.996 30 39 51
1720.278 -237.545 105.639 83 81 86
1755.619 -218.789 9.743 55 69 86
1743.621 -182.964 110.588 122 128 136
1741.604 -172.499 133.139 68 67 71
1741.604 -172.499 133.139 68 67 71
1731.463 -222.380 77.103 42 55 74
1742.057 -184.387 95.911 60 78 99
1741.604 -181.560 106.044 72 72 78
1723.384 -229.911 80.318 75 95 120
1693.597 -243.940 139.959 43 49 59
1735.568 -183.687 57.063 62 86 115
1735.568 -183.687 57.063 62 86 115
1715.220 -229.051 47.181 97 127 159
1718.429 -226.144 47.165 92 124 153
1712.255 -230.373 46.760 105 94 114
1740.522 -202.571 -11.819 115 93 125
1731.293 -177.794 36.222 76 103 136
1730.722 -174.517 42.062 74 74 81
1710.682 -225.860 20.354 86 118 153
1710.682 -225.860 20.354 86 118 153
1729.575 -176.595 25.822 90 120 153
1733.705 -195.697 -19.765 125 84 96
1721.634 -183.637 -15.253 196 196 199
1775.271 -230.349 122.981 43 53 71
1772.684 -219.373 96.575 48 58 76
1765.163 -228.101 73.029 75 89 114
1766.590 -196.436 121.677 50 56 65
1717.357 -242.513 125.055 101 110 126
1734.147 -169.055 136.354 237 227 215
1739.430 -180.051 97.061 76 73 84
1755.056 -203.225 3.077 131 151 179
1737.183 -178.865 77.289 83 76 94
1721.288 -221.973 43.212 42 48 56
1714.852 -227.805 43.941 51 56 66
1736.255 -211.817 -3.654 66 69 75
1710.792 -229.456 38.871 54 59 61
1710.792 -229.456 38.871 54 59 61
1730.322 -212.775 -7.810 94 100 109
1739.455 -206.441 -19.498 112 85 121
1739.187 -204.672 -21.523 89 74 100
1731.596 -207.783 -27.938 94 100 113
1734.044 -201.647 -26.780 198 200 205
1735.562 -198.536 -23.119 97 79 106
1731.648 -200.278 -27.209 226 225 226
1726.373 -180.223 1.773 91 68 90
1717.767 -209.668 -20.113 237 214 204
1720.345 -195.015 -18.056 118 148 178
1693.920 -220.871 1.765 245 237 223
1696.639 -221.496 -0.455 149 139 158
1706.292 -213.815 -23.929 123 86 120
1701.411 -209.204 -26.067 115 117 131
1714.377 -177.852 -25.565 206 206 206
1771.127 -259.014 117.611 123 135 153
1777.448 -240.974 117.570 79 92 116
1762.104 -269.981 124.326 27 36 55
1763.745 -268.247 123.670 108 122 143
1767.190 -260.568 114.995 48 54 64
1769.989 -251.911 114.654 42 48 58
1790.000 -210.272 120.203 100 112 137
1765.433 -242.647 119.652 93 107 127
1774.945 -223.155 106.117 35 49 71
1761.041 -245.524 120.332 39 49 68
1769.853 -228.398 94.137 50 61 80
1775.980 -193.629 120.098 114 104 110
1721.756 -256.929 127.857 168 159 161
1717.540 -244.669 130.676 238 231 216
1734.650 -224.322 99.459 52 65 80
1726.606 -229.146 88.597 84 88 95
1726.870 -229.131 87.706 84 88 95
1756.419 -208.984 4.033 58 72 89
1692.878 -244.382 134.216 131 133 131
1738.892 -179.785 87.536 67 69 81
1750.340 -201.330 -4.399 91 90 98
1720.242 -220.957 39.114 23 32 45
1733.558 -186.986 46.379 40 46 57
1733.162 -182.519 45.772 37 44 56
1713.871 -226.863 38.474 55 59 67
1713.871 -226.863 38.474 55 59 67
1707.225 -232.212 44.946 108 113 122
1731.550 -179.407 39.430 48 53 56
1723.771 -216.694 7.694 124 122 129
1730.110 -212.973 -7.939 97 102 111
1722.633 -215.647 1.465 125 124 131
1732.322 -209.737 -16.533 126 103 130
1703.175 -231.012 22.023 89 102 125
1702.557 -230.568 18.742 85 98 122
1732.254 -209.592 -26.488 111 90 113
1734.081 -201.663 -26.966 198 200 205
1702.255 -230.150 13.250 62 75 95
1732.281 -204.851 -28.926 217 214 217
1732.281 -204.851 -28.926 217 214 217
1732.151 -203.748 -30.174 135 137 143
1733.526 -200.680 -27.703 154 161 173
1711.258 -219.927 -1.678 40 46 53
1723.085 -204.038 -18.469 242 232 227
1703.809 -217.737 -2.739 162 123 141
1722.472 -192.309 -19.498 212 196 190
1722.472 -192.309 -19.498 212 196 190
1723.159 -183.039 -16.971 86 73 94
1706.687 -195.043 -12.726 175 133 134
1706.803 -194.146 -13.804 235 214 205
1711.276 -188.043 -15.505 245 235 223
1702.333 -209.224 -24.763 174 178 181
1699.927 -201.982 -15.699 168 109 117
1699.602 -199.825 -15.075 189 149 145
1766.398 -266.369 124.455 25 33 49
1770.511 -258.367 115.853 27 36 48
1797.701 -200.622 112.913 44 55 71
1763.425 -266.774 122.066 42 51 64
1770.617 -254.265 116.477 50 60 76
1797.827 -193.550 118.858 132 134 139
1759.028 -272.389 123.969 27 36 52
1759.940 -268.388 115.667 51 56 65
1762.875 -265.660 118.486 27 37 49
1771.457 -240.311 118.283 38 47 66
1795.084 -191.743 114.922 191 186 186
1755.536 -271.987 119.830 27 36 49
1756.852 -270.684 119.223 27 36 48
1768.632 -242.334 119.247 95 103 118
1769.273 -237.946 123.807 71 84 108
1761.531 -233.887 124.771 29 40 55
1773.302 -214.878 103.274 81 94 116
1752.980 -249.826 120.762 151 171 201
1767.912 -226.824 87.576 47 56 71
1771.036 -215.288 83.477 83 96 118
1767.835 -213.694 62.045 104 113 129
1765.113 -219.230 50.365 37 51 70
1766.712 -214.684 58.886 99 117 147
1764.186 -218.604 43.706 30 42 58
1763.526 -218.195 40.353 22 35 51
1731.429 -237.332 129.866 27 37 51
1759.703 -222.797 36.570 55 58 69
1762.801 -217.713 37.113 35 50 65
1755.297 -177.691 129.591 129 122 115
1761.590 -216.987 30.431 54 74 103
1760.820 -212.663 34.780 114 115 127
1732.018 -227.167 101.605 44 56 80
1759.789 -215.795 20.905 57 79 106
1760.352 -212.180 28.171 68 85 106
1759.998 -211.402 24.396 59 73 93
1725.578 -233.707 104.926 75 85 100
1732.916 -225.430 91.415 37 46 60
1758.580 -215.044 13.834 33 47 65
1759.413 -211.142 20.597 56 69 88
1743.671 -191.356 106.911 67 76 91
1708.863 -243.129 130.960 175 166 169
1757.506 -214.291 7.362 56 72 93
1757.506 -214.291 7.362 56 72 93
1757.814 -210.492 14.425 60 73 93
1756.903 -213.952 3.530 53 74 102
1756.278 -213.505 0.509 44 56 72
1757.711 -209.071 7.564 47 56 69
1740.419 -189.022 86.499 76 85 89
1699.272 -242.884 132.491 59 69 81
1755.571 -213.022 -2.156 50 64 85
1727.800 -222.203 60.546 28 38 50
1727.800 -222.203 60.546 28 38 50
1729.920 -220.966 50.851 112 112 117
1750.967 -214.998 -7.072 90 95 106
1754.400 -210.133 -6.821 83 86 97
1754.263 -208.609 -9.486 107 107 116
1687.614 -242.384 138.015 37 49 57
1712.034 -236.703 71.765 77 90 111
1751.999 -202.024 -2.642 93 79 102
1743.034 -218.098 -4.626 116 120 130
1739.529 -217.646 -4.254 75 77 88
1716.100 -226.517 43.026 94 95 102
1715.481 -226.294 40.969 100 98 107
1726.221 -218.282 25.076 121 120 126
1726.221 -218.282 25.076 121 120 126
1742.796 -202.901 -3.136 124 130 146
1742.296 -198.307 -2.869 58 61 73
1712.908 -227.312 34.351 44 56 72
1739.557 -200.954 -2.091 48 50 57
1715.049 -223.859 27.328 37 43 58
1715.049 -223.859 27.328 37 43 58
1730.401 -187.824 29.305 57 65 81
1730.888 -179.281 36.773 91 103 120
1705.841 -232.491 34.553 56 66 85
1714.823 -223.510 22.703 49 59 74
1738.078 -207.822 -21.385 94 66 97
1712.988 -222.613 18.070 44 53 71
1712.988 -222.613 18.070 44 53 71
1732.553 -191.513 7.103 42 48 56
1710.082 -225.336 17.600 40 50 67
1710.082 -225.336 17.600 40 50 67
1712.702 -222.299 13.931 27 36 50
1716.189 -218.709 12.173 177 196 211
1716.508 -218.789 11.290 177 196 211
1725.788 -213.460 -5.371 57 67 83
1737.569 -206.834 -26.990 105 95 113
1737.770 -200.805 -21.126 148 150 156
1737.904 -200.865 -21.434 148 150 156
1729.403 -183.931 14.676 29 33 44
1728.192 -177.451 25.206 97 102 117
1728.192 -177.451 25.206 97 102 117
1712.075 -221.914 10.586 40 49 62
1712.075 -221.914 10.586 40 49 62
1728.775 -183.491 11.582 27 33 48
1714.811 -218.477 2.526 29 37 48
1728.109 -179.250 12.044 29 35 47
1728.109 -179.250 12.044 29 35 47
1728.163 -175.585 15.867 27 33 48
1728.163 -175.585 15.867 27 33 48
1729.142 -198.657 -23.467 87 45 51
1726.521 -196.001 -18.437 79 61 81
1725.888 -177.587 2.121 238 227 223
1701.417 -224.306 0.979 238 231 231
1717.536 -212.677 -20.429 86 87 98
1719.849 -206.188 -19.830 45 51 67
1726.758 -188.499 -19.919 229 197 182
1721.129 -185.389 -13.593 81 77 88
1723.035 -183.099 -16.736 90 78 99
1721.443 -167.876 2.016 99 88 102
1706.847 -214.798 -18.072 51 53 66
1719.703 -185.863 -16.630 196 199 205
1719.703 -185.863 -16.630 196 199 205
1693.997 -216.835 -0.260 136 99 113
1720.939 -178.407 -16.517 241 222 213
1720.759 -178.273 -16.015 241 222 213
1716.615 -167.766 2.753 126 108 121
1714.802 -185.720 -16.088 96 98 111
1705.473 -194.804 -12.718 162 105 113
1718.959 -178.971 -20.640 82 53 83
1717.988 -176.472 -17.108 247 247 247
1701.927 -211.570 -24.350 206 207 206
1704.505 -205.102 -21.790 238 236 231
1704.575 -205.124 -22.017 238 236 231
1705.881 -185.880 -14.476 233 222 210
1713.613 -179.986 -22.244 141 146 148
1713.613 -179.986 -22.244 141 146 148
1713.186 -179.530 -23.394 191 185 188
1704.292 -185.527 -14.030 145 89 100
1710.274 -180.078 -22.487 191 190 190
1796.415 -193.036 116.347 232 226 220
1765.546 -260.776 116.947 127 141 163
1753.061 -267.808 119.101 116 126 142
1789.978 -191.483 115.286 157 131 124
1757.082 -250.154 122.325 27 36 52
1761.314 -236.406 122.236 49 61 77
1773.080 -224.338 94.250 29 43 64
1773.080 -224.338 94.250 29 43 64
1771.819 -223.546 87.236 51 69 87
1771.171 -223.089 84.093 27 36 48
1766.937 -227.880 81.396 60 72 94
1770.045 -222.392 77.119 48 60 76
1766.824 -224.727 77.151 29 43 64
1768.904 -221.609 70.436 29 39 54
1768.173 -221.240 67.334 27 36 55
1767.680 -220.834 63.632 39 55 76
1745.874 -231.793 128.214 69 81 97
1746.665 -229.778 126.448 94 108 130
1746.582 -229.705 126.950 94 108 130
1766.409 -220.064 57.323 35 44 64
1766.409 -220.064 57.323 35 44 64
1738.727 -243.046 128.473 86 99 121
1765.846 -215.274 57.428 59 73 94
1762.064 -224.327 51.653 37 49 64
1765.881 -213.463 50.284 94 106 126
1754.752 -197.495 123.435 35 44 56
1763.894 -213.624 44.387 45 57 74
1763.875 -213.607 44.492 45 57 74
1757.561 -220.877 36.700 26 34 51
1758.943 -220.801 37.631 46 54 67
1747.685 -189.729 130.020 35 44 56
1758.318 -219.077 30.908 53 70 90
1758.318 -219.077 30.908 53 70 90
1746.279 -189.441 123.500 107 118 135
1751.198 -174.430 131.413 126 119 115
1750.339 -173.950 130.660 42 48 57
1729.136 -232.347 106.093 126 137 154
1733.848 -225.587 98.292 44 56 72
1734.241 -224.007 94.615 51 64 79
1757.712 -218.825 27.806 81 103 132
1724.648 -235.039 101.816 43 52 65
1725.596 -235.080 106.328 132 142 158
1734.382 -223.032 92.784 101 114 139
1756.115 -219.923 17.576 54 63 83
1744.274 -189.922 108.134 124 135 150
1745.004 -169.703 133.706 160 150 144
1727.258 -230.491 96.000 67 77 90
1755.530 -218.430 18.443 57 68 85
1743.483 -189.588 101.864 132 150 165
1742.452 -185.511 104.213 108 131 146
1742.698 -183.067 107.267 72 71 81
1704.373 -248.196 130.830 53 62 68
1727.326 -227.170 81.898 34 40 55
1758.926 -208.752 9.832 45 58 79
1742.244 -188.229 92.533 33 44 57
1719.296 -235.210 95.109 104 103 111
1721.977 -233.052 83.421 43 52 65
1725.087 -230.447 83.623 35 44 64
1725.072 -230.423 83.672 35 44 64
1726.711 -226.799 78.488 33 46 60
1727.451 -224.282 79.120 47 57 75
1740.158 -185.146 91.699 75 81 89
1721.095 -232.483 76.795 77 107 140
1722.965 -229.280 74.956 50 65 83
1722.965 -229.280 74.956 50 65 83
1726.180 -226.420 74.908 45 59 77
1726.180 -226.420 74.908 45 59 77
1725.540 -225.985 71.781 50 65 85
1754.859 -214.141 -2.779 40 52 66
1754.859 -214.141 -2.779 40 52 66
1740.106 -190.780 80.327 38 47 64
1739.471 -190.355 76.827 27 38 52
1740.128 -186.906 83.696 28 36 51
1739.882 -186.743 84.790 28 36 51
1731.751 -167.128 139.424 161 143 133
1731.751 -167.128 139.424 161 143 133
1719.700 -232.012 75.467 37 48 63
1719.652 -232.000 75.645 37 48 63
1749.859 -217.306 1.781 30 39 57
1751.019 -216.573 1.595 36 49 67
1754.542 -207.146 2.575 112 133 162
1754.386 -207.777 1.230 32 43 63
1754.386 -207.777 1.230 32 43 63
1738.819 -186.084 77.192 28 37 50
1738.819 -186.084 77.192 28 37 50
1738.795 -179.246 88.192 67 69 81
1690.538 -240.973 137.780 93 107 113
1718.970 -231.501 72.534 41 47 63
1718.970 -231.501 72.534 41 47 63
1721.221 -228.079 64.718 35 44 57
1723.968 -224.815 61.462 33 43 56
1723.968 -224.815 61.462 33 43 56
1747.402 -220.078 -0.625 28 40 56
1747.700 -218.890 -0.171 26 33 45
1747.700 -218.890 -0.171 26 33 45
1749.021 -216.720 -1.321 40 52 67
1750.225 -216.086 -0.925 42 48 65
1753.624 -202.757 0.363 36 49 65
1738.575 -189.717 69.367 53 65 86
1737.891 -189.323 66.119 26 32 40
1738.132 -185.636 73.984 38 49 64
1738.243 -185.703 73.523 38 49 64
1718.107 -230.851 64.912 50 60 78
1717.881 -230.821 65.674 50 60 78
1717.338 -230.428 62.069 39 49 65
1720.633 -227.666 61.543 46 56 70
1723.632 -224.515 57.152 44 53 68
1723.632 -224.515 57.152 44 53 68
1722.999 -224.144 53.815 56 66 84
1723.630 -221.552 55.403 40 50 66
1753.291 -202.529 -3.549 87 104 127
1737.108 -188.851 63.527 29 39 51
1736.907 -184.860 67.699 30 39 51
1736.907 -184.860 67.699 30 39 51
1737.447 -181.518 74.389 35 46 61
1716.732 -230.017 58.951 34 40 56
1716.975 -230.027 58.189 34 40 56
1720.356 -226.656 56.472 150 168 191
1719.345 -226.915 55.362 50 62 78
1719.345 -226.915 55.362 50 62 78
1747.470 -210.524 -4.124 28 36 49
1748.404 -209.760 -5.938 35 44 63
1748.061 -209.616 -4.651 35 44 63
1736.529 -188.398 54.633 27 33 48
1736.572 -184.658 63.300 23 29 40
1736.572 -184.658 63.300 23 29 40
1736.608 -181.012 66.848 26 35 47
1736.347 -180.842 67.877 26 35 47
1715.577 -229.245 51.774 42 52 66
1715.577 -229.245 51.774 42 52 66
1718.641 -226.504 51.855 42 54 69
1718.641 -226.504 51.855 42 54 69
1721.469 -223.259 48.356 49 55 72
1728.840 -218.871 32.196 46 53 64
1747.990 -209.576 -7.405 37 45 62
1750.830 -201.185 -4.983 81 80 83
1750.671 -201.105 -4.359 81 80 83
1734.281 -190.004 54.399 35 44 56
1735.581 -187.860 52.722 63 89 114
1735.809 -180.496 64.200 20 27 38
1735.228 -180.149 61.121 20 29 45
1734.777 -187.316 50.049 24 32 47
1735.030 -183.740 52.398 32 41 53
1734.780 -183.585 53.329 32 41 53
1734.406 -183.409 49.223 25 34 46
1734.328 -183.366 49.433 25 34 46
1711.801 -230.437 45.464 107 100 116
1716.392 -225.680 41.163 35 44 56
1734.277 -179.637 53.362 24 30 45
1708.183 -233.623 45.715 117 114 120
1710.032 -230.864 42.824 111 115 118
1715.848 -224.534 34.562 32 41 54
1718.976 -221.431 29.742 36 47 62
1720.349 -220.677 33.144 15 24 36
1732.853 -187.674 33.662 20 32 41
1732.853 -187.674 33.662 20 32 41
1732.558 -181.088 45.707 92 92 98
1732.635 -178.285 46.282 50 52 57
1719.035 -219.844 27.531 25 34 46
1732.871 -186.220 34.432 35 41 58
1732.050 -185.694 32.156 37 46 59
1731.296 -170.977 49.352 93 64 88
1711.981 -226.527 26.640 28 38 50
1711.360 -226.091 23.635 40 46 61
1711.360 -226.091 23.635 40 46 61
1717.250 -219.492 19.261 166 186 209
1710.785 -225.729 20.354 87 119 152
1710.785 -225.729 20.354 87 119 152
1715.953 -219.438 14.393 27 36 48
1716.706 -219.081 15.599 182 198 210
1716.706 -219.081 15.599 182 198 210
1716.617 -218.306 14.806 20 29 41
1722.592 -215.859 3.125 125 124 132
1722.592 -215.859 3.125 125 124 132
1732.396 -210.187 -14.354 45 51 62
1732.058 -189.936 6.900 103 105 115
1729.009 -185.316 20.759 15 24 37
1730.442 -184.606 21.545 26 33 47
1709.637 -224.881 13.404 37 47 60
1709.637 -224.881 13.404 37 47 60
1714.925 -218.741 7.062 41 50 66
1714.925 -218.741 7.062 41 50 66
1715.835 -217.612 5.823 26 35 48
1733.035 -208.672 -25.873 105 86 115
1736.299 -196.701 -20.397 244 228 222
1728.026 -184.595 13.931 15 24 37
1703.861 -229.172 14.895 20 32 48
1703.861 -229.172 14.895 20 32 48
1703.468 -229.298 12.651 128 146 167
1704.718 -227.984 12.951 158 174 196
1712.737 -219.372 5.312 85 82 94
1714.535 -217.725 2.113 165 185 206
1724.531 -215.845 -20.446 251 232 223
1727.970 -209.475 -20.251 123 64 82
1735.987 -194.177 -20.008 250 234 230
1707.987 -223.907 2.348 29 40 53
1732.184 -194.692 -19.474 222 195 190
1726.444 -171.140 18.183 76 75 92
1708.996 -221.483 -0.989 45 47 52
1726.861 -178.490 5.515 58 71 95
1726.624 -178.225 2.243 82 55 78
1726.704 -175.476 7.305 176 190 203
1726.250 -174.485 6.714 28 40 56
1725.950 -174.263 7.475 28 40 56
1698.837 -228.309 8.277 45 59 80
1717.918 -213.352 -19.465 250 230 221
1719.894 -210.349 -18.647 72 61 73
1719.755 -209.125 -18.259 51 51 60
1720.679 -206.035 -18.161 86 90 103
1727.457 -197.144 -20.121 253 247 241
1727.457 -197.144 -20.121 253 247 241
1715.695 -213.347 -18.947 250 234 222
1719.274 -211.482 -20.689 39 36 45
1720.351 -206.891 -18.599 127 130 139
1723.739 -199.940 -21.669 137 137 147
1722.755 -177.016 3.466 253 250 240
1724.211 -170.004 3.547 87 74 89
1724.826 -167.804 5.952 87 101 121
1723.861 -167.543 2.874 251 232 223
1696.887 -223.327 -1.305 254 247 240
1717.261 -201.684 -19.968 226 214 205
1718.421 -196.012 -19.376 221 200 194
1720.171 -194.291 -19.546 222 205 199
1719.901 -170.284 3.004 238 234 229
1694.797 -223.283 -2.123 247 247 240
1703.913 -216.569 -13.625 126 100 129
1705.500 -215.334 -15.966 135 115 142
1708.549 -207.390 -14.646 140 138 147
1718.888 -189.268 -16.598 249 242 235
1691.791 -219.320 2.729 228 219 217
1720.842 -181.493 -16.582 73 63 82
1691.938 -217.337 2.753 175 158 172
1710.891 -167.478 5.483 216 194 188
1712.294 -166.081 4.430 212 204 201
1712.124 -187.392 -17.343 175 168 168
1714.338 -185.487 -21.110 175 142 147
1714.450 -184.419 -19.320 97 60 93
1714.673 -184.555 -19.903 97 60 93
1715.704 -182.478 -19.287 84 50 73
1717.016 -180.588 -19.328 77 50 79
1716.986 -180.575 -19.295 77 50 79
1703.317 -211.515 -23.791 141 145 157
1703.759 -196.143 -13.998 67 66 68
1712.664 -185.265 -20.105 141 105 111
1710.975 -184.238 -18.793 171 127 124
1705.110 -194.563 -17.740 139 85 104
1704.106 -193.353 -17.319 245 229 218
1697.290 -199.460 -13.990 125 63 70
1697.429 -198.174 -14.306 154 93 99
1703.799 -183.588 -13.747 134 73 80
1703.685 -183.546 -13.447 134 73 80
1779.715 -248.926 116.153 30 36 51
1770.440 -260.437 117.562 59 66 84
1771.507 -257.862 115.027 115 126 151
1771.571 -255.966 118.202 115 126 143
1796.370 -201.103 114.023 68 76 81
1800.212 -194.984 120.438 59 61 67
1763.534 -267.107 120.065 43 52 65
1765.098 -265.267 121.912 29 42 58
1767.386 -262.757 117.020 114 128 149
1778.007 -226.017 120.162 47 59 83
1756.601 -272.044 121.734 93 105 121
1775.405 -228.715 116.817 39 55 80
1776.422 -228.122 117.530 38 54 81
1776.387 -226.430 110.118 26 39 56
1776.387 -226.430 110.118 26 39 56
1782.409 -209.996 124.941 80 92 108
1762.561 -251.051 117.951 52 65 88
1775.742 -225.966 107.219 25 31 48
1775.742 -225.966 107.219 25 31 48
1775.110 -225.614 103.476 32 48 65
1781.693 -203.798 121.831 90 101 112
1781.693 -203.798 121.831 90 101 112
1760.420 -247.216 124.067 72 83 104
1761.717 -244.344 121.515 44 56 72
1771.617 -228.580 104.667 104 115 134
1771.856 -227.685 103.565 58 75 101
1774.198 -225.988 102.496 125 148 178
1774.566 -213.473 124.893 40 50 64
1749.557 -265.521 118.437 37 46 58
1772.162 -225.365 93.667 42 56 77
1771.588 -225.021 89.674 60 74 100
1772.466 -223.825 90.614 53 67 88
1772.466 -223.825 90.614 53 67 88
1772.170 -224.491 88.370 129 146 171
1772.068 -211.793 124.528 51 60 80
1769.859 -225.200 86.977 41 55 76
1769.859 -225.200 86.977 41 55 76
1771.099 -222.116 82.910 131 149 178
1771.761 -218.856 91.010 44 56 72
1772.544 -215.445 92.063 122 136 164
1756.571 -236.981 120.981 93 107 128
1768.031 -225.441 83.915 27 36 48
1769.209 -224.787 83.664 33 43 57
1769.159 -223.425 76.552 33 44 64
1771.079 -217.222 79.606 89 100 119
1767.989 -224.022 76.430 29 39 57
1768.007 -222.708 70.509 28 37 56
1768.007 -222.708 70.509 28 37 56
1769.640 -219.658 77.022 30 42 58
1771.014 -216.750 77.686 35 44 56
1771.919 -192.832 121.620 80 73 81
1764.172 -227.757 70.299 35 45 61
1764.172 -227.757 70.299 35 45 61
1764.904 -226.771 66.184 68 80 99
1766.831 -223.258 70.809 28 38 57
1765.078 -223.532 66.662 32 44 60
1766.221 -222.915 66.322 30 41 60
1767.375 -222.294 66.476 34 46 63
1762.760 -203.366 123.645 66 80 101
1748.203 -229.629 127.477 87 96 116
1747.640 -229.121 125.581 50 61 80
1764.510 -223.075 64.094 31 42 60
1764.973 -222.173 60.765 36 51 70
1767.195 -215.928 65.107 27 36 51
1767.195 -215.928 65.107 27 36 51
1768.433 -214.005 64.386 46 59 78
1768.433 -214.005 64.386 46 59 78
1744.390 -230.645 128.254 75 84 104
1764.017 -222.767 59.777 36 47 64
1763.413 -222.312 56.448 36 48 63
1765.888 -220.577 54.909 141 158 183
1765.152 -220.178 52.179 178 198 220
1761.297 -222.345 52.892 36 48 64
1762.148 -221.509 50.122 53 69 94
1764.422 -220.403 49.765 51 65 85
1760.160 -187.996 124.577 160 135 126
1760.038 -224.276 44.233 38 53 73
1760.038 -224.276 44.233 38 53 73
1760.646 -222.393 45.075 38 50 66
1760.312 -221.570 45.399 45 57 73
1764.267 -217.168 43.609 27 35 52
1760.794 -220.667 43.139 27 39 61
1761.405 -219.751 40.110 53 66 89
1761.977 -218.827 37.016 38 49 66
1760.854 -219.417 36.457 37 48 65
1762.136 -218.250 35.663 177 194 214
1763.305 -217.237 39.373 162 179 203
1763.726 -211.891 38.514 51 58 71
1763.726 -211.891 38.514 51 58 71
1750.131 -193.576 128.692 34 40 56
1756.274 -182.985 127.412 132 130 123
1753.341 -183.239 127.963 126 135 140
1754.652 -180.613 130.571 113 110 107
1727.775 -237.176 120.000 118 129 154
1727.761 -237.206 120.025 118 129 154
1728.684 -237.643 124.885 40 52 68
1729.851 -235.618 123.516 106 120 142
1728.682 -235.417 120.438 107 120 143
1732.298 -233.090 119.871 105 119 138
1731.627 -232.605 117.076 110 124 145
1739.665 -226.023 103.152 58 71 86
1758.185 -221.190 38.336 84 93 106
1759.661 -219.906 36.611 36 48 64
1761.468 -217.838 32.658 172 192 215
1761.468 -217.838 32.658 172 192 215
1748.016 -187.811 130.498 26 33 48
1754.860 -174.668 129.874 76 79 72
1726.854 -236.775 114.581 80 100 129
1726.816 -236.741 114.743 80 100 129
1729.690 -232.913 109.203 126 137 154
1757.942 -221.756 28.608 43 52 65
1760.416 -213.211 32.699 36 48 64
1746.920 -191.446 121.207 124 133 146
1746.888 -191.379 121.305 124 133 146
1721.985 -239.963 115.505 49 55 71
1721.985 -239.963 115.505 49 55 71
1726.191 -236.232 111.277 82 102 130
1726.205 -236.221 111.252 82 102 130
1725.617 -235.870 107.996 36 48 64
1725.617 -235.870 107.996 36 48 64
1728.875 -233.091 108.320 35 44 56
1729.071 -233.090 107.510 35 44 56
1729.129 -231.387 105.591 66 73 91
1759.864 -216.742 21.836 189 206 225
1759.864 -216.742 21.836 189 206 225
1745.743 -190.745 114.330 132 140 153
1745.556 -189.154 119.976 114 126 144
1744.607 -188.120 115.351 123 130 141
1745.950 -186.874 122.325 117 128 143
1745.760 -186.842 120.089 55 68 83
1745.753 -186.839 119.952 55 68 83
1745.761 -182.719 129.518 93 105 121
1743.916 -178.360 134.613 108 107 106
1721.283 -239.491 112.840 43 52 65
1721.283 -239.491 112.840 43 52 65
1727.257 -232.025 98.552 35 44 56
1729.815 -228.651 94.915 44 55 73
1732.855 -225.926 95.295 90 102 126
1755.454 -220.932 17.106 44 53 66
1755.454 -220.932 17.106 44 53 66
1756.035 -218.770 21.909 50 64 85
1758.533 -216.584 16.377 77 112 145
1744.882 -193.775 102.626 44 56 80
1744.799 -186.015 115.262 134 142 147
1708.311 -251.519 129.242 49 54 63
1709.052 -242.007 130.887 57 56 65
1718.718 -239.156 102.739 52 65 88
1720.824 -236.219 101.540 103 101 108
1724.435 -234.182 101.160 123 133 143
1724.641 -233.361 99.240 56 62 71
1723.847 -233.850 97.717 121 132 143
1726.369 -231.630 96.543 37 46 58
1726.061 -231.227 92.339 43 52 65
1729.870 -227.292 92.306 35 44 56
1729.079 -228.252 91.764 35 44 57
1728.713 -227.841 87.519 40 53 72
1728.713 -227.841 87.519 40 53 72
1729.190 -227.167 87.203 130 142 162
1729.925 -227.308 83.858 130 142 162
1730.161 -225.941 90.824 38 49 65
1732.090 -223.998 89.585 37 47 60
1731.915 -223.477 88.653 77 88 105
1731.933 -223.476 88.629 77 88 105
1758.818 -213.714 13.291 35 45 58
1743.235 -193.352 94.348 122 129 136
1743.256 -193.344 94.283 122 129 136
1743.190 -192.676 92.088 31 38 50
1743.190 -192.676 92.088 31 38 50
1742.898 -189.407 98.211 129 143 162
1739.563 -173.957 138.792 243 233 221
1743.000 -169.662 134.669 164 146 136
1706.215 -250.870 125.274 67 74 82
1718.396 -237.629 95.846 55 68 83
1718.396 -237.629 95.846 55 68 83
1722.887 -233.874 91.999 51 60 73
1723.949 -232.246 92.898 109 111 115
1725.448 -230.812 88.443 52 65 76
1725.574 -230.070 86.896 137 139 144
1725.574 -230.070 86.896 137 139 144
1727.964 -227.410 84.919 37 49 65
1727.964 -227.410 84.919 37 49 65
1754.310 -217.585 11.865 32 44 60
1757.375 -215.182 8.933 170 196 218
1757.375 -215.182 8.933 170 196 218
1758.000 -213.758 9.160 172 195 213
1758.000 -213.758 9.160 172 195 213
1756.824 -214.768 5.410 188 208 231
1757.845 -213.050 6.479 32 46 67
1741.754 -191.877 86.912 27 36 48
1742.557 -188.422 96.915 60 73 88
1742.266 -185.171 99.070 109 123 141
1741.447 -177.492 111.252 134 142 152
1737.887 -172.165 138.331 74 70 75
1716.861 -238.010 92.833 43 52 65
1716.861 -238.010 92.833 43 52 65
1754.206 -218.417 6.050 68 80 101
1754.673 -216.612 4.948 46 59 76
1753.450 -217.486 4.883 27 36 49
1753.450 -217.486 4.883 27 36 49
1756.361 -214.393 1.789 194 211 229
1756.780 -212.895 2.259 198 217 232
1757.413 -205.836 8.779 53 64 80
1757.413 -205.836 8.779 53 64 80
1716.259 -237.591 89.633 37 46 60
1716.259 -237.591 89.633 37 46 60
1716.683 -236.299 85.681 30 38 57
1756.077 -212.520 -0.787 198 213 227
1715.473 -236.886 80.950 37 50 65
1716.105 -236.024 82.522 43 54 71
1719.705 -232.697 76.916 128 147 173
1725.235 -224.200 65.609 22 34 50
1726.090 -223.295 68.509 42 53 72
1726.090 -223.295 68.509 42 53 72
1752.043 -215.069 -0.366 44 56 72
1754.943 -213.594 -5.801 102 96 111
1754.951 -213.597 -5.776 102 96 111
1738.993 -186.906 79.427 148 167 192
1738.525 -182.202 82.117 25 32 40
1738.525 -182.202 82.117 25 32 40
1738.331 -177.461 88.467 36 42 58
1738.766 -176.484 92.752 35 45 58
1689.650 -240.161 138.663 42 59 69
1714.123 -234.760 74.017 43 52 71
1718.773 -231.227 67.537 90 120 153
1719.152 -231.272 66.216 90 120 153
1721.718 -227.679 67.634 150 165 186
1724.717 -224.528 63.252 157 173 187
1724.717 -224.528 63.252 157 173 187
1724.793 -223.640 59.874 19 28 40
1731.306 -220.324 46.201 60 67 78
1754.482 -213.176 -9.737 171 175 185
1753.605 -207.359 -1.135 27 34 49
1753.605 -207.359 -1.135 27 34 49
1753.017 -206.033 -0.835 29 34 48
1718.352 -230.082 62.920 159 170 191
1718.352 -230.082 62.920 159 170 191
1723.404 -223.057 55.848 26 32 48
1737.031 -181.298 70.615 81 112 144
1712.321 -233.710 64.070 32 38 54
1716.180 -230.241 56.909 144 163 184
1717.129 -229.342 56.569 144 164 186
1729.144 -219.264 36.190 77 96 123
1744.688 -218.666 -5.331 114 119 130
1749.030 -208.275 -5.177 117 128 148
1748.010 -208.494 -4.011 38 47 59
1748.010 -208.494 -4.011 38 47 59
1751.046 -204.384 -3.500 83 83 91
1752.024 -203.702 -5.266 76 65 80
1752.024 -203.702 -5.266 76 65 80
1736.325 -189.096 58.303 173 190 207
1736.325 -189.096 58.303 173 190 207
1722.918 -220.881 47.732 33 41 51
1727.393 -219.274 34.724 125 124 129
1748.004 -208.509 -7.000 39 44 56
1749.336 -200.537 -3.792 70 72 77
1735.121 -189.012 54.277 29 42 58
1734.582 -188.710 50.745 18 27 40
1735.703 -184.838 58.473 165 182 199
1734.665 -175.022 69.351 28 35 49
1711.990 -231.585 51.361 81 77 89
1711.990 -231.585 51.361 81 77 89
1716.982 -227.104 48.413 99 100 108
1718.439 -224.668 43.609 42 48 56
1734.589 -187.578 47.100 116 112 121
1741.252 -210.211 -7.234 60 62 67
1733.645 -185.695 46.185 101 103 113
1735.996 -212.437 -2.561 102 108 121
1714.329 -225.835 34.934 103 101 107
1715.488 -223.469 29.847 166 186 205
1718.420 -220.270 25.619 167 185 207
1718.420 -220.270 25.619 167 185 207
1724.887 -217.395 17.025 125 125 129
1724.766 -217.129 13.923 119 121 126
1734.616 -211.894 -4.642 89 88 92
1731.872 -172.431 47.473 86 51 68
1706.461 -231.438 37.623 33 41 54
1709.471 -229.994 35.274 81 77 97
1715.541 -222.694 26.761 37 40 45
1714.977 -223.064 26.332 172 184 200
1739.148 -200.878 -6.262 67 69 74
1706.680 -229.850 29.928 27 36 48
1714.621 -222.728 22.501 167 178 195
1723.059 -216.262 6.487 128 126 134
1730.985 -213.895 -8.263 66 65 73
1730.985 -213.895 -8.263 66 65 73
1737.648 -198.711 -8.773 50 52 60
1737.648 -198.711 -8.773 50 52 60
1704.347 -232.243 31.524 59 69 88
1705.974 -231.177 30.017 144 168 191
1706.284 -231.199 29.183 144 168 191
1706.061 -230.603 27.110 28 37 49
1706.061 -230.603 27.110 28 37 49
1711.152 -225.023 18.459 153 174 198
1740.036 -202.009 -21.620 103 90 113
1735.897 -195.156 -6.959 114 119 129
1704.129 -230.860 24.663 31 40 53
1705.357 -230.113 23.918 26 36 49
1710.268 -224.541 15.948 187 197 215
1712.952 -221.657 12.311 171 184 201
1716.198 -218.013 11.444 25 31 47
1722.289 -215.423 -0.941 130 126 133
1731.906 -209.774 -17.011 124 102 126
1732.488 -191.183 -0.220 63 70 86
1732.488 -191.183 -0.220 63 70 86
1731.840 -190.327 0.712 47 56 68
1709.692 -224.240 12.424 173 187 201
1721.243 -215.045 -3.274 128 126 133
1721.243 -215.045 -3.274 128 126 133
1731.962 -209.728 -23.856 157 115 131
1731.926 -209.393 -24.674 80 62 89
1736.409 -198.009 -20.591 243 229 222
1727.797 -185.787 10.626 40 47 61
1728.775 -176.779 21.375 141 167 189
1728.805 -176.811 21.253 141 167 189
1711.971 -220.795 5.134 159 176 201
1727.154 -213.936 -21.126 108 56 69
1732.292 -205.663 -26.885 145 152 157
1732.284 -205.660 -26.853 145 152 157
1727.433 -170.871 24.275 109 117 135
1702.588 -229.740 13.704 49 56 70
1703.301 -229.295 12.886 147 163 182
1703.301 -229.295 12.886 147 163 182
1703.054 -228.794 12.416 29 37 48
1703.335 -228.760 9.913 27 35 46
1703.335 -228.760 9.913 27 35 46
1704.318 -227.886 9.824 31 39 52
1708.558 -223.540 6.033 189 204 224
1709.087 -222.472 1.400 118 115 121
1722.494 -216.179 -20.130 90 45 57
1722.494 -216.179 -20.130 90 45 57
1727.177 -179.393 7.086 160 182 201
1727.055 -178.133 7.435 152 170 187
1727.414 -175.952 10.270 175 183 197
1702.758 -228.264 6.471 60 74 93
1703.713 -227.492 6.325 45 59 80
1707.732 -222.827 -0.001 237 227 223
1708.451 -221.870 -2.285 238 238 231
1720.747 -217.334 -20.162 244 231 223
1720.744 -217.341 -20.178 244 231 223
1730.938 -201.992 -29.242 207 208 207
1702.155 -227.925 3.579 59 72 90
1718.335 -215.542 -19.652 147 111 120
1720.550 -209.710 -18.688 148 146 155
1720.550 -209.710 -18.688 148 146 155
1728.590 -199.041 -23.823 252 236 232
1700.759 -224.767 0.639 80 69 77
1701.396 -223.357 1.149 89 79 90
1715.500 -210.777 -16.201 98 96 106
1724.430 -174.410 3.441 239 229 222
1700.205 -224.857 0.056 213 198 196
1718.386 -201.467 -18.736 116 111 116
1720.946 -199.681 -18.210 234 230 227
1722.766 -167.374 3.814 80 58 76
1698.165 -222.371 -1.645 254 247 240
1701.620 -218.234 -2.285 60 38 55
1713.189 -207.364 -16.404 85 47 65
1718.083 -191.552 -13.860 227 224 223
1720.173 -188.590 -13.269 233 225 224
1720.585 -169.843 4.413 244 231 223
1720.502 -169.789 4.835 244 231 223
1721.055 -169.424 4.648 78 60 80
1720.964 -168.594 2.761 161 146 150
1718.875 -189.555 -15.407 198 191 197
1720.018 -178.067 -16.169 249 233 221
1719.841 -177.927 -15.513 249 233 221
1717.224 -167.035 2.648 251 246 236
1692.683 -216.561 -0.544 104 56 63
1692.683 -216.561 -0.544 104 56 63
1705.285 -214.404 -20.899 137 116 147
1702.010 -215.207 -17.011 122 117 123
1705.741 -213.659 -21.571 84 50 73
1705.935 -212.007 -21.166 140 96 122
1705.972 -211.288 -21.369 70 39 73
1710.880 -197.495 -18.007 198 141 138
1719.097 -177.666 -16.922 155 107 121
1711.523 -169.107 5.507 247 246 239
1713.720 -164.411 2.445 246 238 228
1704.321 -212.326 -24.228 157 159 169
1706.684 -206.720 -21.142 92 47 80
1706.488 -206.543 -22.001 163 114 130
1703.840 -201.818 -13.520 130 120 126
1704.012 -200.893 -13.366 136 124 138
1713.803 -185.772 -16.274 215 208 205
1713.690 -185.766 -17.716 241 235 232
1713.886 -184.133 -19.368 158 112 136
1704.103 -196.943 -13.593 146 142 148
1764.215 -265.716 121.159 110 121 138
1769.153 -259.704 116.161 31 40 53
1757.507 -273.255 125.265 113 127 148
1768.571 -252.946 114.533 55 62 73
1791.802 -196.586 119.701 41 50 62
1774.776 -226.343 105.712 124 141 171
1770.524 -227.012 97.264 37 52 72
1770.524 -227.012 97.264 37 52 72
1766.969 -219.542 59.234 169 185 206
1762.626 -223.841 54.674 39 51 75
1767.455 -212.000 65.390 36 48 64
1728.530 -247.248 129.421 87 101 122
1718.779 -245.133 130.757 60 59 68
1744.904 -195.159 105.202 34 40 56
1745.514 -190.403 112.581 27 36 48
1724.493 -241.700 94.745 150 158 164
1744.284 -187.311 114.816 62 74 87
1744.167 -179.430 124.601 123 126 128
1718.696 -236.397 93.943 74 73 81
1722.727 -227.543 68.800 27 36 48
1752.912 -203.042 0.412 165 185 207
1717.465 -229.643 60.473 179 189 206
1719.807 -226.216 52.754 174 188 203
1723.115 -223.407 52.657 162 181 203
1723.115 -223.407 52.657 162 181 203
1723.020 -222.185 53.605 105 119 143
1723.020 -222.185 53.605 105 119 143
1713.933 -226.962 34.821 162 169 183
1732.015 -178.284 38.628 54 56 62
1704.730 -230.348 23.351 180 196 214
1710.618 -224.032 14.182 47 53 62
1713.889 -221.028 13.194 108 106 115
1715.759 -218.917 11.355 34 40 55
1717.314 -221.081 2.243 89 81 98
1716.293 -216.823 8.933 46 56 76
1716.293 -216.823 8.933 46 56 76
1727.786 -212.337 -8.344 38 44 59
1734.794 -208.347 -25.062 160 150 161
1737.651 -200.557 -21.377 166 160 174
1737.647 -200.564 -21.385 166 160 174
1732.572 -190.715 2.421 49 52 58
1729.531 -184.759 16.912 173 185 202
1729.460 -180.915 20.816 153 176 202
1729.215 -181.187 18.605 55 69 86
1729.626 -180.005 21.464 75 101 130
1729.281 -177.076 24.202 142 162 190
1728.834 -177.382 21.796 87 98 115
1705.348 -228.681 18.937 37 43 59
1709.912 -223.726 11.355 37 39 50
1713.458 -220.561 9.573 110 107 114
1714.743 -219.289 8.561 170 186 203
1714.743 -219.289 8.561 170 186 203
1714.216 -218.939 5.223 151 172 188
1714.216 -218.939 5.223 151 172 188
1715.748 -216.952 4.754 116 131 150
1715.748 -216.952 4.754 116 131 150
1736.816 -206.294 -28.051 129 123 137
1737.531 -202.100 -25.152 132 115 142
1737.062 -201.102 -24.787 134 116 144
1735.863 -197.323 -20.211 148 98 102
1735.863 -197.323 -20.211 148 98 102
1728.599 -180.877 16.596 33 39 48
1728.834 -180.370 17.284 167 189 200
1728.401 -180.168 13.599 175 186 198
1728.401 -180.168 13.599 175 186 198
1727.924 -176.879 17.260 31 36 47
1727.943 -176.915 17.171 31 36 47
1703.836 -229.746 16.150 171 184 199
1703.836 -229.746 16.150 171 184 199
1709.320 -223.383 7.929 47 53 60
1712.183 -220.278 3.814 38 51 68
1715.180 -217.311 1.570 47 68 88
1715.458 -216.806 2.275 92 109 133
1736.505 -198.947 -25.411 96 78 105
1735.661 -194.750 -20.146 139 84 93
1727.744 -180.390 11.063 20 29 41
1727.397 -180.094 10.059 20 30 42
1727.880 -179.865 10.229 184 198 213
1727.730 -176.696 14.976 25 33 43
1709.550 -223.264 5.013 34 43 58
1710.522 -221.081 -0.244 128 121 137
1712.154 -219.209 1.797 88 86 95
1711.003 -220.399 0.226 120 122 136
1726.160 -208.422 -19.368 223 209 202
1733.105 -203.676 -29.842 146 153 165
1733.105 -203.676 -29.842 146 153 165
1734.227 -199.742 -28.270 166 170 180
1727.185 -179.991 7.702 28 40 56
1726.796 -176.085 10.505 26 37 53
1702.267 -228.790 7.427 187 204 218
1709.067 -222.020 -0.212 106 102 114
1710.046 -220.798 -2.059 34 34 42
1711.057 -219.164 -2.237 187 192 195
1723.308 -209.430 -19.085 82 78 83
1729.065 -205.362 -26.569 197 191 190
1728.862 -205.519 -27.274 237 230 216
1730.964 -198.688 -24.982 125 78 85
1726.465 -168.764 15.591 36 48 64
1726.465 -168.764 15.591 36 48 64
1705.259 -222.249 2.081 99 91 108
1704.612 -222.865 1.068 121 117 130
1718.328 -215.459 -19.263 150 115 123
1720.060 -208.561 -18.591 71 77 91
1720.900 -207.649 -18.550 78 81 91
1727.931 -193.153 -18.809 181 210 219
1726.213 -174.628 3.490 108 92 117
1725.861 -174.702 1.757 223 194 193
1725.992 -173.093 6.438 99 89 115
1696.403 -229.016 9.751 182 218 229
1696.951 -227.248 8.812 160 201 223
1702.034 -219.314 3.069 99 100 105
1719.157 -212.042 -21.531 208 193 190
1718.558 -212.192 -21.118 168 129 126
1719.937 -204.516 -18.315 146 148 162
1726.079 -190.422 -18.169 63 84 112
1730.115 -183.787 -18.064 123 61 68
1700.184 -226.080 -2.237 91 87 100
1700.724 -222.934 1.352 104 88 97
1713.206 -207.744 -14.322 58 44 60
1717.893 -207.135 -20.794 222 184 172
1719.196 -204.408 -20.462 248 247 244
1723.163 -190.320 -14.217 150 171 201
1725.679 -190.146 -19.328 90 104 125
1724.382 -167.110 3.271 88 71 82
1710.227 -216.587 -18.599 76 74 82
1716.879 -201.328 -20.729 225 189 177
1719.486 -195.750 -18.194 138 164 194
1719.461 -189.852 -13.439 60 62 73
1720.153 -187.881 -14.306 204 195 190
1721.808 -168.251 3.854 70 59 74
1721.397 -168.955 0.120 99 90 97
1707.823 -211.571 -17.530 79 46 75
1709.157 -211.482 -15.164 137 134 139
1717.588 -196.430 -19.789 226 192 179
1719.502 -187.928 -16.080 219 213 212
1719.485 -185.597 -16.954 189 190 194
1703.521 -215.437 -17.295 108 96 116
1706.909 -213.265 -17.918 47 48 55
1713.951 -197.648 -19.036 190 129 128
1715.651 -188.731 -13.876 131 129 132
1720.760 -180.960 -15.877 66 58 75
1718.329 -175.666 -10.369 116 79 120
1705.815 -212.974 -20.980 144 106 142
1706.116 -208.772 -20.859 76 29 49
1706.101 -208.827 -20.875 76 29 49
1705.946 -205.212 -14.743 215 196 187
1707.781 -197.366 -13.795 64 39 48
1714.832 -188.181 -16.468 164 162 172
1714.271 -186.095 -15.958 154 157 164
1715.716 -183.946 -16.549 122 112 118
1715.569 -183.996 -17.351 110 86 113
1716.550 -182.828 -16.460 109 105 117
1712.421 -165.756 6.552 181 158 154
1704.034 -204.130 -16.177 230 222 215
1704.515 -200.221 -13.131 237 232 228
1706.057 -196.917 -13.650 165 143 140
1715.065 -183.514 -19.279 133 92 124
1713.504 -178.537 -11.892 136 92 126
1718.690 -177.583 -20.640 120 80 105
1700.309 -202.977 -15.075 241 211 199
1704.228 -195.846 -13.552 122 120 126
1707.573 -188.832 -15.950 185 180 185
1710.402 -185.942 -17.457 177 171 176
1713.859 -185.247 -23.102 230 222 219
1713.997 -184.262 -21.895 147 145 154
1716.290 -181.639 -22.487 147 149 163
1716.290 -181.639 -22.487 147 149 163
1704.172 -195.555 -16.444 96 78 89
1706.196 -189.674 -15.351 237 224 216
1715.330 -178.818 -24.091 198 200 205
1700.405 -209.971 -27.088 171 174 177
1697.208 -200.860 -14.371 160 96 105
1703.680 -192.916 -17.789 172 125 125
1703.240 -187.293 -13.569 189 167 162
1706.579 -181.287 -13.042 128 48 53
1696.677 -195.481 -13.885 242 218 206
1697.694 -193.256 -13.828 137 76 84
1776.173 -195.843 121.102 64 65 75
1716.329 -198.698 -19.376 227 200 190
1758.860 -253.109 119.919 126 140 162
1713.828 -217.082 -19.020 115 67 86
1748.468 -235.706 127.412 34 44 62
1720.706 -213.681 -19.757 80 41 62
1702.936 -190.385 -14.322 221 206 199
1775.142 -195.969 121.839 161 155 161
1723.461 -211.715 -20.138 234 214 208
1698.578 -200.672 -14.533 175 129 125
1769.887 -204.048 125.533 30 39 53
1752.906 -188.277 128.044 40 48 62
1712.335 -246.980 132.912 109 106 107
1742.008 -254.038 123.022 38 48 66
1704.541 -191.002 -16.412 113 98 106
1744.638 -208.402 -7.275 130 143 162
1760.311 -254.890 119.385 82 97 125
1753.845 -210.764 -10.879 174 179 186
1745.814 -215.638 -8.782 140 154 174
1699.844 -218.978 -4.651 234 224 214
1759.114 -249.871 120.989 42 48 63
1752.313 -232.089 119.709 36 46 65
1762.432 -188.608 125.476 163 127 114
1710.896 -248.680 129.623 178 166 163
1746.498 -173.676 132.507 52 58 66
1717.328 -224.634 42.419 42 48 56
1705.632 -202.571 -13.342 246 243 232
1703.263 -195.425 -13.974 101 88 97
1703.239 -195.459 -13.925 101 88 97
1785.268 -216.260 123.483 112 133 162
1777.339 -222.359 120.316 53 66 90
1715.814 -244.743 131.389 239 228 213
1715.861 -244.817 131.227 239 228 213
1742.327 -174.958 134.726 241 234 223
1707.893 -243.416 128.036 174 160 161
1752.115 -218.373 0.793 111 129 162
1748.876 -207.186 -8.733 101 107 121
1759.545 -270.810 124.666 111 125 147
1734.138 -245.826 128.967 27 36 55
1753.793 -217.870 4.956 38 48 69
1711.653 -207.947 -16.460 244 239 233
1765.498 -261.979 117.611 131 148 170
1780.783 -209.945 124.917 28 40 56
1743.833 -236.080 127.420 27 36 55
1731.587 -255.179 128.457 241 231 221
1741.507 -229.175 102.788 76 85 105
1745.884 -178.500 133.795 237 230 216
1738.285 -204.927 -28.489 173 175 186
1734.686 -193.075 -19.725 112 72 85
1704.877 -186.941 -14.654 225 198 187
1784.336 -225.483 122.779 74 86 110
1747.278 -267.654 118.356 69 75 82
1726.763 -171.220 20.135 78 74 93
1716.882 -213.468 -19.279 248 219 207
1714.761 -178.901 -21.393 182 183 189
1794.927 -191.478 117.036 177 173 174
1750.520 -266.624 119.903 92 104 121
1751.302 -264.072 118.145 52 63 80
1745.112 -247.724 126.586 28 37 49
1769.615 -194.342 121.142 150 127 127
1762.027 -189.598 123.880 164 129 117
1725.183 -250.644 129.955 124 127 94
1749.973 -182.777 131.008 46 52 65
1740.826 -217.620 -4.521 59 65 73
1739.752 -198.008 -2.609 49 48 49
1730.189 -177.028 29.564 20 32 48
1729.060 -213.020 -21.337 250 234 230
1734.381 -189.180 -19.417 244 217 214
1725.869 -176.355 2.623 93 58 77
1701.812 -202.050 -15.189 129 94 110
1711.449 -185.602 -17.740 225 217 212
1712.699 -180.625 -21.474 219 213 212
1697.975 -203.081 -14.759 155 93 100
1771.707 -257.233 119.215 29 41 57
1785.565 -224.435 122.155 110 123 144
1765.771 -263.297 118.008 30 40 56
1778.277 -225.073 123.799 78 92 113
1789.091 -204.707 119.814 42 57 68
1769.413 -236.616 123.435 36 48 64
1743.807 -240.121 127.631 79 90 106
1734.063 -255.076 127.955 50 58 72
1740.589 -235.638 128.424 82 95 110
1757.110 -201.161 122.714 97 104 118
1757.110 -201.161 122.690 97 104 118
1759.662 -187.224 124.820 28 36 48
1721.218 -252.859 127.841 179 170 166
1734.291 -223.018 93.076 101 113 137
1733.524 -223.209 91.278 43 52 65
1732.547 -222.694 88.443 33 42 60
1739.513 -217.603 -4.246 77 79 87
1738.770 -216.962 -4.294 115 116 129
1739.061 -203.543 -21.968 173 174 180
1730.893 -181.003 28.478 30 39 55
1730.974 -211.230 -21.353 251 235 231
1730.155 -210.502 -21.288 245 221 214
1734.529 -196.197 -19.741 92 74 83
1719.750 -204.956 -20.186 44 50 58
1705.244 -206.211 -23.451 107 108 120
1703.973 -185.447 -13.787 131 78 92
1696.809 -196.320 -14.038 241 212 200
1697.430 -195.542 -14.047 137 72 80
1699.202 -189.512 -13.666 121 68 80
1700.406 -187.326 -13.309 130 70 76
1701.190 -186.301 -13.431 106 47 65
1700.474 -186.496 -13.779 244 231 223
1702.033 -184.486 -13.512 244 231 223
1796.392 -201.751 116.574 59 69 73
1798.877 -194.337 120.357 56 64 75
1785.356 -218.871 122.617 28 40 56
1758.653 -268.391 117.101 174 136 134
1782.039 -207.144 124.196 93 105 121
1782.045 -207.209 123.840 93 105 121
1762.765 -246.629 117.052 124 138 160
1780.279 -208.427 124.779 100 117 143
1770.810 -229.675 97.077 45 56 72
1779.409 -205.601 119.482 36 46 65
1782.766 -197.644 120.017 190 182 186
1784.316 -191.134 119.077 165 127 117
1752.846 -231.031 124.828 77 90 112
1738.525 -246.050 127.971 32 44 60
1761.818 -182.580 129.396 199 166 150
1727.055 -247.833 129.874 36 45 57
1728.131 -246.592 129.469 28 40 56
1729.041 -237.838 126.626 101 115 137
1719.386 -249.526 131.170 46 55 50
1717.594 -248.931 130.952 43 45 50
1746.799 -188.971 127.412 47 53 66
1747.527 -187.496 128.935 77 89 105
1718.806 -243.539 127.396 100 102 107
1716.986 -243.465 129.810 122 123 124
1726.642 -233.906 107.210 123 132 145
1731.804 -228.783 103.331 119 133 155
1748.730 -171.389 132.774 180 153 147
1727.416 -232.007 98.009 37 46 58
1730.163 -227.352 91.116 35 44 56
1744.030 -190.133 104.805 98 108 124
1753.313 -216.938 4.802 43 54 69
1743.196 -194.115 96.470 37 52 72
1705.669 -248.312 129.712 100 105 114
1719.517 -236.825 96.980 82 78 83
1722.285 -233.535 87.868 56 68 84
1742.579 -192.395 88.726 27 36 48
1742.549 -178.621 113.658 134 139 138
1718.046 -237.181 92.582 45 57 73
1748.340 -218.448 1.368 146 157 174
1749.397 -217.748 1.400 151 163 188
1754.405 -206.340 2.194 117 135 161
1732.008 -166.231 137.707 238 231 223
1729.826 -165.118 138.574 246 239 224
1690.275 -241.982 138.120 55 61 70
1747.784 -208.544 -8.522 159 169 187
1733.610 -184.997 45.829 105 103 112
1733.804 -212.144 -3.760 51 53 58
1739.454 -199.613 -1.718 83 87 93
1730.202 -214.060 -8.312 64 66 71
1739.653 -202.353 -22.074 170 168 172
1738.906 -205.602 -28.392 211 210 214
1739.824 -201.391 -21.814 167 162 166
1738.736 -201.226 -21.418 162 157 163
1738.751 -201.233 -21.531 162 157 163
1737.577 -205.542 -28.740 104 112 133
1727.121 -213.930 -21.061 106 55 66
1732.945 -195.314 -19.870 109 54 67
1731.704 -185.594 -18.566 118 62 72
1711.157 -209.598 -16.315 62 29 51
1712.484 -205.622 -16.015 244 231 220
1716.943 -199.690 -19.660 205 183 178
1720.412 -187.597 -13.212 220 213 216
1720.117 -174.858 4.041 123 121 131
1720.760 -173.832 3.709 116 114 127
1692.580 -219.361 3.944 246 243 232
1713.852 -165.826 6.098 147 126 119
1713.852 -165.826 6.098 147 126 119
1704.047 -212.204 -23.791 158 156 165
1706.453 -206.661 -20.632 92 47 80
1711.923 -167.769 6.495 245 234 224
1705.504 -182.565 -13.471 179 148 149
1698.788 -191.456 -13.601 244 230 220
1698.530 -190.782 -13.625 139 79 85
1699.795 -189.155 -13.804 243 230 222
1699.836 -189.182 -13.901 243 230 222
1701.038 -186.960 -13.480 240 218 206
1799.640 -195.412 122.066 113 115 120
1799.738 -194.135 122.989 123 125 131
1763.727 -264.524 118.421 21 30 49
1787.889 -211.070 123.791 105 116 140
1778.429 -226.382 124.050 80 93 116
1790.701 -200.494 120.494 40 49 61
1757.338 -268.994 118.170 204 190 190
1764.593 -254.074 118.040 54 63 76
1791.935 -191.290 119.190 93 93 96
1777.799 -211.348 125.087 42 55 76
1781.896 -202.106 125.678 34 40 56
1760.993 -243.977 123.184 91 105 126
1768.778 -215.240 65.342 29 39 58
1740.861 -246.558 127.193 112 126 147
1743.099 -243.583 127.282 70 84 105
1743.095 -243.572 127.331 70 84 105
1754.711 -220.211 85.640 37 49 65
1733.689 -241.139 128.886 28 40 54
1761.381 -217.994 42.726 190 210 225
1763.453 -210.990 37.721 51 58 71
1724.560 -246.447 130.223 83 96 117
1724.560 -246.447 130.223 83 96 117
1723.830 -245.599 130.368 29 42 58
1728.638 -237.587 125.087 37 50 66
1730.585 -233.693 116.412 114 129 149
1718.352 -249.677 131.300 121 127 100
1721.384 -244.679 130.506 64 74 86
1726.308 -234.635 107.818 39 48 68
1730.976 -230.365 104.262 100 114 136
1746.049 -194.259 107.324 52 59 70
1746.849 -181.590 132.547 69 71 76
1730.660 -227.529 95.384 39 52 70
1733.055 -222.867 89.326 76 90 111
1723.593 -233.426 93.254 134 137 140
1759.621 -211.252 -9.259 33 47 68
1741.808 -170.905 133.527 197 188 176
1757.100 -206.042 5.240 46 58 74
1739.641 -179.596 94.356 66 67 76
1735.055 -166.258 137.569 243 233 222
1731.009 -218.481 33.614 127 141 163
1742.394 -215.454 -4.691 150 158 172
1719.873 -223.639 43.787 105 107 118
1719.396 -223.533 43.431 44 50 57
1738.392 -217.033 -4.221 115 116 130
1737.011 -216.312 -3.970 74 70 82
1733.660 -174.947 58.910 145 155 167
1734.108 -214.487 -2.998 90 96 110
1731.970 -176.074 46.598 51 57 58
1736.391 -209.519 -22.082 81 77 82
1739.393 -203.833 -21.806 96 78 105
1738.461 -206.823 -26.375 80 69 89
1739.349 -201.641 -21.774 91 90 99
1730.025 -176.680 28.640 21 31 43
1735.341 -203.394 -27.112 208 219 230
1733.975 -204.072 -27.160 139 134 140
1733.986 -204.068 -27.185 139 134 140
1734.907 -202.456 -26.885 211 213 219
1736.363 -199.345 -27.039 66 65 73
1735.934 -196.326 -20.437 157 117 119
1712.446 -220.545 5.345 61 71 89
1731.070 -192.316 -19.376 237 215 211
1726.894 -170.489 18.345 167 186 208
1719.388 -203.598 -20.162 85 79 86
1720.709 -187.268 -12.977 68 73 88
1720.738 -185.889 -12.346 146 134 142
1718.789 -173.459 4.397 105 94 113
1719.754 -172.426 4.130 90 64 80
1695.964 -225.939 -0.884 84 63 72
1709.545 -212.462 -17.967 151 126 140
1722.425 -181.941 -16.663 109 96 114
1717.830 -173.760 0.355 116 51 61
1718.808 -172.759 1.497 128 78 93
1691.559 -222.311 0.112 145 100 108
1692.117 -219.483 3.547 89 70 79
1714.738 -185.922 -15.707 91 95 102
1716.268 -183.323 -16.833 108 108 121
1706.237 -206.449 -23.005 115 82 104
1709.710 -196.061 -18.048 165 105 104
1701.609 -211.925 -22.697 169 170 176
1705.171 -207.092 -23.572 140 145 162
1704.406 -206.680 -24.107 117 116 124
1704.759 -195.710 -13.058 117 112 123
1708.254 -191.565 -16.080 195 184 182
1713.292 -184.968 -21.766 228 219 216
1713.925 -184.283 -21.750 147 145 154
1701.265 -208.119 -25.792 227 227 220
1697.223 -200.867 -14.387 159 96 104
1701.119 -196.120 -14.759 243 230 223
1701.074 -190.345 -14.014 179 118 116
1700.885 -189.197 -14.095 151 86 98
1699.094 -189.375 -13.561 106 55 64
1701.946 -185.041 -13.488 123 69 83
1787.521 -231.255 121.855 79 92 115
1703.662 -205.143 -15.027 93 54 66
1789.238 -217.877 119.312 93 105 121
1717.535 -214.033 -19.352 106 42 50
1728.378 -186.950 -18.113 139 81 83
1702.921 -195.974 -15.480 84 72 85
1752.563 -175.667 131.073 73 74 81
1720.191 -178.614 -15.934 26 16 24
1712.425 -196.694 -18.720 249 217 208
1790.231 -229.509 117.279 74 89 117
1714.305 -169.051 5.175 163 161 164
1771.741 -273.607 128.692 68 80 104
1729.862 -194.731 -19.733 238 233 223
1726.541 -187.134 -17.781 196 175 169
1736.110 -168.031 137.099 234 224 212
1768.142 -193.349 121.612 163 130 120
1723.967 -182.380 -16.703 86 61 85
1757.212 -179.723 129.404 148 141 140
1758.257 -198.524 122.997 43 52 65
1753.970 -180.691 130.668 100 94 96
1751.387 -206.646 -8.790 199 203 206
1751.404 -206.627 -8.814 199 203 206
1792.684 -235.451 116.590 150 169 198
1783.763 -228.801 122.406 91 108 134
1760.721 -188.689 124.860 158 134 125
1718.827 -195.040 -18.534 230 214 206
1750.657 -181.441 131.575 125 117 115
1741.750 -171.952 132.628 68 65 67
1737.755 -168.240 136.516 230 213 195
1765.406 -261.946 118.316 127 147 169
1726.653 -184.852 -17.781 140 90 101
1720.548 -216.368 -20.016 112 70 92
1718.150 -209.785 -21.102 242 216 203
1709.213 -214.522 -18.097 65 60 73
1779.342 -196.332 120.211 101 104 109
1788.601 -231.576 118.656 84 96 117
1774.264 -199.533 123.945 28 37 49
1767.302 -200.334 124.358 24 33 45
1765.467 -211.106 125.257 25 34 46
1749.250 -179.423 132.345 82 78 82
1746.977 -177.179 133.090 86 79 80
1743.537 -169.334 134.937 170 153 142
1743.565 -169.329 134.977 170 153 142
1770.975 -255.870 117.303 117 130 152
1746.425 -263.594 118.186 236 231 231
1722.833 -171.306 3.757 120 118 135
1720.046 -171.652 4.316 240 237 233
1717.170 -175.860 -14.970 247 247 246
1715.053 -176.752 -21.806 167 170 175
1706.946 -210.852 -16.290 79 45 80
1702.403 -203.670 -15.124 111 64 84
1774.384 -192.910 120.964 116 106 111
1767.095 -180.168 122.463 189 157 142
1771.259 -197.619 123.977 27 36 48
1758.867 -176.940 129.080 65 64 72
1755.983 -184.035 126.075 35 44 56
1774.822 -239.503 123.062 70 84 106
1750.376 -178.586 132.410 122 111 109
1772.742 -250.308 115.845 82 89 101
1729.178 -168.367 137.804 122 107 98
1754.120 -264.733 119.361 87 99 117
1753.485 -262.314 118.226 69 78 98
1753.926 -209.488 -9.543 236 231 221
1740.905 -217.522 -4.440 59 65 73
1734.410 -189.175 -19.571 243 215 212
1717.428 -199.595 -18.728 37 43 53
1720.200 -211.611 -19.190 69 69 75
1720.152 -211.581 -19.206 69 69 75
1702.020 -185.473 -13.552 119 63 77
1702.662 -204.503 -15.164 52 22 40
1791.111 -225.281 119.838 102 113 138
1783.829 -200.573 122.455 136 121 122
1781.504 -203.466 123.346 89 100 111
1776.020 -203.675 121.912 35 44 56
1775.183 -214.137 124.958 93 110 136
1753.501 -181.644 132.142 57 56 57
1752.138 -178.333 131.640 78 73 78
1756.276 -198.174 122.754 37 46 58
1750.312 -184.427 130.838 72 82 101
1750.474 -182.708 130.757 53 53 58
1749.977 -179.942 132.725 74 73 74
1752.314 -193.830 124.585 66 75 89
1743.047 -170.951 133.122 201 192 180
1778.656 -272.633 111.544 54 64 82
1770.684 -256.724 116.404 112 133 154
1732.107 -167.463 137.472 161 143 133
1761.688 -265.558 117.870 143 154 171
1715.146 -161.109 140.915 59 58 58
1750.854 -201.071 -4.950 82 81 82
1751.440 -204.196 -8.838 219 215 216
1733.065 -196.378 -20.049 138 89 97
1732.760 -194.256 -19.571 110 58 77
1712.003 -165.579 2.064 254 251 240
1720.632 -206.022 -18.056 86 89 102
1710.974 -191.171 -15.318 234 225 220
1715.190 -217.209 -19.247 98 42 57
1710.094 -211.767 -16.258 166 161 168
1710.100 -211.893 -15.991 166 161 168
1709.458 -212.379 -17.692 159 134 146
1707.955 -209.821 -14.970 124 126 132
1705.216 -201.792 -13.358 243 235 228
1699.683 -188.352 -13.463 125 62 75
1697.196 -196.865 -14.111 122 48 59
1785.858 -220.212 121.394 36 48 64
1785.427 -228.709 121.531 86 102 127
1785.199 -234.477 121.296 93 105 130
1780.122 -224.653 123.929 47 65 89
1778.790 -227.066 123.637 39 51 67
1778.832 -227.111 124.148 39 51 67
1775.401 -215.041 124.617 46 59 75
1775.749 -213.246 124.877 37 51 76
1771.936 -211.752 125.176 51 60 80
1767.698 -211.692 124.909 82 90 106
1767.698 -211.692 124.909 82 90 106
1767.427 -212.918 124.261 45 54 70
1766.732 -210.038 125.274 102 113 124
1766.781 -210.148 125.476 102 113 124
1765.715 -209.674 125.597 96 111 133
1758.710 -188.325 124.269 60 66 70
1752.310 -172.610 130.547 118 110 105
1777.345 -241.425 118.550 67 79 103
1759.480 -201.134 122.463 84 98 119
1761.091 -198.890 122.438 84 96 112
1758.486 -196.356 123.119 35 45 57
1756.153 -185.227 125.233 128 133 141
1757.720 -200.626 122.754 44 54 74
1755.414 -198.677 123.127 92 104 119
1755.414 -198.677 123.127 92 104 119
1749.448 -184.574 131.211 28 37 49
1749.387 -177.143 132.385 67 60 68
1755.698 -200.009 122.819 128 121 122
1755.685 -199.959 122.673 128 121 122
1747.569 -181.964 132.159 90 92 97
1746.596 -179.988 133.301 101 101 104
1748.965 -198.244 107.850 45 59 73
1734.383 -171.811 134.516 123 115 111
1732.901 -168.686 137.496 237 227 215
1732.026 -166.231 137.675 238 231 223
1728.166 -170.719 138.209 178 166 157
1761.902 -274.058 129.299 42 48 65
1755.554 -258.704 117.967 44 56 72
1717.764 -173.810 133.325 114 116 107
1717.795 -173.859 133.511 114 116 107
1710.361 -158.713 141.344 50 56 65
1749.020 -207.064 -8.328 106 119 142
1711.187 -172.469 139.748 66 73 78
1737.820 -198.185 -9.357 100 107 121
1722.110 -166.019 12.206 152 125 112
1722.110 -166.019 12.206 152 125 112
1721.302 -164.568 12.254 247 246 241
1696.065 -172.102 141.692 68 77 81
1724.376 -175.229 3.425 156 136 129
1723.535 -171.680 2.607 127 116 127
1723.456 -178.410 2.923 110 99 109
1722.966 -174.929 3.757 99 87 100
1721.916 -178.106 3.522 126 114 131
1730.526 -199.592 -21.952 181 160 168
1716.293 -174.822 -14.662 234 210 200
1715.611 -190.115 -15.051 85 60 72
1714.743 -179.062 -21.191 189 190 197
1719.643 -217.543 -20.113 250 233 229
1718.528 -217.836 -19.927 250 228 223
1708.227 -190.569 -15.780 229 222 220
1702.631 -184.398 -13.463 122 57 67
1702.464 -187.462 -13.569 146 91 103
1708.121 -211.420 -17.116 140 104 118
1704.541 -200.401 -13.188 236 226 222
1699.705 -189.080 -13.633 243 230 222
1699.687 -189.099 -13.642 243 230 222
1703.534 -203.420 -14.200 245 240 237
1702.676 -203.614 -14.597 54 33 43
1697.511 -196.278 -13.998 242 220 208
1697.508 -194.273 -13.844 122 59 69
1699.505 -204.463 -14.362 221 182 172
1790.023 -220.097 118.259 151 160 178
1785.372 -222.558 122.058 93 110 136
1789.273 -247.312 126.699 57 66 83
1776.781 -212.340 125.136 51 63 82
1779.453 -226.394 124.067 77 91 114
1783.886 -251.865 128.667 37 49 65
1757.341 -186.820 124.836 64 70 79
1763.258 -210.513 126.375 30 42 58
1757.483 -201.974 122.519 44 50 66
1749.440 -180.669 132.604 142 125 123
1747.416 -174.342 133.317 58 61 59
1741.941 -170.069 135.496 174 156 146
1753.089 -202.146 108.029 93 104 120
1752.467 -201.931 107.769 71 82 90
1752.467 -201.931 107.769 71 82 90
1749.601 -202.074 104.546 36 42 58
1750.333 -199.137 107.615 63 69 77
1749.910 -198.691 107.696 81 89 95
1748.726 -201.888 104.392 64 74 86
1748.726 -201.888 104.392 64 74 86
1712.224 -155.942 140.963 111 118 117
1746.694 -204.601 -3.371 137 141 152
1750.238 -212.314 -9.551 88 96 114
1747.568 -210.842 -8.603 59 68 81
1720.624 -164.816 12.424 240 241 239
1739.809 -202.919 -21.806 92 80 101
1738.007 -200.334 -21.175 88 78 97
1725.202 -177.973 3.028 237 222 211
1724.587 -171.767 2.591 234 227 228
1724.587 -171.767 2.591 234 227 228
1722.221 -177.559 3.271 99 88 105
1738.572 -204.860 -28.262 218 220 223
1733.141 -196.944 -20.186 241 216 206
1731.624 -199.434 -22.365 141 97 101
1730.299 -198.011 -22.122 247 217 205
1713.122 -167.487 6.349 120 99 108
1711.932 -168.367 6.341 137 122 126
1721.830 -182.678 -16.728 95 88 97
1715.468 -181.495 -21.669 93 95 114
1714.902 -188.939 -15.723 129 131 136
1711.359 -175.888 -22.730 241 238 235
1722.223 -215.154 -20.275 78 34 43
1716.294 -199.693 -19.595 140 90 91
1711.883 -177.717 -24.730 200 198 201
1716.318 -217.942 -19.538 250 228 223
1710.915 -205.323 -14.622 247 247 240
1704.611 -199.368 -13.050 232 210 199
1703.016 -191.618 -14.314 138 113 117
1701.957 -185.037 -13.536 125 72 85
1709.075 -212.802 -17.797 52 50 58
1707.404 -208.210 -14.938 176 170 177
1705.663 -205.529 -14.403 184 159 150
1705.814 -211.244 -20.907 72 40 74
1703.572 -205.387 -22.414 208 207 208
1699.778 -223.169 -2.059 230 223 208
1699.393 -225.746 -3.994 92 67 80
1794.167 -224.611 116.396 82 93 114
1782.842 -193.271 117.838 88 75 82
1778.311 -191.998 117.983 168 135 127
1791.567 -231.646 116.234 96 110 137
1790.489 -231.636 116.777 118 131 149
1785.921 -221.286 122.017 91 108 134
1780.933 -202.139 124.747 51 63 72
1777.244 -192.321 118.356 95 89 96
1787.866 -228.846 121.928 83 96 121
1779.173 -209.379 124.342 103 120 146
1778.619 -204.788 120.017 62 71 86
1763.462 -178.329 124.804 181 151 144
1773.823 -214.206 124.229 36 45 57
1765.553 -187.276 123.168 156 138 126
1758.291 -175.167 129.186 150 142 139
1763.996 -211.683 125.622 36 46 58
1755.163 -183.368 125.938 103 106 107
1772.651 -243.404 119.134 126 134 155
1772.651 -243.404 119.134 126 134 155
1745.180 -176.795 133.600 162 137 134
1741.963 -172.987 134.783 171 160 152
1763.116 -247.414 117.716 54 67 82
1765.907 -261.079 117.368 126 140 162
1723.523 -160.317 140.663 208 197 186
1758.222 -253.428 120.235 76 93 119
1731.304 -173.508 46.752 66 43 60
1718.662 -172.667 133.244 103 96 98
1748.386 -203.270 -7.939 97 102 113
1743.732 -265.641 118.972 236 233 223
1723.199 -166.680 12.084 244 243 236
1696.735 -171.673 141.976 95 98 102
1722.197 -169.905 4.373 121 113 131
1725.012 -179.236 1.991 215 199 192
1736.958 -204.841 -29.104 170 177 189
1728.654 -188.004 -18.348 239 216 212
1731.770 -199.925 -22.414 246 243 232
1732.015 -199.156 -22.649 250 237 230
1733.132 -205.567 -26.942 173 175 180
1729.990 -199.301 -22.106 136 107 123
1720.206 -188.020 -13.204 230 220 218
1721.755 -198.082 -17.133 136 153 179
1721.558 -206.550 -18.429 168 169 176
1718.841 -199.470 -18.502 139 140 149
1711.790 -175.238 -22.341 181 178 181
1705.532 -186.346 -14.622 190 177 172
1707.388 -208.664 -14.929 190 167 167
1707.037 -208.357 -15.002 83 52 77
1703.805 -202.414 -13.528 129 112 120
1704.303 -199.222 -15.837 178 163 164
1703.331 -196.528 -15.334 164 159 165
1703.301 -204.779 -15.415 190 156 162
1703.779 -225.712 0.290 130 124 130
1715.033 -189.662 -15.772 162 159 158
1712.828 -213.214 -18.485 145 132 132
1727.124 -213.905 -20.948 107 56 69
1734.832 -191.295 -19.708 147 96 100
1739.501 -245.031 127.736 74 87 108
1704.111 -214.272 -23.451 92 93 95
1708.285 -192.031 -15.885 187 173 168
1713.225 -183.466 -22.657 124 105 112
1728.701 -244.496 128.052 39 49 68
1770.414 -247.152 115.926 35 41 57
1709.649 -205.637 -15.675 246 243 238
1719.128 -253.968 128.303 178 166 165
1706.894 -221.026 -1.508 246 246 240
1776.761 -247.894 116.736 45 52 67
1796.335 -233.024 116.234 65 65 76
1763.432 -242.980 122.860 74 86 110
1731.801 -249.502 128.732 36 49 64
1739.127 -243.383 128.570 112 129 150
1740.450 -210.758 -6.935 85 85 93
1702.032 -220.076 0.080 43 45 49
1752.714 -246.702 123.743 26 35 50
1753.382 -239.764 125.265 28 38 51
1718.595 -248.792 129.947 42 45 49
1704.332 -246.654 132.320 70 73 79
1696.147 -221.446 -0.827 135 138 154
1718.323 -212.442 -20.510 193 158 157
1711.965 -210.312 -16.112 51 49 55
1760.473 -239.987 123.305 27 36 55
1797.018 -221.394 113.707 153 168 196
1736.062 -248.314 128.287 102 114 133
1789.763 -219.308 118.218 146 160 184
1795.306 -199.928 118.664 110 114 109
1796.102 -195.531 122.042 41 47 63
1746.812 -212.819 -9.008 107 117 134
1747.267 -205.344 -8.255 148 161 182
1772.905 -242.117 118.883 92 106 132
1772.955 -242.343 118.672 92 106 132
1784.887 -233.664 121.264 57 70 93
1758.647 -245.105 122.949 62 75 92
1783.619 -228.906 122.625 92 109 135
1788.356 -225.615 122.625 99 113 136
1729.388 -253.686 129.186 89 92 99
1739.002 -248.603 127.550 33 43 55
1728.017 -251.409 128.943 120 125 108
1783.653 -221.162 122.171 35 45 58
1728.867 -248.941 129.291 35 44 56
1723.000 -244.653 129.769 34 46 59
1727.579 -240.583 129.518 27 36 48
1749.920 -210.399 -7.720 126 137 154
1715.277 -203.532 -17.538 95 70 90
1713.713 -182.629 -22.762 103 111 125
1760.891 -243.231 123.135 78 91 111
1769.107 -238.537 123.799 71 84 108
1731.623 -252.828 128.724 35 44 56
1741.122 -247.206 127.647 84 97 114
1744.178 -245.322 126.966 67 80 103
1761.744 -236.057 122.276 47 57 75
1741.969 -245.243 127.307 28 40 56
1742.721 -243.237 127.485 78 92 112
1748.280 -236.686 127.639 32 44 60
1745.031 -227.552 102.529 77 88 110
1704.155 -244.544 130.798 67 73 81
1703.240 -223.735 1.254 39 41 51
1707.997 -219.921 -2.285 152 158 172
1734.482 -206.319 -27.363 110 120 139
1734.816 -204.553 -27.055 181 186 194
1703.856 -211.241 -23.135 129 131 139
1704.264 -209.508 -22.924 134 131 139
1727.948 -197.017 -21.450 243 236 229
1727.881 -197.129 -21.547 243 236 229
1701.298 -209.180 -26.156 118 120 133
1712.749 -184.256 -21.879 187 183 185
1751.221 -259.692 117.449 178 188 192
1752.691 -256.232 118.745 56 69 87
1748.301 -255.377 120.600 60 70 84
1733.441 -261.431 127.525 138 141 102
1742.524 -256.804 121.612 52 61 76
1764.770 -239.160 123.653 83 95 113
1746.013 -245.163 126.748 27 36 48
1789.836 -221.593 122.690 74 87 110
1738.741 -246.679 127.809 29 42 58
1715.275 -253.600 128.902 208 186 181
1741.424 -240.354 128.165 93 105 121
1713.873 -253.863 128.732 58 62 67
1725.172 -247.881 130.166 35 44 64
1723.613 -247.320 130.644 35 44 56
1710.146 -251.361 129.761 62 63 68
1710.736 -250.054 130.053 190 179 172
1719.430 -245.404 130.725 57 56 65
1717.612 -244.728 130.668 238 231 216
1732.446 -230.487 104.124 40 52 69
1742.052 -209.769 -7.526 120 128 145
1699.669 -225.443 -1.872 254 247 240
1701.198 -224.280 1.319 243 236 229
1701.237 -224.253 1.279 243 236 229
1695.508 -223.298 -1.070 254 247 240
1733.225 -205.618 -27.039 176 177 183
1692.108 -222.015 -0.463 159 113 116
1714.888 -213.387 -18.939 251 232 223
1702.786 -208.007 -25.014 121 126 137
1704.174 -207.021 -23.985 120 125 137
1705.064 -199.127 -13.172 221 210 204
1712.253 -186.385 -17.562 238 234 231
1712.381 -178.950 -24.722 118 121 127
1794.234 -234.696 115.497 60 70 88
1794.690 -231.742 115.748 59 65 73
1774.823 -239.362 122.860 70 84 105
1775.894 -238.092 122.252 29 38 51
1784.805 -233.291 121.280 47 59 82
1784.663 -231.578 120.948 123 138 166
1784.516 -231.770 120.357 123 138 166
1754.997 -242.469 125.379 27 36 48
1756.039 -242.916 124.034 58 68 87
1761.943 -241.226 123.014 77 88 105
1771.362 -235.108 121.823 42 53 71
1756.476 -240.184 124.949 35 42 60
1719.338 -255.587 128.068 203 191 180
1724.479 -251.926 130.304 109 114 79
1779.491 -224.913 123.248 48 64 88
1779.503 -224.927 124.131 48 64 88
1786.101 -221.419 121.871 86 101 126
1742.508 -241.644 127.550 27 36 55
1791.510 -214.030 120.243 70 83 102
1720.076 -247.758 130.911 36 46 55
1730.698 -244.968 129.016 27 37 49
1740.279 -239.640 128.594 28 40 56
1741.876 -238.543 128.246 28 41 57
1739.798 -234.727 128.254 27 36 55
1803.835 -200.507 120.810 79 89 96
1743.880 -230.098 102.294 43 52 72
1745.650 -229.229 102.780 44 57 75
1744.252 -226.177 102.099 54 63 83
1793.820 -200.517 118.939 111 124 138
1780.234 -201.180 122.949 38 42 52
1751.015 -217.537 1.473 112 129 162
1686.576 -234.678 138.760 111 132 112
1747.159 -212.557 -8.190 107 116 133
1734.379 -212.426 -2.966 51 53 58
1708.604 -222.443 -0.633 89 79 97
1700.319 -224.801 0.752 114 104 110
1695.178 -225.235 -1.427 247 243 232
1704.850 -219.344 -1.151 238 238 232
1724.147 -205.256 -18.809 81 54 73
1734.804 -194.404 -20.073 250 228 223
1706.623 -196.841 -13.026 243 231 223
1729.046 -183.080 -17.740 158 108 116
1697.307 -198.129 -14.160 153 95 102
1702.791 -195.969 -15.415 84 72 86
1752.525 -261.921 117.554 146 163 189
1747.070 -261.807 120.260 164 161 164
1749.610 -260.623 117.749 194 202 215
1754.167 -255.745 119.150 52 64 80
1777.934 -244.063 117.214 145 164 194
1768.223 -241.779 119.903 83 97 116
1772.016 -241.464 119.085 111 124 153
1755.047 -246.898 123.605 51 63 79
1758.227 -244.236 122.843 69 80 97
1763.971 -240.675 123.532 59 69 88
1775.791 -237.009 121.369 117 131 158
1774.407 -236.393 121.321 53 68 88
1779.780 -234.281 122.495 85 97 121
1782.504 -231.788 122.633 93 105 130
1790.339 -228.111 117.603 129 144 168
1747.039 -246.622 126.399 51 63 79
1757.125 -241.235 124.318 77 89 105
1757.125 -241.235 124.318 77 89 105
1773.233 -234.150 122.503 45 57 73
1725.001 -257.248 129.040 140 142 140
1743.772 -247.588 126.837 84 98 119
1750.034 -243.221 125.760 67 81 100
1761.472 -238.064 122.981 50 63 78
1781.890 -224.625 123.572 47 59 75
1786.575 -224.955 122.884 72 88 112
1724.974 -254.460 129.931 35 41 49
1738.672 -244.644 128.100 135 153 175
1744.264 -242.479 127.331 27 36 55
1788.077 -219.071 121.750 102 116 138
1726.028 -249.025 129.915 110 112 112
1740.627 -242.482 127.963 78 92 113
1746.091 -239.213 127.404 28 40 56
1747.155 -238.216 127.209 28 40 56
1746.131 -238.167 127.444 119 133 154
1746.597 -237.240 127.501 116 131 151
1733.677 -242.181 129.129 90 103 125
1733.681 -242.173 129.145 90 103 125
1732.571 -242.335 128.862 19 28 40
1738.883 -240.367 128.862 26 37 52
1743.355 -237.312 127.574 35 44 64
1747.328 -235.180 127.550 68 77 97
1785.260 -212.852 124.010 79 96 129
1721.354 -245.543 130.619 35 44 56
1780.575 -211.706 124.698 53 66 89
1738.845 -230.135 102.812 59 71 87
1737.032 -229.807 103.347 60 73 88
1785.778 -197.610 120.033 175 176 183
1714.732 -233.613 67.415 78 73 85
1783.467 -192.645 117.773 167 133 125
1748.845 -212.873 -8.838 79 78 86
1735.602 -211.969 -2.925 56 56 61
1742.336 -206.961 -7.575 135 135 148
1744.086 -205.878 -7.356 156 161 171
1702.899 -224.602 1.360 107 112 114
1704.605 -221.647 1.376 132 130 132
1710.237 -220.785 -1.402 38 39 49
1729.244 -210.796 -20.373 126 79 98
1730.055 -210.448 -20.964 245 221 214
1731.671 -210.662 -21.418 252 236 232
1737.337 -208.370 -22.009 155 152 162
1737.376 -208.361 -22.138 155 152 162
1696.954 -223.357 -1.402 254 247 240
1725.949 -212.043 -20.494 75 39 63
1737.734 -205.727 -28.708 114 122 141
1756.375 -176.921 129.461 97 89 90
1719.430 -212.465 -19.563 215 203 202
1719.354 -212.458 -20.041 215 203 202
1732.708 -205.246 -26.974 194 197 205
1733.299 -204.675 -26.917 104 111 124
1692.030 -222.946 0.137 254 247 240
1713.703 -213.240 -18.728 240 216 212
1719.985 -210.363 -18.461 72 61 73
1720.522 -209.733 -18.550 147 145 154
1721.078 -208.863 -18.607 64 68 80
1730.808 -205.410 -26.739 183 185 190
1731.940 -202.927 -31.243 229 226 225
1711.109 -209.647 -16.144 61 30 52
1705.658 -211.236 -20.956 86 50 87
1730.551 -198.699 -22.033 109 79 98
1703.680 -207.891 -23.070 180 177 183
1716.788 -197.767 -19.417 182 155 149
1704.355 -201.675 -13.269 240 233 229
1705.940 -199.729 -13.139 58 42 52
1704.189 -197.487 -13.212 98 91 98
1703.004 -197.243 -15.148 81 70 82
1718.749 -189.162 -16.217 252 245 238
1702.757 -194.012 -15.334 137 106 128
1705.334 -191.231 -15.148 182 164 157
1720.106 -183.524 -16.444 141 145 154
1727.019 -180.723 -17.100 245 241 230
1698.170 -193.840 -13.795 242 222 207
1705.447 -190.342 -14.605 181 161 164
1717.671 -181.944 -16.072 74 73 88
1704.083 -184.583 -13.577 216 200 188
1716.992 -180.542 -19.166 82 53 83
1720.335 -170.583 4.284 78 53 65
1721.243 -170.216 4.438 235 222 221
1721.228 -170.210 4.648 235 222 221
1713.013 -165.302 2.429 131 80 83
1709.309 -158.785 0.955 214 202 202
1763.874 -250.332 116.801 70 78 90
1780.389 -237.992 120.754 83 95 119
1783.547 -235.320 120.997 85 97 120
1782.726 -234.874 120.754 47 61 82
1786.476 -233.441 117.416 83 91 112
1785.773 -233.686 121.466 91 100 120
1750.410 -250.721 120.762 28 40 56
1770.165 -239.328 123.589 67 79 103
1772.583 -238.498 123.281 78 92 113
1775.975 -236.177 120.802 54 66 85
1772.827 -235.840 121.385 46 58 74
1777.025 -236.468 120.835 127 141 170
1782.583 -232.966 121.021 65 78 102
1785.962 -229.559 122.025 35 44 64
1746.321 -247.677 126.335 49 61 77
1747.974 -245.895 126.302 27 36 55
1766.104 -238.592 123.783 60 70 88
1766.092 -238.578 123.832 60 70 88
1765.715 -237.852 123.467 67 78 93
1766.840 -236.659 123.751 84 98 125
1790.341 -225.319 122.017 78 90 114
1790.364 -225.347 122.155 78 90 114
1744.711 -246.553 126.748 83 96 119
1744.805 -244.750 126.958 73 85 109
1747.289 -245.643 126.440 50 63 78
1747.289 -245.643 126.440 50 63 78
1747.245 -244.010 126.626 53 63 81
1750.572 -244.143 126.027 20 32 48
1749.393 -243.725 126.156 27 36 48
1749.626 -242.942 126.480 66 77 97
1754.242 -241.655 125.994 42 51 64
1781.002 -225.861 123.572 60 73 97
1785.033 -225.252 121.572 74 88 110
1740.382 -245.583 127.412 115 129 149
1741.055 -245.882 127.169 31 44 60
1740.228 -243.918 127.793 80 94 115
1743.990 -243.572 127.185 93 108 129
1743.088 -242.771 127.379 96 110 129
1749.733 -240.073 126.683 50 59 72
1749.744 -240.069 126.626 50 59 72
1778.307 -225.104 123.386 78 92 113
1782.604 -222.761 122.771 93 108 132
1784.576 -222.575 121.345 130 144 167
1787.939 -220.597 122.795 55 68 92
1787.147 -218.870 121.604 35 44 64
1723.411 -249.207 130.109 129 133 94
1727.653 -249.518 129.518 48 59 68
1729.201 -246.439 129.210 27 37 51
1729.861 -246.910 129.226 94 108 130
1729.861 -246.910 129.226 94 108 130
1732.236 -244.483 129.129 90 102 118
1732.236 -244.483 129.129 90 102 118
1736.025 -245.531 128.854 105 120 140
1736.664 -244.415 128.927 117 128 152
1738.343 -243.948 128.384 86 100 121
1739.905 -243.109 128.100 138 155 177
1739.905 -243.109 128.100 138 155 177
1737.436 -242.382 128.829 114 126 150
1741.725 -242.447 127.574 111 122 139
1745.662 -237.409 127.744 58 68 87
1749.646 -235.529 127.064 102 113 138
1751.674 -236.291 126.845 100 114 135
1750.752 -235.933 127.015 98 112 134
1783.705 -219.253 123.151 126 139 161
1782.918 -219.009 124.026 37 50 66
1788.687 -217.383 120.235 44 53 70
1725.417 -246.713 130.053 91 102 126
1725.420 -246.706 130.036 91 102 126
1727.109 -247.015 129.753 97 108 125
1727.142 -247.002 129.737 97 108 125
1734.294 -242.668 129.461 21 31 43
1734.588 -240.813 129.113 92 106 128
1734.577 -240.817 129.072 92 106 128
1735.026 -240.148 128.765 88 101 121
1735.026 -240.148 128.765 88 101 121
1743.061 -238.529 127.801 91 104 127
1742.436 -237.365 127.946 85 98 119
1742.436 -237.365 127.946 85 98 119
1744.826 -236.975 127.582 71 83 102
1804.827 -205.169 120.511 34 40 49
1806.026 -204.089 121.539 38 44 52
1719.582 -246.775 130.806 158 161 170
1722.182 -246.133 130.611 113 127 147
1735.816 -239.010 129.089 91 101 120
1735.769 -239.016 129.299 91 101 120
1739.448 -236.708 128.846 27 36 48
1797.429 -205.156 115.181 82 90 104
1742.037 -231.211 102.602 47 56 76
1779.014 -211.268 125.444 77 89 112
1779.037 -211.216 125.435 77 89 112
1745.478 -225.871 101.824 58 69 91
1706.606 -243.738 130.709 141 129 127
1783.377 -203.501 124.172 94 107 128
1785.060 -202.309 123.662 63 67 79
1703.930 -239.213 131.681 123 124 129
1748.974 -218.339 1.441 37 47 66
1748.974 -218.339 1.441 37 47 66
1752.384 -216.435 1.230 67 78 96
1744.777 -218.705 -5.744 113 118 129
1741.374 -210.336 -7.526 59 61 66
1731.530 -213.508 -8.482 99 97 106
1732.638 -212.671 -8.765 68 70 74
1696.240 -229.103 9.711 181 216 228
1745.022 -204.752 -7.291 92 94 99
1698.916 -225.702 -2.164 251 246 241
1702.273 -223.340 1.303 112 107 119
1701.301 -223.412 1.246 89 79 90
1736.342 -208.832 -22.179 100 99 107
1737.257 -206.579 -28.335 169 171 177
1732.959 -206.714 -27.452 112 118 136
1731.707 -206.777 -28.683 103 106 119
1751.848 -175.162 131.308 60 57 67
1749.920 -173.577 128.449 140 129 113
1710.805 -211.844 -16.282 70 44 66
1710.849 -211.207 -16.177 70 49 72
1717.380 -207.332 -20.802 239 210 198
1720.979 -205.281 -18.145 157 162 172
1720.979 -205.281 -18.145 157 162 172
1719.185 -204.412 -20.559 249 248 245
1703.691 -209.599 -22.560 117 122 138
1707.088 -207.706 -15.002 112 78 95
1723.354 -197.676 -18.518 247 247 247
1699.852 -209.858 -26.124 172 175 178
1732.752 -191.407 -19.271 136 105 117
1717.424 -198.450 -18.607 153 158 168
1726.754 -193.107 -18.429 80 101 125
1730.611 -191.136 -19.190 235 224 219
1700.305 -202.966 -15.075 241 212 200
1703.346 -202.130 -15.399 185 171 174
1705.038 -201.057 -13.220 166 142 140
1727.295 -189.066 -18.971 177 181 190
1700.287 -202.329 -15.108 189 142 138
1720.094 -189.805 -11.973 178 160 158
1698.073 -200.093 -14.290 185 152 144
1711.024 -194.403 -15.772 201 186 180
1720.620 -188.124 -12.880 51 51 57
1697.986 -197.420 -13.998 170 121 127
1727.019 -183.552 -17.611 111 56 65
1715.907 -187.241 -15.585 206 207 213
1723.803 -182.768 -16.938 86 61 88
1705.784 -188.151 -14.403 225 217 210
1712.065 -186.949 -15.731 131 131 138
1713.669 -185.774 -17.683 241 235 231
1713.622 -185.780 -17.667 241 235 231
1725.484 -173.337 2.380 234 221 220
1699.889 -190.855 -13.650 206 192 180
1708.961 -184.201 -14.824 190 170 168
1706.124 -184.499 -14.047 178 123 122
1702.671 -184.389 -13.569 122 57 67
1704.359 -181.931 -13.666 239 217 205
1713.654 -179.215 -21.085 141 146 148
1722.665 -168.438 3.587 66 65 81
1712.625 -178.163 -24.852 215 219 222
1711.456 -177.084 -24.050 246 243 239
1773.462 -250.841 116.347 50 59 77
1792.473 -233.654 115.853 151 168 186
1778.625 -236.418 120.543 50 68 92
1739.018 -256.830 126.480 58 60 65
1758.807 -244.964 123.054 60 73 91
1759.524 -244.370 123.200 57 70 85
1789.559 -229.564 117.570 133 144 169
1791.722 -227.096 117.870 140 152 172
1729.190 -257.517 128.935 245 235 216
1732.258 -257.118 128.141 124 130 94
1761.676 -240.274 123.200 27 36 48
1770.832 -234.225 120.486 105 118 139
1792.937 -223.549 117.125 134 150 175
1743.808 -246.611 126.934 48 61 84
1743.526 -245.351 126.966 104 116 134
1749.877 -242.380 126.270 29 39 52
1751.892 -243.569 125.500 73 85 100
1751.892 -243.569 125.476 73 85 100
1752.003 -242.901 125.557 27 36 48
1752.574 -243.350 125.589 75 87 102
1752.574 -243.350 125.573 75 87 102
1766.736 -234.804 123.419 65 78 100
1779.454 -226.271 123.880 78 91 114
1785.984 -222.617 122.042 61 71 91
1741.512 -243.940 127.428 99 113 134
1783.832 -222.732 121.774 43 57 86
1790.242 -219.388 118.081 74 91 116
1791.158 -217.748 118.267 150 167 192
1726.371 -250.366 129.777 89 95 72
1725.927 -249.849 129.777 86 92 70
1726.807 -249.886 129.680 112 118 113
1728.911 -247.808 129.421 28 40 56
1739.114 -243.094 128.206 86 100 121
1808.154 -203.991 113.496 126 131 134
1720.959 -247.805 131.049 99 106 102
1720.961 -247.780 130.644 99 106 102
1724.065 -248.337 130.174 89 97 81
1723.619 -246.232 130.425 90 104 126
1723.633 -246.220 130.352 90 104 126
1731.571 -244.204 128.837 27 36 48
1734.062 -240.401 129.445 28 37 49
1796.885 -209.764 117.700 35 44 56
1717.554 -245.793 130.287 114 109 106
1720.771 -246.374 130.725 159 162 171
1720.768 -246.381 130.733 159 162 171
1734.898 -239.319 128.740 27 36 48
1738.873 -236.266 128.757 78 90 105
1738.873 -236.266 128.757 78 90 105
1741.595 -235.430 128.214 37 49 65
1740.616 -234.861 128.392 30 40 58
1788.718 -208.194 123.905 59 66 81
1742.404 -230.248 102.326 49 58 74
1790.487 -202.766 118.729 69 83 97
1702.529 -245.966 131.713 90 96 99
1782.534 -202.107 125.063 37 45 58
1784.883 -200.616 121.175 129 118 131
1790.223 -197.125 120.008 61 67 78
1790.522 -196.433 119.466 169 170 169
1792.428 -194.444 117.676 106 106 106
1747.860 -220.362 1.886 112 132 161
1750.433 -217.810 1.619 109 130 159
1776.914 -197.326 124.334 51 57 66
1691.132 -240.138 137.731 43 55 63
1681.572 -238.887 140.607 77 93 80
1681.572 -238.887 140.607 77 93 80
1682.807 -236.192 140.040 55 76 67
1719.069 -224.248 43.779 100 100 107
1734.932 -215.803 -3.557 91 94 103
1742.221 -212.159 -7.915 90 89 98
1699.895 -228.301 8.666 117 130 157
1749.538 -203.172 -8.174 183 190 204
1696.313 -227.247 9.840 161 201 224
1696.363 -227.234 9.921 161 201 224
1697.473 -227.906 9.614 160 192 215
1704.998 -224.606 0.080 231 211 218
1704.998 -224.606 0.080 231 211 218
1700.706 -224.788 0.882 79 67 79
1701.984 -224.506 1.538 75 73 82
1701.685 -223.645 1.667 84 80 91
1701.742 -220.727 2.275 88 87 91
1731.766 -208.674 -27.412 115 119 129
1700.952 -221.227 -2.067 70 44 57
1737.592 -202.721 -27.711 229 235 235
1700.806 -218.209 -1.508 245 238 231
1703.962 -216.519 -8.895 134 126 143
1720.551 -210.207 -18.607 146 144 153
1720.432 -208.921 -18.558 121 130 143
1728.744 -204.252 -26.415 199 200 199
1732.415 -202.340 -30.862 234 234 234
1734.867 -201.312 -26.772 157 162 172
1704.864 -214.314 -23.588 221 222 229
1706.570 -211.536 -18.048 69 52 79
1704.131 -212.853 -24.228 114 115 122
1713.134 -206.373 -16.355 71 30 41
1697.610 -213.718 -22.349 230 223 222
1698.140 -213.803 -22.349 226 219 220
1707.431 -207.274 -14.605 175 154 164
1707.689 -206.714 -14.265 149 121 129
1691.252 -211.171 3.676 135 77 87
1691.263 -211.167 3.676 135 77 87
1697.051 -212.246 -23.135 238 235 231
1705.747 -207.490 -22.957 177 169 172
1718.603 -200.083 -18.639 101 102 114
1718.416 -199.547 -18.145 94 95 105
1718.416 -199.547 -18.145 94 95 105
1726.740 -189.235 -19.457 105 112 125
1728.051 -188.959 -18.550 133 134 147
1703.932 -196.929 -13.318 146 141 147
1720.360 -186.838 -13.164 201 198 201
1728.921 -183.601 -17.805 140 96 100
1697.869 -199.257 -14.257 141 77 85
1696.977 -197.734 -14.095 163 88 89
1705.782 -194.587 -17.287 151 101 111
1720.662 -186.378 -12.953 57 53 59
1726.486 -181.940 -17.222 185 152 151
1698.193 -195.243 -13.812 173 137 139
1698.178 -195.236 -13.625 173 137 139
1705.180 -192.236 -15.156 149 137 135
1709.849 -189.535 -15.375 190 181 184
1709.849 -189.535 -15.375 190 181 184
1712.083 -187.843 -15.262 140 132 134
1715.923 -186.707 -15.837 93 98 107
1715.597 -186.562 -16.298 145 149 158
1725.600 -181.342 -17.125 110 65 82
1709.674 -188.455 -15.756 244 233 224
1713.354 -186.503 -15.950 64 66 64
1716.357 -184.178 -15.739 123 121 138
1717.054 -182.653 -16.185 85 86 94
1702.503 -188.011 -13.893 250 223 215
1717.380 -181.681 -16.687 100 96 108
1718.135 -181.299 -16.177 99 97 99
1706.285 -182.903 -12.346 226 200 191
1707.282 -183.232 -14.152 242 219 206
1712.837 -183.143 -22.859 225 225 226
1718.641 -178.909 -18.534 124 82 128
1721.700 -169.968 4.365 102 88 103
1722.456 -167.831 3.676 191 171 176
1723.421 -180.381 -16.315 86 58 79
1793.371 -203.616 116.372 65 81 92
1732.319 -200.941 -28.602 195 196 199
1705.969 -185.902 -14.500 236 225 214
1735.738 -192.426 -19.895 250 228 223
1718.774 -197.171 -19.231 146 172 194
1714.267 -213.846 -18.777 105 55 69
1734.582 -199.004 -27.371 244 240 236
1783.478 -188.855 120.381 172 143 144
1783.427 -188.930 120.454 172 143 144
1795.340 -207.480 117.311 35 44 59
1704.811 -227.378 134.775 98 101 103
1759.645 -184.255 127.298 67 76 82
1761.793 -193.688 122.714 46 53 68
1710.092 -166.386 2.502 250 245 236
1789.589 -216.074 120.243 45 55 69
1757.189 -179.695 129.477 147 140 140
1763.289 -184.893 125.768 197 176 163
1771.556 -196.474 122.738 42 49 63
1690.746 -219.555 137.156 240 233 223
1789.397 -212.264 122.544 122 137 164
1747.320 -205.305 -8.134 147 160 179
1781.508 -194.016 118.372 101 96 103
1707.427 -179.103 5.223 147 103 108
1725.321 -188.639 -19.036 247 244 238
1682.787 -201.187 141.287 43 49 57
1698.363 -216.031 138.436 246 243 232
1698.363 -216.031 138.436 246 243 232
1782.179 -211.746 124.747 105 119 147
1722.832 -170.711 2.170 119 117 133
1714.797 -176.967 -21.061 161 166 173
1719.258 -187.341 137.326 245 235 223
1755.809 -186.777 124.949 37 44 59
1780.324 -185.464 121.410 184 180 180
1719.281 -200.890 133.908 240 211 184
1802.650 -201.416 121.280 37 47 62
1791.332 -214.190 120.170 70 83 104
1791.043 -229.737 117.263 75 88 113
1790.909 -229.678 117.076 75 88 113
1691.444 -211.975 4.624 169 112 115
1743.067 -173.735 134.394 245 235 223
1754.624 -179.519 130.287 66 65 66
1722.927 -187.564 134.208 48 55 65
1758.785 -196.720 122.941 35 44 56
1785.744 -194.678 117.724 107 105 114
1766.681 -196.033 122.058 50 56 65
1785.396 -203.328 123.451 165 178 185
1800.380 -200.919 120.349 57 64 79
1798.457 -200.498 119.279 114 119 121
1794.095 -200.755 118.858 111 124 138
1793.353 -202.641 116.606 45 59 73
1778.589 -205.750 120.114 36 48 64
1712.439 -225.259 131.421 241 234 224
1708.123 -181.124 4.997 253 243 232
1687.433 -242.410 138.225 37 49 57
1791.253 -226.816 118.793 44 56 72
1787.176 -232.626 120.891 95 108 135
1793.252 -233.239 115.894 53 65 80
1701.359 -186.438 -13.010 105 45 60
1711.744 -190.955 -15.383 73 52 59
1727.288 -190.375 -18.299 64 86 108
1734.897 -192.583 -19.854 115 63 67
1747.508 -201.417 -4.197 125 134 147
1714.657 -197.058 -19.093 246 225 214
1702.813 -199.224 -15.496 153 140 148
1750.300 -202.456 -4.424 147 150 164
1721.459 -199.146 -17.878 179 186 193
1702.696 -205.502 -15.618 241 200 187
1694.393 -217.659 -0.989 132 117 127
1734.564 -200.858 -27.565 159 163 173
1739.757 -172.226 135.552 58 60 65
1688.902 -180.484 141.627 124 130 109
1688.940 -180.457 141.417 124 130 109
1689.178 -183.249 141.133 43 52 56
1753.294 -174.263 130.668 57 56 57
1746.476 -176.113 133.236 139 128 118
1746.490 -176.084 133.236 139 128 118
1718.397 -179.456 136.613 74 76 81
1690.084 -184.459 141.765 95 97 101
1748.412 -181.205 132.118 51 57 66
1680.306 -195.649 141.506 59 65 58
1680.246 -195.684 141.603 59 65 58
1753.717 -183.469 125.751 129 138 143
1679.242 -198.137 141.141 71 78 68
1679.242 -198.137 141.141 71 78 68
1679.920 -199.662 140.388 60 69 73
1678.042 -200.555 140.566 72 79 73
1676.327 -200.483 141.992 134 139 120
1763.256 -186.679 123.969 159 133 125
1717.166 -195.285 137.302 246 239 224
1759.736 -190.422 124.107 58 57 58
1756.128 -191.157 124.472 62 68 78
1763.131 -192.138 122.657 118 100 100
1760.386 -192.388 123.338 67 69 74
1768.345 -195.860 121.936 110 98 105
1760.720 -197.413 122.706 83 95 111
1760.724 -197.424 122.803 83 95 111
1712.867 -165.450 2.275 131 80 83
1777.523 -204.859 121.086 51 59 78
1717.498 -217.023 132.669 123 112 117
1698.375 -219.707 138.031 238 235 223
1806.922 -206.696 122.074 36 48 64
1724.259 -169.954 3.231 56 52 65
1702.808 -224.367 134.653 99 101 99
1789.454 -214.684 121.175 36 48 64
1690.711 -237.796 137.156 81 89 92
1786.548 -227.904 122.641 29 41 57
1786.534 -227.836 122.495 29 41 57
1793.487 -238.406 118.113 35 44 61
1703.841 -185.424 -13.763 130 77 91
1700.222 -215.777 48.291 241 208 200
1699.671 -188.418 -13.536 124 61 74
1702.134 -188.503 -13.868 179 118 115
1723.422 -191.172 -12.151 177 159 157
1719.562 -188.292 -16.728 226 219 217
1702.980 -195.982 -15.424 84 72 85
1713.301 -195.922 -18.453 245 242 231
1746.677 -201.233 -4.003 124 133 152
1736.104 -194.273 -20.389 251 235 232
1736.333 -196.645 -20.761 244 228 222
1727.997 -198.839 -22.795 246 239 239
1710.417 -203.673 -14.403 220 211 200
1694.124 -216.608 -0.722 150 109 116
1713.737 -212.945 -13.698 162 162 169
1701.120 -208.205 -25.670 231 231 223
1707.782 -214.470 -17.683 93 91 100
1723.320 -212.929 -20.397 243 229 222
1723.320 -212.929 -20.397 243 229 222
1689.797 -180.643 141.433 67 69 66
1748.379 -172.039 131.859 63 66 76
1745.059 -172.805 132.879 170 147 137
1738.447 -174.392 135.876 245 235 223
1732.365 -177.199 136.767 123 106 104
1732.365 -177.199 136.767 123 106 104
1720.663 -179.924 132.831 54 67 75
1712.198 -185.394 139.351 164 152 149
1710.329 -185.848 139.708 246 239 232
1754.603 -180.583 131.073 113 111 108
1751.853 -181.681 131.972 86 85 86
1701.198 -190.365 140.404 243 236 224
1755.212 -185.349 125.249 43 52 65
1712.511 -194.072 138.379 245 238 223
1680.133 -198.267 141.117 116 119 104
1678.293 -198.876 141.117 69 74 68
1677.822 -199.615 140.850 115 122 114
1677.833 -199.629 140.898 115 122 114
1696.828 -199.503 140.663 236 226 208
1778.911 -184.995 121.742 208 195 192
1760.948 -190.528 123.508 112 103 104
1757.387 -190.201 124.293 70 76 80
1703.610 -203.090 140.096 191 233 244
1679.132 -205.872 140.996 48 55 66
1764.348 -191.793 122.617 114 97 101
1762.718 -190.695 123.151 118 102 99
1761.628 -191.052 123.443 110 99 98
1766.833 -192.784 122.690 166 132 125
1767.998 -193.533 122.123 168 132 125
1764.388 -193.238 122.730 120 105 111
1760.571 -196.034 122.690 40 48 62
1757.018 -195.472 123.443 34 40 56
1758.188 -195.612 123.127 85 95 108
1758.188 -195.612 123.127 85 95 108
1756.539 -196.269 123.265 86 97 107
1756.539 -196.269 123.265 86 97 107
1755.826 -197.193 123.305 85 97 106
1760.376 -198.386 122.584 36 48 64
1761.087 -198.880 122.536 82 94 110
1698.363 -213.122 139.035 184 175 172
1698.363 -213.122 139.035 184 175 172
1760.300 -200.347 122.471 80 93 114
1759.409 -200.358 122.519 43 52 72
1718.483 -212.460 135.220 245 238 231
1718.494 -212.456 135.204 245 238 231
1716.881 -211.738 135.552 243 236 227
1714.024 -212.221 135.998 165 155 152
1804.067 -200.025 121.944 114 117 109
1795.605 -197.942 120.689 60 66 72
1794.480 -199.534 120.405 91 100 98
1787.058 -200.610 122.009 126 128 128
1787.058 -200.610 122.009 126 128 128
1774.316 -202.961 122.090 61 68 83
1713.582 -164.323 2.129 248 241 232
1708.054 -169.389 13.793 246 245 239
1795.601 -200.938 116.866 135 135 132
1691.546 -220.887 138.817 245 238 223
1714.544 -169.371 4.535 120 117 123
1712.521 -218.743 132.086 156 158 133
1714.867 -219.965 130.798 67 73 67
1702.165 -222.547 135.714 186 179 172
1775.755 -213.310 124.877 38 53 81
1705.096 -172.727 5.896 230 208 202
1706.962 -224.895 133.900 116 114 101
1700.974 -224.703 131.600 247 247 232
1786.348 -213.097 123.880 79 96 121
1722.542 -172.417 1.991 61 53 43
1721.119 -173.264 3.733 27 29 41
1785.376 -217.869 122.884 134 148 171
1782.919 -219.027 123.921 35 48 64
1715.995 -174.397 0.606 231 216 204
1703.727 -231.843 135.188 183 175 171
1705.847 -233.594 134.702 233 223 219
1690.489 -241.004 137.853 94 108 113
1686.563 -241.438 138.485 88 105 115
1792.989 -225.027 117.287 85 97 121
1786.044 -226.386 122.673 105 120 149
1706.583 -184.384 -13.350 236 200 186
1702.599 -185.048 -13.399 236 232 229
1706.561 -188.178 -15.456 120 103 114
1704.353 -189.314 -14.225 97 89 98
1704.353 -189.314 -14.217 97 89 98
1698.504 -189.387 -13.528 236 220 208
1716.880 -192.045 -14.427 154 142 150
1720.283 -194.278 -19.806 228 207 200
1709.945 -195.652 -17.999 247 222 210
1716.558 -196.672 -16.865 216 204 195
1722.490 -198.524 -18.145 237 240 240
1703.509 -203.337 -14.290 245 240 236
1735.854 -197.283 -20.867 147 96 100
1722.659 -199.956 -18.113 246 243 239
1697.985 -204.531 -14.913 146 79 83
1732.556 -199.016 -23.977 246 201 184
1729.928 -200.417 -23.297 113 92 101
1729.857 -200.279 -23.507 113 92 101
1752.760 -208.640 -9.430 190 195 205
1694.877 -217.068 -0.422 245 241 230
1714.437 -213.443 -14.038 59 49 58
1745.271 -170.337 132.572 162 148 139
1740.390 -171.382 134.070 170 158 149
1739.205 -173.089 135.917 169 161 155
1737.624 -173.333 136.314 191 179 170
1736.694 -173.531 136.476 192 180 171
1728.410 -173.159 136.322 145 146 150
1727.394 -173.806 135.261 202 194 190
1724.212 -174.961 136.006 148 145 141
1690.635 -180.395 141.401 97 102 105
1688.146 -181.424 140.996 70 76 70
1740.441 -173.639 135.642 141 135 132
1735.919 -173.976 136.111 150 139 136
1731.502 -175.094 137.221 187 189 188
1732.603 -176.365 136.322 241 238 228
1720.453 -176.772 138.598 137 132 131
1687.817 -182.164 141.490 68 74 69
1688.944 -182.719 140.817 45 54 58
1745.601 -174.793 133.276 123 112 106
1727.153 -179.666 137.545 198 189 184
1752.202 -176.277 131.235 51 57 66
1714.114 -184.935 139.003 153 141 134
1760.637 -178.402 128.708 192 173 164
1747.295 -180.388 132.734 97 99 102
1755.659 -183.190 126.966 49 57 61
1680.577 -194.821 141.935 117 119 117
1680.111 -197.122 141.482 81 85 84
1678.439 -197.850 141.344 118 121 115
1679.089 -199.079 140.485 146 151 148
1677.285 -198.489 141.870 87 89 72
1780.950 -185.832 121.199 215 206 202
1781.586 -185.955 121.094 219 206 201
1779.711 -185.387 121.831 199 193 193
1779.748 -185.385 121.831 199 193 193
1760.864 -189.462 123.589 120 104 100
1759.024 -189.831 124.277 70 72 77
1758.952 -190.570 123.856 72 79 84
1715.490 -202.137 136.581 191 177 171
1791.523 -190.362 116.274 156 128 122
1771.603 -194.837 121.920 42 44 56
1765.504 -194.037 122.552 112 99 103
1759.672 -196.104 122.819 86 97 113
1759.672 -196.104 122.819 86 97 113
1757.632 -195.985 122.989 85 96 106
1755.354 -196.700 123.491 34 40 56
1715.467 -204.459 136.500 210 202 190
1769.157 -196.248 121.628 47 52 60
1709.592 -165.836 14.295 233 237 230
1772.462 -199.041 123.702 63 72 84
1718.674 -210.817 135.366 244 237 222
1712.117 -213.039 136.622 246 238 225
1708.380 -169.854 13.745 214 191 181
1698.134 -218.775 138.201 130 121 123
1688.550 -220.546 132.928 95 101 95
1806.078 -205.008 121.369 65 76 92
1715.702 -219.087 131.340 72 81 85
1717.591 -220.877 132.053 128 138 142
1702.237 -221.887 136.670 245 236 223
1800.982 -207.155 117.506 85 100 125
1776.623 -213.652 125.160 89 103 126
1776.290 -215.038 124.796 93 107 135
1715.866 -215.711 109.171 179 170 158
1697.969 -230.237 136.079 180 168 158
1783.270 -217.960 123.945 109 127 155
1783.988 -218.199 123.775 71 88 120
1691.705 -235.862 138.217 89 110 104
1789.316 -219.038 118.648 72 83 106
1690.884 -238.822 137.423 43 51 56
1683.323 -238.958 139.125 57 76 70
1684.339 -239.383 138.890 43 62 61
1790.164 -220.160 118.405 150 160 177
1791.479 -221.029 117.911 79 94 115
1792.568 -225.655 117.287 87 99 123
1787.924 -228.198 122.090 101 115 144
1793.437 -226.290 117.020 65 79 101
1785.991 -229.572 121.993 35 44 64
1786.647 -231.007 122.106 92 106 128
1785.835 -230.779 122.058 41 51 71
1785.821 -230.711 122.098 41 51 71
1711.652 -174.653 -21.976 183 181 184
1707.505 -184.245 -0.852 214 168 155
1790.566 -230.846 117.149 143 158 171
1720.797 -178.787 -16.136 215 190 198
1726.732 -182.263 -17.400 168 129 134
1699.781 -187.296 -13.115 242 220 208
1719.673 -193.519 -12.726 136 129 140
1715.917 -192.396 -15.691 132 94 104
1719.787 -193.721 -13.455 89 85 90
1712.552 -195.394 -16.347 241 231 219
1705.510 -199.281 -13.131 207 195 194
1748.234 -200.366 -4.205 122 120 130
1748.539 -200.696 -4.391 75 73 82
1748.539 -200.696 -4.383 75 73 82
1746.201 -203.078 -3.193 107 116 134
1731.901 -193.794 -21.944 224 211 201
1703.838 -198.536 -15.772 217 204 210
1699.192 -200.866 -14.160 197 146 140
1723.416 -197.757 -18.234 238 241 243
1721.130 -198.291 -17.011 119 145 174
1749.920 -202.872 -8.247 183 190 204
1725.542 -198.757 -21.895 221 212 200
1701.855 -204.960 -15.707 114 65 73
1738.916 -202.734 -21.863 103 101 110
1734.999 -198.427 -27.792 175 181 187
1696.209 -210.053 -15.723 246 243 232
1704.415 -206.658 -23.912 116 114 122
1694.159 -223.442 3.587 150 138 142
1722.163 -209.293 -18.907 137 139 144
1716.013 -212.673 -13.569 90 68 88
1715.788 -213.078 -13.860 112 94 121
1698.539 -210.736 -24.787 239 236 228
1716.691 -217.461 -19.522 162 121 128
1748.917 -171.587 131.413 177 151 145
1743.047 -175.074 134.807 150 140 133
1732.754 -175.111 137.108 174 171 166
1710.819 -180.506 141.141 239 230 223
1690.706 -182.307 141.822 78 84 92
1744.366 -176.114 133.827 130 120 115
1749.527 -180.672 132.231 137 123 121
1702.022 -191.043 141.190 132 133 137
1680.744 -196.536 141.530 96 98 97
1763.488 -182.313 124.164 220 210 198
1765.746 -185.686 123.127 163 140 135
1758.819 -195.112 122.981 37 47 59
1759.575 -195.405 122.722 37 46 58
1758.955 -195.723 122.803 69 80 94
1713.578 -205.595 136.978 244 236 227
1775.035 -195.292 120.916 74 70 75
1792.180 -194.742 117.781 106 106 106
1790.272 -197.572 119.069 35 44 56
1777.309 -198.370 123.078 128 107 110
1778.109 -198.744 123.176 142 121 115
1707.406 -167.141 13.372 182 203 205
1785.013 -200.603 121.531 128 117 130
1781.450 -202.989 123.969 44 53 69
1779.466 -203.862 121.491 56 66 80
1799.749 -202.315 116.104 58 69 84
1714.128 -169.629 3.879 230 224 220
1705.776 -172.276 6.341 220 200 192
1704.660 -224.349 132.499 185 178 165
1797.881 -211.590 117.473 127 129 138
1797.881 -211.590 117.473 127 129 138
1794.828 -211.597 117.214 43 51 65
1786.865 -213.549 123.467 110 125 153
1698.638 -230.189 136.160 235 223 208
1683.070 -233.631 141.757 111 129 104
1684.463 -234.305 139.497 52 67 63
1684.463 -234.305 139.497 52 67 63
1795.345 -215.533 117.684 122 135 155
1781.912 -219.377 123.824 113 128 152
1720.448 -175.448 3.887 85 84 94
1714.883 -173.928 0.833 237 222 210
1703.631 -232.775 134.281 54 52 59
1687.054 -234.102 138.323 82 102 90
1685.235 -234.861 138.890 101 122 106
1685.726 -235.053 138.663 65 85 75
1801.917 -215.649 114.841 184 181 181
1801.112 -216.620 114.954 148 147 155
1710.746 -221.872 108.717 228 205 189
1692.085 -237.379 138.817 67 76 80
1688.677 -238.602 137.237 53 73 72
1686.140 -237.667 138.679 103 123 114
1784.501 -223.739 121.264 74 88 109
1781.781 -223.814 123.491 90 102 127
1688.784 -240.254 137.853 47 59 68
1687.107 -241.591 138.080 43 60 70
1793.198 -223.124 117.724 74 87 111
1790.710 -228.472 116.671 79 93 117
1792.283 -232.506 115.610 90 104 122
1703.000 -186.158 -12.994 141 92 101
1707.972 -186.164 -14.492 245 238 231
1731.525 -186.135 -18.680 154 104 111
1709.630 -190.307 -15.658 179 170 174
1704.679 -190.931 -14.468 242 232 220
1731.593 -189.091 -19.069 141 97 106
1704.637 -198.653 -13.026 205 193 187
1749.335 -201.157 -4.359 116 119 127
1731.717 -193.730 -19.984 235 225 217
1709.489 -200.121 -13.868 214 201 191
1705.929 -200.709 -13.277 172 148 144
1750.957 -202.234 -4.140 115 117 122
1727.068 -197.858 -21.985 221 215 210
1706.668 -205.223 -14.176 242 232 221
1735.581 -198.235 -26.610 232 235 231
1725.489 -201.464 -22.211 244 231 223
1713.164 -204.932 -16.128 115 71 104
1703.264 -205.480 -16.436 224 188 175
1747.595 -207.875 -8.255 166 173 187
1734.925 -198.155 -26.966 238 231 231
1727.415 -201.719 -22.608 244 236 229
1720.481 -205.006 -17.975 91 93 106
1704.225 -205.394 -22.552 197 200 202
1696.998 -205.475 -21.685 217 210 205
1720.296 -210.519 -18.502 76 67 79
1730.870 -206.227 -27.088 222 219 215
1720.755 -211.362 -18.761 146 144 148
1715.912 -216.902 -19.198 144 104 117
1727.113 -213.909 -20.996 107 56 69
1708.757 -191.948 139.554 170 193 199
1715.731 -213.425 -18.996 94 88 84
1721.040 -203.890 -18.137 218 219 226
1718.419 -206.411 -19.773 242 230 219
1782.652 -197.761 120.381 182 173 176
1693.585 -216.466 140.315 246 239 224
1782.233 -188.983 118.316 172 143 144
1782.233 -188.983 118.316 172 143 144
1804.329 -204.974 119.482 58 68 80
1707.673 -219.316 135.617 246 243 232
1713.321 -220.749 131.729 85 97 76
1713.282 -220.838 131.915 85 97 76
1704.522 -191.145 -14.395 235 226 219
1736.065 -167.993 137.375 245 235 223
1729.265 -180.438 137.415 245 241 228
1713.581 -200.888 137.529 248 236 224
1724.443 -191.866 132.636 88 93 98
1724.376 -191.818 131.915 88 93 98
1721.146 -195.009 135.739 246 239 224
1713.363 -215.536 134.750 246 242 231
1721.673 -206.451 132.345 139 134 109
1713.669 -167.234 1.546 154 146 164
1722.318 -193.730 -14.273 244 241 237
1722.064 -212.663 134.937 247 233 213
1702.752 -195.419 -15.464 158 146 156
1794.966 -200.194 116.688 104 107 103
1696.435 -208.372 139.748 241 234 227
1696.349 -208.386 139.667 241 234 227
1694.495 -219.859 138.549 241 231 219
1716.473 -200.128 137.180 246 236 225
1790.862 -198.916 118.988 54 62 74
1712.374 -183.167 -21.814 194 190 191
1705.653 -202.385 -13.901 246 240 232
1794.657 -216.681 117.684 134 149 170
1727.442 -190.905 -18.485 98 116 144
1734.000 -172.811 135.010 64 63 65
1695.408 -227.705 138.161 188 181 177
1719.269 -205.238 135.123 244 236 223
1716.384 -210.107 135.917 246 239 224
1717.225 -212.858 135.253 169 158 155
1717.233 -212.879 135.326 169 158 155
1720.447 -216.394 134.589 155 134 127
1797.374 -221.889 114.565 156 170 199
1802.767 -217.543 114.039 212 214 219
1714.946 -178.505 139.295 245 237 224
1712.269 -187.146 139.230 246 239 232
1725.550 -175.619 135.933 44 55 70
1725.452 -175.699 135.844 44 55 70
1726.076 -179.834 137.488 228 217 208
1686.076 -232.576 139.951 42 54 57
1705.754 -214.844 137.415 246 243 232
1718.200 -215.189 134.451 246 239 232
1711.108 -219.427 132.847 116 118 102
1711.084 -219.460 132.806 116 118 102
1709.591 -221.420 133.139 246 243 239
1724.428 -200.602 108.612 241 230 216
1707.946 -235.690 134.313 239 232 223
1700.900 -190.995 -13.974 176 119 118
1699.313 -203.242 -14.654 232 199 189
1705.848 -204.795 -13.917 185 155 146
1729.733 -187.890 -18.307 134 89 105
1718.478 -203.751 -20.478 247 247 247
1717.291 -210.857 -14.014 245 235 232
1730.569 -166.735 137.780 245 235 223
1718.547 -178.583 134.977 64 71 75
1732.212 -171.988 135.682 193 177 165
1681.107 -239.115 141.773 93 110 92
1686.558 -234.679 138.938 111 132 112
1688.299 -237.440 138.071 93 110 106
1688.284 -237.354 137.788 93 110 106
1721.740 -199.032 135.099 238 232 219
1715.921 -207.383 136.338 205 197 189
1714.995 -217.486 132.401 246 239 232
1705.134 -236.051 133.017 34 40 48
1720.758 -212.170 107.235 188 172 155
1718.931 -212.908 107.948 245 239 224
1715.770 -166.955 5.499 135 117 134
1696.946 -208.759 4.665 182 118 114
1709.774 -184.147 -16.379 247 247 240
1692.167 -222.360 -0.058 148 104 110
1692.164 -222.306 -0.196 148 104 110
1808.697 -198.389 122.058 223 217 209
1808.626 -198.349 121.839 223 217 209
1801.090 -209.162 117.659 91 100 114
1721.722 -193.119 -12.840 249 243 235
1717.165 -195.745 -16.339 193 177 170
1800.207 -215.029 115.124 202 200 197
1727.904 -201.777 -23.135 224 184 171
1720.269 -170.173 137.010 246 239 232
1732.519 -164.189 138.177 245 233 226
1695.436 -208.982 140.056 140 135 131
1721.147 -180.929 132.823 101 107 106
1701.206 -206.657 139.789 117 149 171
1700.578 -207.769 139.125 125 147 157
1736.990 -169.859 136.800 178 165 157
1735.433 -171.125 135.155 211 199 189
1687.469 -235.679 138.412 38 55 49
1690.445 -234.432 138.169 111 124 123
1690.517 -234.589 138.452 111 124 123
1686.210 -240.199 138.444 46 59 67
1715.610 -205.551 136.419 246 243 232
1724.527 -198.766 135.277 254 247 233
1720.218 -205.120 135.115 246 236 224
1702.407 -226.423 131.510 159 153 146
1709.099 -224.357 134.354 79 77 82
1719.329 -218.068 132.871 229 220 215
1712.823 -220.713 130.555 87 99 78
1711.622 -225.303 133.284 99 99 95
1708.718 -231.645 133.989 146 134 140
1723.066 -210.511 108.182 114 109 107
1708.091 -175.781 5.807 246 235 225
1710.718 -177.686 5.329 147 92 92
1710.728 -177.682 5.337 147 92 92
1709.769 -180.633 5.215 246 239 232
1709.025 -181.029 5.240 133 90 98
1708.174 -182.503 4.697 136 79 78
1721.131 -167.799 0.671 247 245 238
1700.299 -186.410 -13.382 244 231 223
1700.434 -187.480 -13.123 130 69 76
1698.695 -190.670 -13.504 139 79 90
1782.285 -200.417 122.495 136 121 122
1782.285 -200.417 122.495 136 121 122
1784.895 -201.943 123.111 52 58 67
1786.347 -210.392 123.953 44 56 72
1709.350 -188.365 -15.456 253 243 232
1699.452 -206.514 -23.426 203 202 203
1800.495 -216.691 114.962 138 144 156
1797.197 -218.424 116.760 149 157 171
1701.303 -209.227 -25.962 115 117 131
1797.148 -222.915 113.990 160 177 203
1733.221 -186.987 -19.004 244 231 223
1733.885 -186.689 -19.279 50 54 74
1719.738 -211.335 -19.781 29 32 43
1726.915 -214.672 -20.923 251 232 223
1722.162 -164.348 139.935 125 107 95
1721.555 -169.336 139.303 144 126 124
1716.516 -170.639 133.155 141 140 136
1734.240 -166.117 137.707 129 118 108
1733.177 -166.991 137.658 237 227 215
1730.532 -168.810 137.796 218 203 185
1719.911 -179.323 133.130 109 122 136
1732.226 -170.123 137.334 238 231 223
1732.226 -170.123 137.334 238 231 223
1729.389 -177.133 138.339 149 145 144
1681.877 -238.322 140.574 72 87 78
1683.688 -237.241 139.538 46 64 57
1683.698 -237.218 139.457 46 64 57
1682.328 -239.339 139.619 105 129 122
1723.492 -192.728 135.058 96 104 101
1697.101 -227.687 136.986 186 176 169
1716.486 -208.104 136.038 253 243 232
1711.247 -211.526 136.832 247 240 226
1711.207 -211.517 136.695 247 240 226
1711.142 -212.002 136.865 246 239 224
1713.313 -211.427 136.200 246 243 232
1747.626 -171.261 131.883 205 172 157
1746.076 -171.138 132.240 214 181 163
1745.070 -172.800 132.855 167 145 135
1719.388 -207.162 134.734 253 243 232
1716.872 -211.778 135.617 244 237 227
1718.000 -211.474 135.496 144 126 124
1717.990 -211.478 135.463 144 126 124
1699.997 -227.097 130.725 139 136 130
1702.044 -231.023 134.734 216 204 197
1716.673 -214.376 134.961 151 139 138
1716.721 -214.487 135.164 151 139 138
1709.283 -226.753 134.742 228 218 206
1720.316 -215.254 134.459 155 138 136
1721.387 -215.021 134.426 245 235 216
1718.195 -216.553 134.046 242 234 221
1713.590 -219.787 130.846 117 131 115
1754.874 -174.577 130.231 77 80 74
1721.403 -218.131 133.058 154 133 126
1754.098 -177.715 130.498 57 58 62
1723.478 -204.230 108.272 227 217 201
1721.176 -207.249 107.940 150 138 136
1708.008 -168.438 13.623 144 127 127
1707.287 -168.525 13.769 237 236 227
1771.691 -183.944 120.008 95 88 90
1710.404 -178.451 5.345 248 245 234
1708.513 -181.741 5.061 253 243 232
1708.513 -181.741 5.061 253 243 232
1711.099 -180.614 4.826 250 241 228
1710.589 -181.282 4.843 155 101 81
1710.055 -182.002 4.997 250 237 229
1709.257 -182.241 4.891 126 87 70
1709.299 -182.286 4.997 126 87 70
1776.198 -190.969 119.182 166 132 125
1697.494 -194.364 -13.933 125 62 74
1725.283 -175.083 3.077 142 103 108
1706.116 -191.109 -15.375 238 228 223
1698.033 -204.543 -14.808 148 80 85
1796.117 -194.562 119.061 44 52 66
1793.749 -199.005 120.673 58 60 65
1788.754 -212.253 122.916 132 148 175
1787.090 -212.665 123.613 80 97 122
1704.908 -198.622 -14.460 199 185 182
1696.328 -208.891 -15.367 254 247 233
1791.149 -205.401 117.668 70 87 97
1701.709 -204.274 -15.569 243 221 211
1796.609 -212.177 117.902 54 62 75
1796.628 -212.212 117.943 54 62 75
1726.044 -180.822 -16.930 108 63 81
1807.562 -202.034 119.441 59 68 81
1799.386 -215.737 117.076 145 152 166
1720.927 -193.350 -13.293 248 244 239
1710.444 -205.326 -14.419 247 247 240
1800.652 -215.343 114.557 213 207 199
1728.878 -182.083 -17.521 245 228 223
1730.002 -183.124 -17.837 252 236 224
1730.380 -188.808 -18.996 250 233 230
1718.104 -206.342 -13.382 76 55 72
1713.857 -212.298 -13.650 62 61 70
1731.345 -191.419 -19.231 98 55 74
1731.767 -192.263 -19.279 108 60 75
1732.587 -195.997 -19.287 244 239 235
1735.987 -197.502 -20.381 147 96 100
1727.118 -213.937 -20.940 109 59 71
1729.240 -212.417 -20.915 107 54 65
1721.361 -164.177 140.404 207 184 166
1728.652 -163.992 138.841 246 239 232
1711.642 -184.632 139.424 243 236 230
1725.402 -173.602 138.363 157 146 136
1717.217 -183.142 138.679 159 146 143
1732.764 -165.788 137.707 188 178 169
1730.657 -167.953 137.610 117 103 96
1730.653 -167.960 137.618 117 103 96
1731.282 -168.639 137.472 241 225 213
1731.894 -169.275 137.375 169 148 136
1682.889 -234.854 140.890 95 114 98
1735.783 -169.402 137.067 229 217 204
1732.502 -171.017 137.626 182 168 156
1729.009 -173.346 135.779 207 202 195
1728.505 -177.963 138.728 224 212 204
1687.286 -232.964 138.873 40 57 58
1684.441 -235.988 139.473 65 84 76
1682.830 -236.300 140.809 55 76 67
1682.775 -237.100 139.862 104 124 115
1721.259 -190.235 137.156 190 179 168
1715.855 -197.334 137.990 242 234 217
1688.901 -233.878 138.647 102 122 113
1684.728 -237.136 139.092 113 137 117
1684.733 -237.165 139.222 113 137 117
1684.000 -238.691 139.262 96 116 108
1683.264 -238.851 139.189 58 77 71
1685.110 -239.762 138.784 104 124 115
1708.447 -214.331 136.516 244 237 222
1701.558 -222.277 136.970 210 202 190
1695.178 -229.437 136.946 201 193 185
1689.199 -235.438 138.015 113 125 119
1690.122 -235.495 137.901 62 75 75
1690.118 -235.466 137.820 62 75 75
1691.366 -236.625 137.829 49 61 70
1687.875 -238.989 138.063 45 65 63
1687.864 -238.914 137.788 45 65 63
1689.652 -237.387 137.472 49 63 68
1686.609 -241.334 138.371 92 109 119
1744.825 -169.287 134.354 160 150 144
1727.164 -192.944 132.750 79 81 85
1717.258 -204.360 136.055 151 140 136
1717.372 -204.562 136.330 151 140 136
1714.468 -208.296 136.492 198 190 185
1714.475 -208.300 136.533 198 190 185
1715.632 -207.990 136.289 178 168 161
1713.947 -212.134 136.038 166 156 153
1713.235 -212.917 136.111 246 243 232
1744.735 -171.880 132.993 74 74 85
1726.450 -196.997 133.827 153 155 139
1727.265 -198.930 134.969 158 137 125
1725.459 -199.562 135.301 183 162 149
1725.536 -199.667 135.439 183 162 149
1722.409 -205.297 134.362 140 138 125
1716.189 -212.396 135.682 149 132 135
1716.181 -212.393 135.658 149 132 135
1716.059 -214.041 135.390 246 243 232
1707.132 -222.861 135.074 116 108 89
1695.759 -233.748 130.263 80 86 92
1695.336 -235.635 131.349 131 131 131
1718.898 -213.461 134.912 151 136 134
1718.898 -213.461 134.912 151 136 134
1706.723 -230.411 134.548 151 142 142
1698.742 -235.670 130.538 127 126 126
1748.373 -176.851 132.750 105 96 96
1719.196 -216.298 134.086 135 122 121
1716.981 -219.000 132.782 94 101 105
1716.831 -218.960 132.555 94 101 105
1718.161 -218.860 132.734 226 216 212
1718.129 -219.768 132.596 95 93 87
1714.853 -219.897 130.725 67 73 67
1714.459 -222.018 130.255 127 124 112
1708.981 -228.844 134.556 235 225 213
1708.879 -230.129 134.605 214 200 188
1705.861 -233.662 134.888 233 223 219
1700.629 -238.683 133.106 103 106 108
1752.946 -177.433 131.178 82 82 88
1722.410 -201.033 109.260 217 207 196
1724.630 -202.917 108.774 233 222 210
1724.457 -205.296 108.887 161 136 126
1722.180 -206.667 108.174 231 219 204
1721.217 -211.080 107.081 177 159 142
1708.587 -244.726 130.757 148 142 145
1709.927 -167.652 13.696 240 243 239
1709.223 -167.640 13.607 106 97 106
1709.256 -167.646 13.696 106 97 106
1709.015 -250.237 130.328 67 67 69
1763.560 -183.188 123.840 229 219 207
1711.870 -252.705 129.753 158 152 151
1767.973 -179.469 122.228 159 127 117
1721.223 -164.506 11.963 247 246 245
1707.148 -177.737 5.523 107 52 51
1708.007 -178.856 5.620 148 105 108
1707.160 -179.126 5.523 99 48 50
1716.977 -167.670 4.689 246 243 239
1711.167 -175.900 5.734 236 223 215
1710.898 -181.703 4.195 244 223 206
1708.884 -182.899 4.632 240 219 203
1721.631 -168.350 0.371 113 95 115
1722.513 -172.422 1.967 60 52 41
1706.506 -180.395 -13.868 242 216 207
1705.142 -181.446 -13.471 241 222 210
1695.916 -208.025 3.636 247 219 210
1691.681 -210.963 4.478 237 199 190
1691.190 -211.250 3.919 138 78 87
1701.603 -187.345 -13.650 248 221 213
1702.515 -188.025 -13.885 249 223 215
1783.055 -193.987 118.437 108 110 116
1725.730 -175.114 2.194 224 198 194
1724.507 -175.890 3.279 245 235 223
1703.452 -190.899 -14.055 108 94 102
1783.305 -203.363 123.402 98 109 126
1717.176 -175.508 -15.764 242 242 242
1706.084 -190.404 -15.262 186 171 168
1703.161 -192.667 -16.460 169 120 121
1703.161 -192.667 -16.460 169 120 121
1709.892 -185.236 -16.963 241 238 234
1698.187 -203.840 -14.824 242 222 213
1701.741 -202.408 -15.675 122 90 101
1699.048 -218.933 -1.483 230 223 208
1803.286 -196.601 122.860 98 102 112
1697.112 -206.332 -21.474 216 209 204
1697.103 -209.839 -15.715 248 241 231
1696.993 -223.409 -1.702 254 247 240
1707.240 -201.647 -13.512 158 113 111
1807.724 -199.499 121.102 53 66 73
1806.809 -200.838 119.190 73 84 98
1806.357 -201.852 119.595 164 168 172
1799.394 -204.089 115.853 59 72 87
1799.625 -209.982 117.951 189 186 189
1726.513 -180.365 -16.873 245 242 231
1801.835 -207.827 117.635 127 134 148
1804.098 -209.615 116.841 229 223 217
1719.848 -194.022 -13.860 238 233 228
1719.363 -195.110 -14.986 209 200 194
1716.225 -195.548 -16.533 244 235 223
1809.608 -199.948 113.059 79 92 90
1810.163 -202.465 111.819 81 92 100
1799.294 -217.797 114.808 111 125 147
1797.710 -219.024 115.116 88 100 124
1729.264 -183.886 -17.813 247 230 221
1718.346 -195.482 -19.368 220 184 168
1705.060 -210.030 -23.191 107 112 125
1729.385 -186.263 -18.169 131 80 90
1719.541 -195.030 -19.595 241 215 206
1721.456 -198.436 -17.643 100 133 162
1710.240 -213.472 -18.234 79 78 86
1735.953 -196.343 -20.494 157 116 118
1703.161 -188.366 141.328 254 247 240
1724.640 -163.323 139.935 238 231 223
1726.591 -165.354 139.205 232 221 208
1726.591 -165.354 139.205 232 221 208
1718.212 -171.270 132.709 107 112 106
1724.986 -170.074 137.529 148 140 134
1717.531 -181.323 135.277 232 235 231
1729.210 -169.490 137.189 219 203 183
1730.006 -171.245 138.420 236 223 208
1724.400 -179.079 136.484 196 190 190
1688.270 -221.432 133.212 191 185 181
1688.270 -221.432 133.212 191 185 181
1734.478 -169.964 137.415 244 228 216
1731.022 -173.285 135.269 64 66 70
1729.721 -172.643 135.965 149 139 132
1699.575 -215.418 138.598 245 239 231
1684.515 -232.794 140.339 130 138 115
1684.383 -233.888 140.242 109 132 113
1683.512 -235.247 140.923 74 95 83
1684.251 -235.141 139.667 110 131 115
1685.210 -235.018 139.627 101 122 106
1683.443 -236.378 139.853 99 119 111
1683.443 -236.378 139.853 99 119 111
1731.562 -175.697 137.205 147 146 141
1726.814 -181.661 137.610 149 142 139
1690.200 -232.293 140.825 54 64 70
1688.320 -233.788 139.043 61 80 77
1687.544 -233.699 138.784 84 101 96
1687.480 -234.619 138.590 91 115 103
1689.832 -233.876 138.549 64 78 83
1689.103 -234.597 138.201 42 61 60
1689.105 -234.634 138.323 42 61 60
1686.114 -237.647 138.582 101 121 112
1686.653 -238.108 138.193 48 67 65
1686.657 -238.181 138.444 48 67 65
1685.423 -237.428 138.833 53 68 64
1684.404 -239.377 138.817 43 62 61
1684.359 -240.554 138.971 40 57 66
1684.759 -241.149 138.906 91 106 112
1684.755 -241.138 138.890 91 106 112
1741.899 -168.073 135.480 171 146 136
1741.880 -168.055 135.447 171 146 136
1721.964 -194.229 136.403 216 210 202
1716.309 -202.129 136.994 238 226 211
1716.117 -204.633 136.533 210 202 190
1703.826 -220.210 136.759 215 208 201
1703.826 -220.210 136.759 215 208 201
1691.450 -234.862 138.379 56 73 82
1688.881 -236.192 137.764 65 85 82
1689.031 -237.270 137.901 85 99 98
1689.262 -238.303 137.618 83 99 98
1686.958 -239.237 138.290 97 117 109
1742.346 -173.521 134.904 149 137 131
1722.549 -195.642 134.394 211 199 190
1725.582 -195.840 133.665 100 108 113
1714.966 -207.755 136.500 246 243 232
1715.348 -209.007 136.451 245 242 231
1743.542 -174.718 134.767 237 226 214
1726.630 -197.707 134.669 90 87 82
1720.035 -207.441 134.507 119 114 90
1715.615 -212.850 135.771 243 236 229
1707.410 -223.392 134.483 104 101 85
1707.410 -223.392 134.483 104 101 85
1700.090 -233.939 134.799 118 116 118
1747.114 -173.188 132.863 84 86 91
1745.183 -176.131 133.657 166 135 133
1729.075 -198.450 134.613 163 149 142
1728.608 -199.040 134.775 232 218 197
1719.796 -213.178 134.823 245 238 223
1715.472 -215.181 135.220 218 211 198
1715.800 -215.619 135.066 217 206 198
1713.233 -217.562 133.293 127 122 114
1712.580 -219.506 131.235 93 102 91
1711.126 -221.775 133.179 197 198 192
1711.938 -221.427 130.474 118 135 137
1710.333 -225.510 135.512 150 144 143
1710.024 -225.984 134.418 151 138 142
1702.830 -231.807 135.164 95 90 94
1704.564 -231.417 135.155 155 143 135
1719.691 -215.543 134.832 236 226 215
1719.622 -215.539 134.694 236 226 215
1720.339 -216.399 134.135 156 134 127
1718.493 -218.015 133.058 155 143 141
1717.383 -218.018 132.920 197 188 186
1717.244 -217.973 132.661 197 188 186
1713.614 -221.367 130.944 125 131 114
1712.829 -222.471 131.057 129 134 114
1711.503 -223.778 132.126 108 115 118
1709.924 -228.280 134.507 236 220 208
1706.732 -231.567 134.710 192 179 171
1708.679 -233.028 134.354 238 225 210
1706.929 -234.350 134.524 236 227 222
1723.597 -201.074 109.308 235 227 218
1720.465 -202.712 109.049 205 193 199
1719.731 -206.153 108.596 244 237 230
1719.566 -219.069 132.871 170 154 144
1719.143 -219.661 132.572 203 194 188
1704.801 -239.547 131.519 165 158 164
1753.527 -178.738 130.790 106 103 101
1723.230 -205.743 108.401 236 232 220
1721.219 -209.024 107.680 230 217 202
1720.729 -209.648 107.656 214 199 186
1716.490 -213.931 108.895 167 157 151
1716.322 -214.726 108.847 226 211 199
1707.040 -167.883 14.044 176 191 193
1720.053 -212.441 107.534 185 168 152
1717.032 -215.441 108.312 222 210 201
1707.483 -169.499 13.728 208 206 201
1763.298 -177.583 124.520 166 145 136
1761.581 -183.291 128.797 97 89 90
1710.711 -251.506 130.069 72 70 71
1715.577 -189.993 48.072 156 95 80
1715.401 -190.686 47.724 231 195 175
1716.790 -167.134 4.729 170 154 158
1716.751 -167.143 4.681 170 154 158
1710.549 -176.015 5.693 246 243 232
1708.599 -177.426 5.839 186 155 148
1707.116 -178.468 5.410 105 55 57
1703.672 -213.367 48.121 240 207 199
1712.195 -176.500 5.134 250 239 227
1777.645 -184.351 121.750 217 202 196
1711.196 -179.300 4.891 253 243 232
1708.252 -183.442 4.195 235 195 183
1689.396 -215.878 11.833 231 241 238
1722.204 -171.921 2.178 63 55 44
1709.807 -176.288 -13.998 247 242 230
1698.186 -190.301 -13.431 234 212 200
1695.541 -208.647 3.984 240 209 197
1694.902 -209.028 3.903 249 222 214
1724.901 -176.518 2.955 212 201 192
1712.602 -173.853 -20.429 158 163 166
1708.443 -176.860 -20.097 214 211 211
1707.188 -183.962 -14.314 226 190 177
1707.284 -185.857 -14.387 228 220 212
1706.332 -186.462 -14.249 93 85 91
1704.865 -186.589 -14.047 193 144 136
1779.192 -205.611 119.158 36 46 64
1716.361 -174.631 -14.832 234 209 200
1697.870 -200.747 -14.565 175 130 127
1696.940 -202.319 -14.678 250 231 215
1794.778 -192.689 117.821 77 74 79
1793.096 -198.280 120.762 75 81 89
1790.051 -201.136 121.159 83 96 119
1711.847 -177.719 -24.698 202 200 202
1694.151 -222.064 2.891 143 126 135
1787.777 -206.702 119.660 52 64 83
1697.555 -208.046 -15.270 246 242 238
1793.335 -203.617 116.363 66 82 93
1696.962 -205.574 -21.490 217 210 205
1803.719 -200.748 119.725 60 73 81
1717.683 -185.779 -16.890 116 122 131
1801.310 -207.274 118.048 91 106 131
1790.278 -219.386 118.056 77 94 118
1723.721 -191.695 -12.678 198 180 173
1719.948 -194.475 -14.484 211 203 196
1715.382 -196.166 -16.655 245 241 230
1703.429 -206.644 -23.556 196 196 199
1809.184 -201.098 112.856 87 96 110
1809.641 -201.665 112.492 108 119 136
1807.392 -202.038 112.151 133 138 140
1803.515 -214.808 116.534 216 206 202
1729.494 -183.049 -17.521 167 120 120
1726.875 -189.331 -12.880 154 141 150
1723.227 -192.645 -13.147 245 242 231
1728.901 -184.940 -17.813 102 48 54
1718.684 -195.978 -19.587 234 212 207
1718.360 -199.514 -18.769 91 93 103
1729.693 -189.255 -18.753 119 89 107
1718.822 -208.435 -13.374 155 114 113
1732.194 -188.197 -19.052 114 61 74
1726.304 -195.354 -18.607 245 247 244
1725.629 -195.914 -18.510 245 248 250
1719.226 -204.439 -20.502 248 246 243
1725.497 -198.719 -21.944 220 211 199
1719.917 -216.131 -19.927 81 35 48
1721.266 -214.994 -20.008 134 101 122
1729.746 -208.972 -20.875 157 111 127
1727.599 -212.139 -20.875 122 86 96
1724.066 -215.753 -20.672 153 112 112
1724.058 -215.811 -20.518 153 112 112
1731.849 -202.575 -30.927 215 212 215
1731.872 -202.621 -30.878 215 212 215
1750.881 -207.981 -9.122 185 193 207
1707.424 -187.773 140.218 243 233 221
1700.183 -197.166 140.477 237 235 225
1731.147 -169.599 137.853 185 159 146
1730.385 -170.634 138.485 224 214 202
1726.409 -173.829 136.208 159 151 148
1726.702 -174.225 136.030 169 162 159
1697.211 -212.743 139.473 205 198 191
1734.933 -170.256 137.010 191 170 158
1729.016 -175.681 137.091 176 177 175
1725.151 -178.925 136.970 129 123 121
1693.057 -224.184 138.671 187 174 179
1685.058 -233.745 140.696 69 84 77
1683.639 -234.364 141.085 65 85 75
1683.576 -234.167 140.372 65 85 75
1684.812 -235.613 140.437 74 94 83
1682.900 -235.586 141.271 94 114 100
1682.790 -238.162 139.959 95 115 107
1722.870 -186.377 135.390 69 75 77
1722.315 -189.437 133.220 132 138 118
1686.658 -237.242 138.784 51 72 69
1691.667 -234.276 139.400 96 99 99
1691.311 -235.394 139.027 58 76 84
1688.657 -239.444 138.630 86 101 106
1688.597 -239.320 137.926 86 101 106
1724.825 -197.719 135.083 97 95 92
1716.804 -206.712 136.695 243 236 229
1709.535 -215.073 137.237 243 235 220
1703.733 -223.307 136.427 199 189 183
1697.114 -229.670 137.213 198 190 179
1746.959 -170.707 131.851 176 153 142
1744.083 -174.897 134.418 140 126 118
1727.373 -198.091 134.848 211 197 177
1717.876 -208.847 136.500 216 205 194
1717.876 -208.847 136.500 216 205 194
1695.086 -234.761 130.911 63 72 83
1717.411 -213.038 135.172 184 173 170
1723.212 -210.203 134.451 177 159 142
1712.401 -224.072 132.798 131 132 121
1712.088 -224.615 132.725 98 100 90
1710.251 -226.927 135.317 194 181 172
1707.510 -231.293 135.172 205 193 184
1701.040 -237.598 132.912 108 110 108
1724.927 -196.834 108.490 244 237 230
1724.755 -198.672 108.636 93 85 86
1702.097 -243.371 130.457 107 110 115
1756.773 -174.633 129.542 133 126 124
1703.350 -245.613 130.846 101 100 104
1703.213 -246.359 130.020 70 79 84
1758.549 -175.902 129.161 121 115 116
1761.231 -179.437 128.805 199 174 159
1760.832 -183.321 129.218 102 100 101
1707.762 -172.177 6.074 241 222 213
1711.217 -174.495 2.113 203 157 147
1711.119 -178.219 5.191 233 220 211
1777.756 -184.959 121.572 118 103 103
1724.497 -170.495 2.801 83 70 85
1722.688 -172.030 2.315 103 98 88
1700.144 -188.530 -13.625 166 113 118
1786.928 -190.107 117.311 189 158 153
1785.523 -193.861 117.603 105 103 111
1725.024 -174.649 3.166 149 113 115
1724.897 -175.532 3.182 172 143 146
1712.188 -173.110 -20.105 238 231 231
1705.126 -186.422 -14.614 227 211 202
1708.655 -187.257 -14.735 243 231 216
1704.164 -191.251 -14.281 203 189 186
1703.009 -193.548 -16.541 138 92 106
1702.223 -195.610 -15.245 87 74 89
1706.094 -192.235 -15.326 214 201 196
1690.628 -224.601 -0.860 231 224 212
1795.839 -197.178 120.170 68 75 84
1788.387 -208.100 122.746 58 65 78
1710.677 -189.088 -15.140 95 76 84
1702.532 -199.817 -15.448 189 167 178
1701.706 -201.373 -15.683 136 108 122
1790.194 -213.878 121.799 63 76 94
1806.080 -197.517 122.722 121 111 113
1805.289 -199.293 120.632 79 91 77
1705.719 -205.084 -14.225 215 195 186
1805.215 -201.769 118.850 60 71 87
1791.308 -217.052 117.902 61 71 90
1717.921 -192.872 -14.435 148 132 134
1807.720 -201.758 114.881 131 133 131
1807.047 -207.612 123.305 56 66 78
1727.948 -182.937 -17.400 139 94 106
1705.132 -209.469 -23.240 114 102 117
1717.438 -207.340 -12.896 142 140 149
1705.411 -210.515 -23.532 167 168 175
1736.068 -195.250 -20.081 153 113 113
1722.478 -211.455 -19.004 132 129 132
1722.478 -211.455 -19.004 132 129 132
1717.092 -250.455 129.186 180 174 172
1716.782 -193.917 137.602 246 239 224
1721.506 -167.496 139.691 222 206 196
1713.509 -165.922 2.089 250 243 230
1711.412 -216.494 -18.785 70 66 74
1712.336 -186.378 -17.643 237 232 229
1717.105 -212.290 -13.706 229 218 216
1716.371 -213.302 -13.901 96 68 93
1716.943 -213.530 -19.182 251 232 223
1711.140 -181.776 -21.944 206 204 206
1720.478 -202.584 -18.331 238 238 231
1728.003 -201.972 -22.924 216 170 151
1730.591 -198.708 -22.171 109 79 98
1744.126 -215.667 -4.092 132 134 147
1742.108 -218.226 -4.651 75 77 89
1697.635 -235.310 130.287 78 80 84
1702.084 -230.934 134.605 216 204 197
1702.418 -196.946 140.218 245 243 236
1703.708 -229.476 134.467 158 154 158
1704.808 -230.391 134.710 212 196 186
1703.415 -233.380 133.778 59 58 66
1705.383 -232.066 134.929 205 199 190
1706.356 -228.030 134.418 52 58 66
1707.816 -229.230 134.645 142 130 132
1707.676 -230.879 134.775 204 190 178
1707.451 -232.242 134.669 169 151 141
1708.114 -237.325 133.973 153 148 148
1708.437 -238.550 133.876 198 196 191
1707.448 -184.751 140.202 246 243 232
1707.319 -192.948 139.675 185 229 245
1708.959 -206.668 137.982 248 243 232
1708.459 -227.867 134.507 145 127 125
1708.935 -243.267 130.862 174 168 171
1710.235 -205.436 137.715 254 247 240
1710.125 -211.559 136.711 200 184 175
1710.127 -211.533 136.873 200 184 175
1712.250 -212.221 136.338 185 179 171
1710.719 -220.619 132.547 108 115 106
1712.114 -246.660 130.182 172 166 165
1713.658 -252.295 129.291 171 162 157
1710.614 -158.444 141.611 50 56 65
1716.290 -251.720 128.943 195 179 174
1715.122 -197.806 137.504 185 167 153
1715.114 -197.803 137.464 185 167 153
1716.542 -203.776 136.403 245 238 229
1719.065 -251.741 128.530 206 192 180
1717.597 -254.439 123.354 94 96 102
1715.555 -169.351 139.554 82 75 75
1717.841 -196.179 137.091 229 219 200
1721.325 -251.923 127.995 111 109 104
1717.599 -158.726 140.485 58 60 65
1721.962 -197.101 134.216 167 156 142
1722.711 -159.769 140.161 226 216 204
1723.280 -175.202 136.986 153 151 160
1723.503 -176.214 137.205 44 49 57
1723.927 -194.598 133.973 246 243 237
1725.750 -172.480 139.060 229 219 207
1726.023 -184.971 134.888 140 132 134
1737.605 -168.954 136.549 245 235 223
1740.763 -169.190 135.820 168 143 134
1742.177 -168.862 135.390 223 200 181
1752.218 -255.622 119.571 52 63 80
1751.708 -257.683 118.032 55 68 91
1756.098 -261.943 118.640 104 120 139
1700.027 -203.232 -15.172 241 212 200
1707.524 -172.611 6.390 174 140 133
1708.428 -178.050 5.685 252 242 231
1702.024 -191.637 -14.516 239 216 205
1710.189 -176.963 5.555 253 243 232
1703.738 -189.022 -14.306 234 224 214
1705.588 -181.680 -13.795 138 66 76
1702.651 -206.440 -22.989 214 212 214
1708.909 -193.479 -15.594 144 124 132
1778.314 -272.366 110.677 52 62 81
1710.685 -197.435 -17.683 199 142 138
1718.085 -212.380 -13.771 142 119 126
1718.062 -212.371 -13.836 142 119 126
1717.960 -213.637 -13.350 174 124 130
1715.816 -194.276 -16.387 243 233 221
1716.529 -200.897 -15.642 248 240 235
1716.970 -204.409 -14.938 71 65 77
1719.241 -210.439 -15.075 254 251 247
1716.330 -214.011 -19.109 108 57 69
1718.165 -187.705 -16.072 230 228 228
1717.878 -189.883 -14.954 242 232 221
1717.151 -201.733 -19.927 229 213 204
1729.301 -186.909 -18.380 245 238 230
1731.675 -199.421 -22.211 139 95 99
1732.480 -202.192 -30.660 234 234 234
1751.650 -212.189 -9.454 171 185 200
1697.375 -218.348 138.314 230 223 215
1695.961 -168.731 141.563 104 105 104
1700.461 -213.906 138.128 244 237 230
1701.569 -222.291 137.027 211 202 190
1699.459 -231.592 134.467 211 199 183
1701.963 -235.207 132.596 130 131 137
1701.681 -239.107 133.843 76 82 84
1702.298 -239.772 132.782 132 130 132
1702.237 -222.863 136.589 187 179 173
1702.768 -224.518 134.937 100 102 100
1702.616 -236.588 132.296 109 112 115
1703.602 -238.437 131.826 156 152 158
1703.897 -239.189 131.753 124 124 130
1704.776 -248.207 129.607 52 61 67
1703.375 -191.033 140.356 243 233 237
1703.383 -191.054 140.396 243 233 237
1705.699 -196.049 140.048 184 225 237
1706.976 -211.123 137.440 204 186 173
1707.451 -225.849 134.175 184 178 170
1706.453 -229.404 134.507 186 177 172
1707.308 -228.082 134.297 213 207 199
1705.618 -231.000 134.921 153 138 135
1707.764 -246.692 130.312 121 121 123
1708.448 -225.681 134.240 122 120 107
1709.658 -246.781 130.312 156 142 142
1709.613 -189.687 139.578 246 239 232
1711.804 -220.393 132.053 122 129 104
1712.559 -252.134 129.550 106 102 102
1709.852 -174.951 138.728 186 187 186
1714.244 -205.891 136.670 198 190 180
1713.988 -206.664 136.735 246 239 232
1712.627 -209.702 136.646 215 204 194
1712.621 -209.735 136.524 215 204 194
1717.923 -247.713 131.073 157 151 148
1715.592 -250.461 129.242 146 138 140
1717.185 -251.720 128.594 163 153 151
1712.230 -155.909 140.947 119 125 122
1713.677 -161.182 140.793 51 57 65
1713.905 -161.088 141.733 51 57 65
1719.503 -249.542 130.960 45 54 50
1720.813 -248.591 130.644 39 48 51
1718.723 -195.215 136.994 219 211 198
1718.685 -164.751 140.663 206 192 181
1724.702 -255.927 129.089 107 111 119
1721.154 -162.551 140.453 246 240 229
1721.869 -165.884 139.538 231 213 197
1723.214 -168.638 138.898 245 235 223
1722.898 -193.226 136.354 234 228 215
1730.199 -257.700 128.667 79 78 59
1725.082 -170.675 137.083 205 198 189
1724.562 -188.611 130.952 105 105 99
1725.576 -189.719 131.810 82 78 75
1728.391 -163.105 139.092 189 172 162
1727.586 -169.911 137.513 230 212 196
1729.640 -170.355 138.128 176 161 152
1727.761 -171.788 138.987 235 222 207
1730.713 -163.784 138.460 245 235 223
1738.894 -167.355 136.468 213 198 186
1739.242 -168.902 136.565 235 219 199
1739.297 -168.918 136.484 235 219 199
1739.578 -168.148 136.217 174 162 153
1699.401 -228.693 8.909 120 141 170
1697.627 -214.914 -0.779 229 206 196
1698.984 -215.013 -1.006 233 204 191
1698.663 -216.590 -1.127 231 220 208
1698.670 -216.575 -1.078 231 220 208
1700.157 -224.606 -2.391 251 247 243
1700.238 -217.912 -1.500 228 214 203
1698.971 -194.552 -14.184 165 101 111
1700.478 -196.065 -14.565 195 149 145
1699.776 -198.040 -13.018 209 167 159
1700.683 -204.606 -14.484 222 186 173
1708.438 -172.291 6.293 250 233 223
1708.189 -180.240 5.410 131 95 99
1701.943 -185.067 -13.488 124 70 84
1700.582 -189.559 -13.836 241 223 211
1700.582 -189.559 -13.836 241 223 211
1702.219 -189.844 -14.006 199 132 126
1700.616 -213.239 -23.240 158 163 169
1764.684 -252.058 116.712 121 134 157
1710.114 -177.151 5.361 253 243 232
1702.563 -184.970 -13.520 237 233 229
1705.785 -204.200 -13.812 166 139 135
1702.232 -211.821 -22.900 191 199 205
1766.932 -253.201 115.910 88 97 117
1771.793 -253.813 115.262 137 157 179
1770.653 -255.380 116.671 134 154 176
1713.542 -170.707 2.234 245 234 223
1706.567 -188.225 -15.334 134 119 128
1706.167 -189.660 -15.391 240 227 219
1779.798 -264.213 127.566 51 60 80
1716.535 -166.870 4.883 187 170 178
1716.579 -166.872 4.972 187 170 178
1715.993 -168.207 5.256 203 191 205
1715.993 -168.207 5.256 203 191 205
1709.877 -193.813 -15.521 193 181 176
1710.268 -194.607 -15.723 245 235 223
1712.277 -206.824 -15.116 243 232 225
1710.084 -216.470 -18.574 74 73 81
1710.366 -189.508 -15.367 96 81 88
1712.626 -214.365 -18.607 218 196 205
1712.626 -214.365 -18.607 218 196 205
1780.108 -247.088 115.586 139 156 182
1780.344 -247.016 116.509 139 156 182
1712.824 -197.191 -18.866 177 129 127
1711.291 -174.607 -21.685 235 233 230
1717.112 -201.839 -16.347 239 203 183
1723.912 -170.536 2.988 122 115 125
1710.799 -178.440 -24.406 243 240 235
1717.029 -200.951 -19.765 233 206 197
1721.069 -198.210 -17.068 122 148 174
1723.476 -211.066 -18.996 140 132 141
1724.305 -215.177 -20.656 246 224 219
1726.055 -186.075 -14.395 92 88 98
1725.678 -194.428 -17.829 103 128 153
1727.201 -210.924 -20.656 244 231 216
1726.475 -198.294 -21.839 216 210 202
1729.965 -211.188 -20.154 184 140 140
1729.794 -187.873 -18.574 139 91 106
1732.333 -193.224 -19.465 99 49 65
1732.714 -194.298 -19.619 109 57 75
1730.880 -205.407 -26.512 184 185 190
1735.552 -196.927 -20.446 245 217 207
1733.092 -201.515 -29.663 237 237 231
1736.782 -206.191 -27.938 128 122 136
1695.076 -169.463 141.725 65 75 80
1698.616 -210.921 140.178 246 243 232
1698.490 -231.816 134.321 175 163 153
1697.332 -234.138 130.474 87 96 93
1696.937 -237.633 129.534 104 111 117
1695.404 -168.270 141.830 61 68 73
1695.559 -170.529 141.263 61 71 68
1695.570 -170.525 141.295 61 71 68
1696.355 -170.494 140.996 99 104 106
1695.489 -173.016 141.660 102 105 110
1696.878 -173.262 141.822 89 95 104
1699.950 -200.875 140.234 247 237 225
1701.216 -209.224 139.513 195 220 225
1700.779 -230.699 134.151 175 163 153
1700.835 -232.922 133.633 187 178 170
1702.321 -232.990 133.803 186 174 173
1702.662 -240.368 132.296 90 92 96
1702.625 -240.352 132.215 90 92 96
1702.100 -223.768 134.564 234 230 219
1703.899 -230.421 134.694 127 119 120
1704.308 -233.086 135.042 194 188 181
1702.932 -234.326 132.879 170 167 168
1704.032 -240.198 131.632 122 122 127
1704.006 -240.178 131.527 122 122 127
1705.500 -247.218 129.882 55 59 65
1705.544 -190.482 140.299 245 238 231
1707.105 -225.172 134.159 116 114 101
1707.595 -226.959 134.613 165 155 145
1706.821 -235.109 134.483 98 97 91
1707.807 -236.718 134.507 165 159 157
1707.802 -185.689 140.040 216 207 194
1708.281 -223.487 133.722 187 178 175
1709.297 -236.956 133.876 210 202 189
1709.296 -236.938 133.803 210 202 189
1709.816 -238.260 133.811 169 164 155
1709.873 -240.085 133.422 149 144 141
1710.633 -241.284 133.625 149 146 142
1711.567 -251.196 129.728 173 165 163
1709.475 -186.930 139.781 243 236 229
1710.889 -201.897 138.112 218 218 212
1712.053 -250.543 129.566 154 142 140
1711.531 -173.589 139.327 70 77 82
1713.150 -206.974 136.897 219 210 198
1713.150 -206.974 136.897 219 210 198
1716.965 -249.467 129.364 94 93 87
1712.194 -157.942 140.672 80 87 89
1713.994 -172.380 139.351 201 194 186
1715.987 -182.639 138.971 206 197 185
1715.910 -182.614 138.549 206 197 185
1715.138 -187.235 138.784 245 238 223
1715.524 -202.338 136.848 190 176 170
1715.523 -202.382 136.832 190 176 170
1716.598 -202.834 136.427 191 174 164
1716.117 -204.633 136.533 210 202 189
1716.718 -204.297 136.557 244 234 222
1718.503 -246.650 130.798 42 44 49
1718.485 -246.651 130.798 42 44 49
1718.891 -247.292 130.692 135 130 129
1719.609 -248.587 130.887 97 104 85
1719.619 -248.583 130.854 97 104 85
1718.151 -251.981 128.457 157 149 149
1719.962 -251.298 128.351 86 88 85
1716.578 -255.395 122.349 67 76 79
1717.997 -184.279 138.371 179 165 161
1719.322 -167.162 140.226 204 184 172
1717.284 -173.712 133.106 112 114 106
1717.284 -173.712 133.106 112 114 106
1719.743 -178.663 134.167 56 69 77
1719.227 -184.224 133.139 115 110 101
1719.756 -186.800 137.569 186 174 167
1722.415 -192.399 136.451 152 140 135
1722.540 -192.357 136.759 152 140 135
1722.021 -194.299 136.508 216 210 201
1723.565 -166.356 139.238 246 238 231
1722.572 -169.283 138.971 166 145 131
1722.150 -171.267 137.083 226 210 198
1722.698 -171.689 136.686 138 129 123
1722.535 -176.138 137.877 122 122 129
1720.747 -179.953 133.106 55 67 76
1724.037 -193.396 134.264 194 198 192
1723.289 -196.707 133.730 132 129 123
1725.007 -171.919 138.023 154 144 141
1724.464 -176.944 136.994 134 127 126
1725.550 -181.275 137.675 138 127 124
1727.227 -179.699 137.634 199 189 185
1725.599 -184.391 136.541 140 133 129
1727.469 -189.569 133.098 131 120 110
1725.640 -193.817 133.155 95 101 109
1730.445 -251.789 128.319 117 126 118
1729.428 -165.872 138.412 187 180 174
1690.091 -217.482 11.703 217 208 204
1690.547 -218.110 11.371 134 119 120
1690.708 -217.411 11.412 142 124 122
1690.855 -217.777 11.201 230 217 210
1730.833 -162.915 138.436 203 191 176
1730.243 -164.381 138.582 202 190 175
1733.625 -165.586 137.707 210 198 190
1690.608 -224.725 -0.601 231 224 212
1736.456 -168.309 137.018 245 235 223
1738.269 -169.693 136.533 180 165 152
1694.587 -218.357 3.320 131 120 125
1740.497 -168.353 135.949 201 191 180
1739.295 -169.680 136.265 178 160 143
1696.433 -222.336 2.810 116 106 115
1695.924 -222.623 2.445 111 102 112
1696.508 -222.945 2.680 224 212 204
1745.631 -263.427 118.866 206 197 191
1742.828 -169.471 135.180 165 147 137
1698.256 -216.568 -1.176 231 219 208
1700.124 -203.710 -1.978 189 136 137
1700.660 -221.425 -1.799 242 234 228
1696.585 -210.105 -15.788 235 215 203
1758.030 -268.735 117.878 145 103 105
1698.230 -203.345 -14.986 188 142 138
1697.347 -204.930 -21.717 251 248 245
1697.692 -206.067 -22.284 211 204 199
1697.106 -212.182 -23.054 238 235 231
1763.762 -251.559 119.053 70 82 106
1706.990 -171.442 5.782 182 150 143
1707.854 -173.326 6.333 251 241 230
1707.499 -179.498 5.369 154 113 115
1708.754 -179.011 5.507 244 236 226
1702.261 -191.025 -14.460 226 199 186
1710.637 -173.625 5.774 246 241 233
1711.082 -175.871 5.499 236 223 215
1703.974 -204.005 -14.638 89 69 70
1699.893 -208.351 -25.581 238 235 230
1709.847 -169.665 2.510 126 94 92
1706.335 -186.455 -14.265 85 80 92
1706.236 -188.769 -15.100 130 119 123
1708.605 -200.455 -13.723 130 111 114
1716.145 -167.627 5.231 137 126 139
1708.419 -183.925 -14.549 240 211 199
1709.441 -185.452 -14.581 178 166 158
1708.759 -195.549 -17.675 177 119 123
1710.875 -214.375 -18.356 70 69 82
1716.923 -168.249 4.810 235 222 221
1709.750 -182.948 -15.521 236 223 215
1709.986 -183.292 -15.950 166 138 139
1710.499 -186.003 -17.700 175 169 174
1712.127 -190.372 -15.480 239 226 218
1713.226 -187.785 -15.731 142 141 150
1712.721 -194.893 -16.242 155 136 141
1716.756 -207.081 -12.548 105 107 112
1716.237 -200.519 -15.132 239 230 221
1716.237 -200.519 -15.132 239 230 221
1717.641 -203.379 -16.088 247 205 184
1718.198 -205.036 -15.812 226 180 168
1718.147 -209.810 -13.795 140 107 111
1718.271 -211.284 -14.233 134 96 100
1724.887 -172.885 2.348 243 224 215
1711.434 -175.877 -22.859 243 240 236
1711.125 -178.763 -24.714 195 197 201
1717.413 -204.031 -20.235 206 176 170
1721.907 -191.588 -11.811 166 148 146
1718.744 -197.158 -19.312 144 170 193
1721.057 -203.871 -18.088 218 219 226
1723.037 -208.068 -18.874 79 73 81
1723.153 -211.472 -19.133 241 232 228
1724.813 -200.773 -21.685 214 208 200
1726.526 -184.060 -17.659 108 52 53
1727.657 -191.240 -18.518 105 128 152
1728.445 -213.127 -21.077 147 101 106
1728.682 -183.938 -17.683 143 100 103
1729.864 -187.018 -18.461 98 53 68
1729.323 -190.146 -19.239 131 124 137
1727.582 -202.679 -25.864 245 242 238
1732.605 -197.432 -20.543 244 239 235
1728.304 -204.384 -26.318 247 239 240
1728.768 -204.236 -26.294 199 200 199
1729.581 -206.194 -26.707 210 205 201
1734.185 -187.549 -18.996 109 72 83
1734.439 -195.483 -19.992 125 84 99
1731.328 -207.389 -28.108 238 235 231
1736.629 -197.513 -20.348 246 232 225
1747.313 -212.909 -8.150 72 76 86
1749.604 -212.742 -8.749 79 79 88
1751.675 -209.762 -9.397 184 194 205
1754.927 -210.385 -8.490 230 229 230
1699.002 -226.822 137.731 236 229 221
1699.002 -226.822 137.731 236 229 221
1698.738 -201.665 140.712 220 207 190
1700.825 -210.601 139.100 249 243 232
1700.483 -219.493 138.841 231 228 217
1703.241 -220.029 137.415 194 185 181
1703.241 -220.029 137.415 194 185 181
1704.238 -224.481 133.835 139 134 126
1703.131 -225.415 135.698 137 132 123
1705.233 -232.602 135.342 203 197 188
1705.028 -233.123 135.188 64 62 67
1705.233 -242.382 131.413 142 138 143
1705.296 -243.633 131.276 118 116 125
1705.269 -184.508 141.765 245 238 231
1704.409 -223.440 134.224 142 135 132
1706.294 -234.502 134.864 96 91 88
1707.601 -214.478 137.561 243 239 228
1707.375 -222.455 133.892 234 224 220
1707.375 -222.455 133.892 234 224 220
1709.347 -239.434 134.086 148 144 141
1710.325 -245.899 130.409 158 144 144
1708.140 -182.479 140.518 244 237 222
1712.938 -246.663 130.320 81 80 80
1712.652 -194.073 139.278 243 235 221
1714.920 -205.687 136.881 244 234 222
1717.485 -246.507 130.474 154 147 148
1716.653 -247.839 130.854 68 67 67
1717.021 -248.384 131.219 151 144 141
1717.023 -248.420 131.073 151 144 141
1716.243 -248.977 129.510 78 76 76
1714.618 -162.355 140.963 205 206 207
1714.937 -164.864 140.647 203 178 162
1714.677 -172.657 138.655 157 148 143
1716.244 -191.203 138.371 186 179 174
1716.244 -191.203 138.371 186 179 174
1716.893 -193.071 138.169 244 237 222
1715.123 -203.738 136.938 250 240 229
1718.099 -246.142 130.547 133 129 128
1719.243 -252.556 128.149 173 161 159
1717.448 -160.777 141.490 202 193 188
1715.505 -164.842 140.680 136 119 109
1716.716 -181.838 138.971 209 197 188
1717.657 -192.728 137.990 238 230 215
1721.248 -252.651 127.550 177 168 164
1723.386 -253.027 127.598 116 114 95
1719.319 -179.636 133.738 67 82 93
1718.374 -180.643 134.459 72 80 78
1719.385 -185.065 137.059 72 75 71
1724.513 -249.521 129.963 90 98 81
1722.876 -160.436 139.943 197 186 175
1721.602 -163.256 140.421 195 180 166
1723.506 -174.434 136.152 122 125 126
1723.549 -174.417 136.338 122 125 126
1723.121 -177.250 137.634 63 68 69
1723.978 -196.455 133.803 119 116 112
1729.388 -254.165 128.295 58 66 77
1726.345 -166.166 138.962 244 234 222
1724.234 -171.486 137.091 201 188 178
1726.818 -188.463 132.790 211 199 191
1732.582 -261.927 126.351 136 139 101
1735.589 -254.416 126.521 37 46 59
1738.126 -261.203 119.255 207 205 204
1738.160 -262.202 121.240 212 210 207
1738.160 -262.202 121.240 212 210 207
1737.909 -167.954 136.468 209 189 174
1739.001 -168.050 136.136 194 173 160
1740.007 -167.026 135.682 194 181 169
1699.488 -229.335 8.990 70 86 108
1744.115 -258.727 120.932 104 107 117
1743.653 -264.444 117.789 190 188 187
1746.786 -258.382 120.413 104 106 111
1749.524 -258.546 118.664 89 101 125
1706.839 -168.733 13.769 231 241 237
1708.430 -167.969 13.809 237 234 230
1699.352 -193.755 -14.111 196 138 133
1699.936 -200.150 -12.921 173 125 125
1700.824 -200.865 -15.245 243 214 201
1708.303 -179.644 5.474 242 228 221
1708.331 -178.566 5.572 221 208 198
1708.812 -178.602 5.588 179 159 152
1708.812 -178.602 5.588 179 159 152
1709.033 -178.284 5.539 250 239 229
1702.132 -197.688 -15.091 163 138 144
1702.949 -197.804 -14.889 176 162 170
1701.855 -205.021 -15.545 114 64 72
1710.264 -173.946 5.726 235 216 201
1709.371 -176.590 5.612 244 231 223
1703.859 -191.718 -14.387 182 165 162
1705.147 -204.696 -14.184 157 133 138
1705.722 -188.150 -14.233 223 214 208
1704.418 -190.779 -14.306 194 178 174
1704.418 -190.779 -14.306 194 178 174
1705.708 -192.781 -16.120 219 204 199
1703.335 -213.864 -23.524 155 158 167
1703.699 -212.510 -24.463 124 126 138
1707.714 -191.342 -15.667 218 209 209
1706.761 -192.408 -15.545 216 201 196
1707.370 -193.051 -15.837 150 138 135
1709.489 -200.121 -13.868 214 201 190
1705.776 -207.485 -22.867 177 169 172
1715.428 -168.142 5.377 153 140 160
1710.484 -193.764 -15.585 244 237 229
1716.337 -170.124 0.785 251 243 235
1714.934 -212.866 -14.063 107 105 114
1778.632 -246.121 116.420 45 58 75
1709.303 -175.647 -20.186 186 181 185
1710.529 -184.562 -18.307 210 180 175
1716.334 -212.568 -13.463 163 151 165
1715.104 -218.218 -19.352 132 77 90
1718.331 -208.163 -13.301 231 215 210
1718.331 -208.163 -13.301 231 215 210
1711.460 -176.279 -23.370 234 234 234
1717.488 -192.094 -14.387 192 177 174
1717.956 -194.466 -14.938 210 201 195
1718.432 -194.971 -15.116 236 226 214
1718.132 -211.098 -21.126 244 214 196
1716.074 -177.784 -22.689 231 234 238
1717.083 -177.709 -22.349 220 224 228
1723.442 -190.728 -11.876 207 189 181
1719.678 -194.523 -19.733 199 155 152
1721.759 -198.074 -17.173 135 153 179
1722.832 -197.515 -17.278 101 129 159
1722.478 -203.927 -18.461 144 142 144
1723.955 -206.802 -18.931 224 211 204
1725.155 -209.942 -19.992 224 209 203
1727.168 -194.568 -18.834 247 250 247
1729.008 -196.886 -19.036 184 178 170
1729.012 -196.897 -19.004 184 178 170
1725.839 -203.287 -22.519 222 214 202
1728.709 -182.584 -17.708 135 82 91
1729.409 -184.873 -17.943 137 97 105
1730.972 -189.408 -18.947 136 91 101
1731.233 -199.118 -22.138 180 149 154
1731.211 -199.108 -22.171 180 149 154
1730.818 -199.554 -21.976 190 164 167
1728.596 -201.854 -27.079 246 243 244
1729.035 -202.005 -27.509 240 239 240
1729.024 -202.009 -27.533 240 239 240
1728.895 -204.887 -26.415 199 200 199
1729.396 -202.130 -27.995 239 240 239
1729.447 -202.154 -27.849 239 240 239
1729.739 -201.937 -28.035 206 207 206
1733.340 -198.629 -26.747 209 208 206
1731.647 -201.156 -27.606 222 226 230
1709.401 -203.168 -14.152 246 238 226
1754.075 -254.676 119.709 111 127 152
1717.439 -211.242 -17.692 181 154 157
1763.731 -252.006 118.769 69 81 105
1702.670 -194.984 -16.355 179 167 176
1725.124 -205.930 -18.979 244 234 222
1727.562 -187.012 -18.024 241 227 218
1725.620 -182.113 -17.068 114 66 82
1711.427 -178.224 -24.925 240 239 232
1708.613 -221.286 -1.994 222 219 215
1692.881 -223.166 -0.698 251 247 240
1724.960 -207.373 -19.295 242 235 229
1720.349 -207.235 -20.478 82 84 95
1724.701 -160.300 140.412 232 220 211
1718.446 -159.910 141.247 62 57 62
1716.976 -214.511 -19.174 250 228 223
1709.160 -213.088 -17.821 49 48 56
1694.471 -225.807 137.926 197 195 198
1788.740 -197.191 119.045 177 176 179
1778.355 -192.656 118.915 105 85 92
1750.752 -202.675 -8.247 199 202 207
1733.827 -188.951 -19.312 158 109 116
1715.690 -193.661 -16.379 235 227 220
1715.225 -191.042 -15.853 238 234 231
1708.090 -184.744 -14.338 181 156 149
1742.177 -248.740 126.796 35 44 64
1746.754 -203.927 -8.433 101 99 113
1748.118 -209.686 -8.466 65 75 87
1737.551 -205.043 -28.934 185 194 208
1724.503 -171.278 2.599 231 219 226
1729.902 -209.635 -20.689 106 54 72
1713.319 -216.731 -18.963 121 90 109
1703.578 -194.759 -15.885 104 89 104
1702.771 -199.498 -15.585 88 75 83
1699.903 -209.384 -26.010 237 232 228
1699.854 -213.139 138.331 208 200 194
1793.156 -201.968 117.465 65 81 92
1780.230 -196.887 120.260 67 74 81
1751.863 -208.525 -9.041 181 192 203
1783.566 -203.355 124.164 104 114 128
1773.458 -195.211 121.094 189 187 191
1747.779 -208.675 -8.530 158 169 187
1767.981 -190.405 122.236 83 68 76
1728.955 -202.324 -27.646 202 202 202
1727.835 -197.889 -22.098 208 200 199
1729.662 -210.513 -20.818 205 155 148
1708.922 -176.302 -19.862 200 198 200
1716.116 -203.400 -15.829 111 84 98
1706.371 -182.410 -12.832 162 104 106
1715.605 -216.277 -19.117 133 95 107
1706.290 -192.570 -15.432 154 141 139
1704.887 -186.599 -13.949 194 144 137
1699.725 -196.084 -14.411 198 154 149
1730.762 -252.870 128.449 75 85 89
1730.068 -255.266 128.619 224 214 203
1699.099 -220.073 -1.597 224 215 207
1706.659 -222.331 135.285 246 239 224
1696.707 -219.053 139.157 245 241 231
1680.283 -200.657 140.412 126 125 127
1709.258 -199.664 -13.739 243 230 222
1729.065 -185.447 -17.959 142 101 108
1709.406 -186.607 -15.197 244 235 222
1753.108 -259.317 117.838 146 162 187
1753.117 -259.339 117.935 146 162 187
1727.583 -208.612 -20.065 247 240 234
1701.084 -201.495 139.335 239 235 225
1703.992 -209.342 138.379 188 223 232
1756.951 -180.369 129.194 175 168 165
1692.135 -222.151 0.039 152 107 112
1805.711 -198.106 121.661 56 60 58
1790.239 -204.996 118.688 79 96 98
1723.018 -183.934 -16.606 221 215 214
1719.080 -186.765 -16.833 117 125 139
1734.952 -195.108 -20.057 114 59 71
1796.039 -223.494 114.387 54 67 90
1692.526 -227.946 141.239 230 222 210
1802.573 -217.998 114.047 192 192 199
1732.553 -192.630 -19.368 246 224 219
1718.270 -186.493 138.104 195 184 176
1704.503 -183.440 -13.642 239 234 228
1706.099 -186.846 -14.371 91 82 96
1706.252 -191.560 140.105 245 242 238
1703.619 -191.558 140.421 246 243 232
1706.725 -199.520 -13.253 207 178 166
1705.951 -199.743 -13.099 59 43 53
1742.099 -218.187 -4.837 75 77 89
1698.686 -201.722 -14.792 147 89 99
1754.057 -254.677 119.725 110 125 150
1737.679 -246.773 128.044 93 107 129
1757.227 -269.184 118.356 193 188 191
1756.272 -267.766 118.745 210 198 197
1711.427 -156.438 140.323 51 57 61
1790.093 -203.610 119.118 37 52 65
1728.125 -182.182 -17.449 101 40 53
1776.096 -203.762 122.438 35 44 56
1730.535 -188.141 -18.745 123 76 87
1710.229 -171.954 137.861 213 207 199
1714.181 -184.903 139.060 159 146 139
1730.020 -203.615 -26.002 179 181 186
1697.301 -209.733 139.416 139 125 132
1697.279 -209.723 139.205 139 125 132
1710.512 -208.539 -15.667 164 155 159
1704.373 -216.632 137.270 244 241 230
1707.350 -221.992 135.188 244 240 230
1768.424 -253.953 115.772 38 49 64
1729.838 -258.550 128.262 123 125 87
1760.181 -176.957 128.951 196 175 164
1754.818 -176.236 130.174 84 83 85
1794.814 -197.847 120.073 67 74 84
1799.971 -207.254 117.530 30 37 52
1793.899 -214.739 118.145 45 57 73
1730.019 -190.216 -19.069 221 207 202
1732.836 -195.957 -20.000 144 101 114
1724.847 -200.159 -21.944 244 231 223
1709.575 -193.377 -15.488 234 223 220
1699.389 -187.777 -13.447 240 230 222
1700.252 -191.017 -13.342 224 214 206
1746.495 -214.088 -8.944 51 51 67
1743.383 -213.669 -8.296 158 168 186
1698.980 -195.886 -14.168 188 127 127
1717.816 -206.631 -20.705 207 171 162
1708.172 -202.523 -13.820 243 224 208
1768.012 -241.118 120.470 35 45 59
1678.764 -204.290 140.769 81 90 96
1767.013 -253.937 116.145 43 49 61
1713.069 -217.134 -19.012 101 62 75
1704.408 -213.624 -23.718 168 169 176
1698.322 -213.335 -22.406 163 168 171
1731.150 -257.795 128.157 122 123 86
1773.171 -185.738 120.665 120 103 107
1773.378 -186.787 120.179 161 131 126
1713.340 -167.815 6.349 246 238 232
1711.964 -172.975 -19.838 236 229 229
1799.060 -208.126 117.659 34 45 59
1798.947 -208.936 118.251 166 174 180
1780.946 -202.747 124.301 38 44 59
1769.827 -195.101 122.042 61 59 76
1776.489 -201.268 123.095 45 51 67
1715.715 -184.744 -15.804 117 118 124
1729.253 -192.713 -18.996 235 237 237
1718.685 -188.628 -16.112 188 180 182
1709.988 -183.249 -15.966 171 143 144
1715.995 -186.366 138.476 244 237 223
1721.083 -190.272 136.848 192 181 170
1715.969 -186.922 138.509 197 184 177
1735.827 -199.594 -27.193 163 163 168
1712.285 -190.097 139.230 241 234 219
1715.956 -195.633 137.675 243 236 221
1725.335 -201.892 -22.179 222 213 201
1704.976 -193.191 -16.768 202 157 147
1706.754 -194.993 -17.457 151 107 112
1700.630 -193.792 -14.452 218 173 165
1746.004 -216.884 -9.049 126 137 154
1721.406 -204.124 -18.340 86 82 88
1721.045 -204.894 -18.072 88 90 95
1703.000 -196.275 -15.464 75 67 75
1703.975 -198.925 -15.885 89 76 84
1703.359 -198.855 -15.675 98 84 92
1681.796 -197.420 141.109 62 69 77
1724.352 -209.735 -20.032 226 214 205
1709.208 -211.009 137.577 246 243 224
1721.931 -210.511 -18.858 204 205 206
1718.434 -211.756 -14.079 140 103 107
1697.916 -205.742 -22.665 241 238 229
1759.689 -253.398 119.352 58 72 88
1758.731 -252.564 121.539 49 59 79
1695.179 -217.566 -0.641 228 212 200
1746.106 -260.606 121.442 152 146 144
1742.149 -259.217 121.515 160 170 180
1742.149 -259.217 121.515 160 170 180
1772.619 -278.724 111.787 52 61 74
1696.869 -194.751 -13.625 242 220 208
1721.499 -181.431 -16.444 94 82 96
1732.648 -256.024 128.076 66 65 65
1752.771 -256.888 118.137 57 71 93
1780.469 -251.673 115.310 35 44 56
1771.657 -273.099 127.096 66 78 102
1702.883 -195.105 -16.063 124 114 123
1795.151 -200.117 117.263 106 109 105
1776.132 -246.400 116.185 43 50 63
1727.180 -190.717 -18.769 98 117 147
1724.002 -210.600 -19.684 222 212 206
1758.966 -265.099 118.356 39 45 62
1699.621 -201.793 -14.743 176 119 123
1724.074 -212.272 -20.203 94 52 72
1697.633 -211.636 138.882 246 243 232
1697.625 -211.633 139.335 246 243 232
1697.972 -224.475 137.464 246 239 224
1719.092 -187.515 -16.396 118 129 139
1715.767 -206.374 -12.896 57 56 65
1766.851 -273.815 128.797 67 76 97
1780.124 -263.321 125.784 102 113 138
1698.556 -199.545 140.210 162 166 164
1702.890 -196.004 140.291 129 145 155
1696.404 -210.273 139.440 244 236 222
1715.592 -196.410 137.432 246 239 224
1698.254 -193.851 -13.868 243 224 208
1705.414 -183.287 -13.220 147 104 120
1707.721 -184.217 -14.273 241 212 200
1705.269 -191.238 -14.954 196 173 167
1703.315 -211.479 -23.572 132 131 140
1721.509 -191.047 -11.527 200 180 174
1721.509 -191.047 -11.527 200 180 174
1713.566 -204.109 -16.112 96 48 62
1762.860 -179.303 125.322 235 219 199
1721.491 -209.987 -18.736 50 52 65
1727.366 -211.228 -20.753 242 226 214
1730.145 -205.824 -27.055 217 214 217
1747.747 -265.743 117.797 211 215 224
1783.752 -204.688 122.657 44 53 73
1756.178 -263.734 118.793 72 79 94
1758.319 -267.010 117.400 192 140 141
1762.018 -275.351 129.170 112 123 142
1775.467 -266.054 128.052 60 73 82
1782.189 -263.026 125.695 52 61 74
1714.633 -159.373 140.680 58 60 65
1712.791 -171.197 138.663 238 231 223
1707.378 -176.882 140.040 246 239 232
1719.149 -185.953 137.561 246 243 232
1705.423 -216.363 137.116 224 215 206
1705.423 -216.363 137.116 224 215 206
1721.447 -182.384 131.713 134 132 114
1705.041 -224.271 134.038 186 174 158
1712.387 -164.855 1.748 246 243 239
1704.944 -181.473 -13.269 242 225 213
1697.260 -196.920 -14.055 124 49 61
1697.272 -196.934 -14.079 124 49 61
1695.650 -210.931 4.308 253 243 232
1697.923 -201.267 -14.427 242 219 207
1707.165 -189.848 -15.594 177 152 143
1707.927 -196.739 -13.204 244 231 223
1707.956 -196.734 -13.156 244 231 223
1709.378 -194.238 -15.529 246 239 232
1711.804 -206.791 -14.905 147 110 116
1719.515 -202.537 -18.599 113 111 126
1730.806 -184.883 -18.364 154 103 108
1728.555 -187.570 -18.331 242 220 208
1729.213 -187.703 -18.429 85 41 58
1717.632 -216.364 -19.563 99 44 57
1715.506 -217.873 -19.255 250 231 222
1719.290 -215.010 -19.684 242 220 215
1723.152 -210.478 -19.109 204 205 204
1745.244 -262.005 121.175 178 178 176
1730.056 -203.595 -25.873 180 182 187
1744.452 -264.481 119.838 189 186 189
1778.743 -204.151 121.070 125 133 152
1731.194 -207.072 -28.756 238 235 231
1736.722 -203.778 -27.946 176 180 186
1759.395 -268.039 116.768 67 56 60
1763.048 -274.950 129.072 42 48 65
1749.892 -207.036 -8.773 65 67 73
1794.558 -212.222 118.413 37 49 65
1750.889 -212.604 -9.235 173 186 201
1780.856 -262.335 125.006 105 116 134
1780.856 -262.335 125.006 105 116 134
1772.767 -275.863 111.973 108 112 119
1706.755 -176.073 139.862 99 98 100
1699.632 -208.678 138.792 243 242 236
1706.995 -211.061 137.577 206 187 174
1702.709 -220.528 136.840 245 242 231
1698.387 -226.114 137.213 204 197 194
1700.998 -186.951 -13.423 241 223 211
1698.711 -191.430 -13.698 244 230 219
1709.064 -176.702 5.677 247 233 220
1701.068 -188.188 -13.277 240 233 219
1713.998 -169.801 2.785 245 236 229
1710.829 -188.429 -15.172 235 224 214
1706.164 -198.091 -13.180 238 235 231
1704.675 -202.411 -13.471 138 114 119
1708.717 -194.209 -15.731 144 123 132
1725.485 -173.355 2.267 234 221 221
1755.968 -180.783 129.639 82 80 85
1707.731 -213.330 -17.756 48 45 55
1708.161 -213.699 -17.773 103 93 102
1724.970 -254.468 130.004 35 41 48
1725.793 -182.261 -17.189 108 63 81
1730.424 -250.184 128.570 41 52 65
1728.188 -183.035 -17.602 145 100 118
1719.515 -198.991 -18.226 221 222 229
1719.516 -199.009 -18.250 221 222 229
1720.914 -203.417 -18.169 81 77 82
1769.014 -184.401 121.620 178 147 142
1730.089 -183.766 -17.951 109 52 75
1719.151 -217.173 -20.000 159 118 130
1734.608 -191.976 -19.717 251 233 227
1727.756 -201.631 -26.302 244 241 237
1726.896 -205.734 -19.506 245 235 224
1729.069 -208.919 -20.810 99 41 53
1782.540 -186.761 120.624 147 135 135
1778.827 -195.757 119.879 105 107 112
1730.541 -204.476 -25.840 186 188 193
1784.476 -190.496 118.737 191 161 154
1753.585 -260.895 117.287 148 165 191
1784.176 -203.937 123.508 49 59 78
1767.039 -242.068 118.980 44 56 72
1770.264 -241.455 119.466 112 127 150
1775.133 -242.329 118.704 55 66 85
1746.165 -213.197 -8.644 67 66 74
1778.737 -263.608 127.290 69 83 104
1769.056 -277.785 112.370 94 100 109
1770.899 -276.912 113.172 78 85 95
1715.987 -162.087 141.077 231 224 216
1708.845 -175.957 138.007 224 220 210
1704.622 -183.990 140.744 194 185 181
1709.148 -182.804 139.999 243 236 222
1691.638 -222.213 138.890 225 222 218
1720.377 -165.929 140.145 198 181 172
1711.084 -188.037 139.230 171 163 163
1711.084 -188.037 139.230 171 163 163
1722.385 -168.011 139.384 205 192 180
1714.475 -195.257 137.966 236 223 208
1700.658 -226.070 131.114 161 152 139
1708.963 -173.642 5.896 246 239 231
1710.251 -214.044 136.654 246 239 224
1710.014 -175.085 5.831 253 243 232
1702.862 -187.125 -12.775 201 175 172
1699.963 -191.367 -13.844 178 113 109
1703.097 -188.471 -13.909 242 220 208
1702.520 -189.207 -13.957 214 160 153
1702.128 -196.720 -15.132 165 152 160
1700.016 -200.887 -14.913 241 208 200
1696.441 -213.694 -1.030 229 185 173
1696.441 -213.694 -1.030 229 185 173
1696.940 -212.436 -22.616 238 235 231
1724.503 -171.278 2.599 226 214 221
1717.194 -178.974 -21.588 93 103 117
1703.896 -206.551 -23.872 239 239 239
1701.347 -213.370 -23.119 188 189 197
1703.632 -221.303 1.773 89 88 97
1754.808 -176.241 130.174 84 83 85
1717.696 -185.812 -16.792 116 122 131
1728.215 -252.419 128.805 201 199 187
1718.225 -200.056 -18.445 132 130 139
1731.402 -246.514 129.194 27 38 52
1731.231 -249.727 128.505 95 102 112
1731.238 -249.731 128.481 95 102 112
1721.040 -203.890 -18.129 218 219 226
1715.609 -216.607 -19.133 134 97 108
1765.704 -186.598 123.111 87 69 65
1770.746 -181.945 120.778 84 73 83
1721.840 -207.571 -18.647 64 70 85
1721.086 -211.713 -18.785 158 154 159
1739.410 -262.502 122.714 134 139 148
1738.130 -263.067 122.001 108 104 108
1738.130 -263.067 122.001 108 104 108
1722.822 -211.280 -18.979 145 139 144
1722.822 -211.280 -18.979 145 139 144
1773.499 -195.238 121.280 174 174 178
1776.737 -198.081 123.548 133 110 112
1728.458 -203.141 -26.602 214 215 214
1746.414 -262.384 119.952 212 206 202
1743.276 -199.134 -2.650 99 102 116
1735.904 -199.043 -27.071 215 218 216
1784.819 -200.083 122.131 45 48 60
1789.554 -192.136 117.344 50 58 71
1790.546 -196.559 118.599 170 171 170
1791.535 -196.210 118.105 186 187 186
1791.509 -196.208 118.137 186 187 186
1742.438 -215.474 -4.570 150 158 172
1760.935 -274.417 129.348 39 49 65
1795.389 -193.129 118.162 81 78 83
1795.665 -198.226 119.207 139 134 132
1775.989 -242.399 118.534 114 128 157
1774.483 -252.174 116.914 136 151 167
1780.794 -261.678 125.776 50 58 75
1772.980 -277.297 127.298 59 69 87
1772.021 -278.076 112.524 59 65 73
1773.669 -275.848 111.309 52 61 74
1774.864 -276.212 112.135 79 85 95
1713.710 -158.439 142.000 152 156 159
1707.797 -175.783 138.144 86 91 98
1702.723 -190.166 140.955 118 115 117
1702.742 -190.184 141.004 118 115 117
1702.212 -192.608 140.809 245 238 231
1706.655 -191.571 140.493 243 240 237
1700.952 -203.981 139.659 188 198 199
1695.463 -217.665 139.173 148 139 129
1692.733 -218.081 139.716 249 242 229
1719.062 -165.238 140.364 221 192 179
1717.541 -180.662 134.435 89 93 93
1714.676 -184.609 138.914 235 225 209
1712.960 -187.844 139.035 224 217 210
1700.136 -217.645 138.436 216 213 205
1697.239 -223.572 138.169 208 194 188
1697.239 -223.572 138.169 208 194 188
1697.524 -224.985 138.047 234 225 221
1718.178 -187.995 137.950 216 207 194
1708.123 -210.995 137.504 242 231 220
1718.901 -186.889 137.472 245 241 230
1705.760 -218.774 137.310 220 214 205
1712.682 -167.300 6.649 238 225 217
1712.756 -167.990 6.228 254 247 240
1705.592 -184.022 -13.488 163 118 122
1695.459 -214.108 0.112 246 242 231
1709.212 -183.080 -14.800 246 222 211
1705.916 -186.401 -14.492 205 199 199
1704.712 -192.648 -14.978 212 194 184
1706.945 -190.760 -15.561 150 138 142
1703.673 -200.121 -15.488 177 165 171
1698.125 -206.030 -23.102 239 239 232
1710.281 -188.903 -15.286 197 182 180
1710.292 -188.899 -15.253 197 182 180
1710.721 -189.090 -15.100 90 71 79
1708.446 -193.663 -15.634 205 191 194
1706.635 -197.689 -13.091 204 189 185
1706.516 -200.128 -13.220 127 108 112
1704.800 -203.424 -13.642 163 147 144
1724.516 -167.746 3.911 80 53 66
1712.277 -187.487 -15.675 204 198 201
1711.463 -189.216 -15.221 241 231 220
1711.564 -190.024 -15.318 192 176 173
1711.463 -192.701 -15.610 246 238 228
1708.208 -200.570 -13.682 201 174 163
1700.865 -209.635 -26.480 194 187 186
1700.960 -211.929 -22.171 175 173 176
1714.504 -186.607 -15.772 114 109 115
1703.735 -212.429 -24.423 124 125 136
1704.969 -212.783 -23.491 116 118 123
1704.917 -213.815 -23.669 90 87 92
1755.762 -178.359 129.785 123 113 111
1717.433 -193.710 -14.605 184 162 160
1719.016 -194.158 -14.265 68 63 69
1730.320 -247.292 129.461 33 45 61
1726.490 -252.768 129.728 123 128 95
1732.277 -245.166 129.372 31 43 59
1727.173 -255.954 128.991 198 196 194
1735.815 -246.342 129.469 98 114 132
1726.181 -195.051 -18.388 175 211 214
1723.265 -202.956 -18.550 211 199 190
1717.880 -215.330 -19.457 139 98 109
1771.447 -183.277 120.519 87 80 84
1721.539 -208.386 -18.720 76 80 93
1722.061 -211.615 -19.052 141 138 147
1722.065 -211.626 -19.044 141 138 147
1733.225 -188.372 -19.036 156 111 117
1724.155 -207.688 -19.020 234 224 220
1724.814 -207.760 -19.255 240 231 227
1725.078 -209.199 -19.660 123 96 102
1743.724 -257.870 120.997 74 76 88
1741.615 -261.036 121.880 197 193 188
1733.913 -193.458 -19.093 99 70 85
1732.168 -194.410 -19.781 226 210 204
1724.897 -210.900 -20.267 234 219 215
1748.314 -254.611 120.219 54 67 83
1735.791 -191.013 -19.490 99 59 80
1734.325 -195.459 -19.927 125 83 98
1730.435 -211.327 -21.102 181 125 120
1755.524 -249.948 120.592 56 70 90
1753.547 -251.541 120.365 66 79 103
1753.577 -251.493 120.308 66 79 103
1751.017 -258.040 119.239 75 89 110
1748.641 -265.468 117.943 179 189 200
1781.116 -202.167 125.209 49 61 70
1734.959 -204.590 -27.071 196 199 203
1763.198 -244.702 117.797 64 79 100
1754.260 -266.569 118.842 149 153 159
1753.917 -268.136 119.506 167 171 175
1788.178 -196.720 118.964 68 67 75
1755.549 -269.111 118.364 202 196 192
1755.880 -269.879 118.607 162 165 166
1792.159 -195.326 118.121 69 68 69
1790.198 -199.951 121.215 64 70 86
1742.837 -213.444 -8.287 97 102 114
1750.932 -203.766 -8.782 204 208 213
1773.014 -250.057 115.780 84 91 102
1774.442 -253.680 117.554 112 123 141
1803.425 -197.683 123.168 115 110 116
1800.370 -203.291 116.509 54 65 80
1797.558 -210.782 118.081 71 80 92
1797.457 -210.790 117.902 71 80 92
1779.995 -262.377 124.860 66 76 94
1772.300 -277.190 126.942 83 92 105
1772.300 -277.190 126.942 83 92 105
1681.250 -203.446 139.845 77 88 92
1679.937 -204.422 140.064 46 55 67
1677.663 -205.706 141.838 50 56 65
1750.360 -258.182 119.118 66 77 94
1770.696 -252.137 115.294 42 48 56
1714.984 -171.748 133.349 83 81 81
1709.575 -176.370 138.971 204 203 196
1701.952 -188.174 141.635 238 234 221
1710.946 -186.495 139.505 246 239 232
1704.292 -192.337 140.388 246 243 233
1704.292 -192.337 140.364 246 243 233
1699.579 -205.693 139.432 246 243 238
1708.427 -205.155 138.250 189 218 221
1698.773 -208.597 139.157 243 236 225
1696.473 -217.725 138.541 215 207 198
1696.459 -217.719 138.582 215 207 198
1794.948 -204.575 115.926 31 41 53
1790.703 -204.990 118.154 63 81 81
1797.352 -205.370 115.043 72 84 106
1797.362 -205.348 115.076 72 84 106
1737.067 -251.714 128.003 34 41 56
1731.516 -255.219 128.643 243 233 221
1736.274 -256.521 127.363 35 41 50
1739.317 -258.887 123.621 52 65 73
1746.026 -258.576 120.584 51 60 73
1765.332 -252.852 117.692 102 113 136
1775.237 -250.541 116.137 44 50 67
1774.578 -252.757 116.995 122 136 154
1765.492 -261.754 117.287 127 147 169
1765.496 -261.685 117.230 127 147 169
1712.560 -172.752 138.387 79 76 82
1714.806 -178.381 139.748 244 236 223
1721.464 -187.924 134.807 241 239 230
1715.006 -193.924 138.177 250 243 230
1706.113 -208.460 138.185 246 246 240
1693.604 -220.624 138.776 246 243 232
1692.566 -222.041 138.744 158 141 143
1692.558 -222.038 138.776 158 141 143
1702.765 -221.298 136.597 246 241 229
1706.315 -221.868 134.694 246 239 224
1775.232 -198.155 123.751 134 125 128
1785.825 -194.617 118.056 107 105 114
1781.532 -198.921 122.665 34 40 48
1781.532 -198.921 122.625 34 40 48
1781.824 -201.631 123.435 41 48 61
1792.622 -199.682 119.612 45 51 60
1802.020 -200.063 121.855 238 231 220
1737.177 -251.426 127.922 33 40 55
1761.531 -245.299 123.111 49 61 77
1734.160 -257.824 127.655 116 121 93
1771.217 -242.722 118.712 59 72 87
1760.929 -248.781 123.046 43 52 72
1740.063 -260.319 123.022 209 206 201
1737.552 -262.534 123.370 165 158 154
1734.287 -263.156 123.961 58 72 71
1748.338 -258.701 119.806 149 152 162
1744.629 -259.683 121.045 198 197 194
1755.033 -266.186 118.939 187 183 183
1712.080 -158.875 140.898 53 61 71
1718.874 -163.868 140.688 144 122 110
1708.366 -188.964 139.910 248 242 229
1703.611 -191.537 140.437 245 237 237
1705.722 -193.248 140.145 117 143 160
1754.181 -173.426 130.287 152 135 125
1717.334 -191.981 137.764 175 171 165
1717.330 -191.970 137.739 175 171 165
1705.341 -194.701 139.821 115 145 170
1705.367 -194.722 140.113 115 145 170
1702.898 -196.007 140.275 129 145 155
1699.175 -198.056 140.421 140 160 164
1698.560 -199.556 140.356 162 166 164
1758.856 -176.926 129.105 67 65 73
1710.581 -199.402 138.501 195 218 221
1702.063 -204.493 139.392 184 225 237
1700.289 -203.659 139.367 123 147 164
1700.308 -203.676 139.489 123 147 164
1695.386 -208.995 139.602 140 134 130
1760.388 -179.718 129.161 152 131 124
1705.362 -207.461 139.084 182 218 221
1760.491 -181.200 129.283 186 174 166
1687.483 -219.876 133.706 150 145 144
1708.068 -214.943 136.654 248 242 229
1697.064 -219.345 138.266 244 239 227
1694.969 -222.180 138.339 174 158 151
1694.179 -224.373 138.177 137 123 124
1694.182 -224.366 138.161 137 123 124
1772.265 -193.190 121.774 80 73 81
1775.564 -191.795 119.288 104 90 98
1786.057 -190.233 118.413 189 159 153
1775.763 -195.111 120.689 73 69 78
1775.773 -195.089 120.762 73 69 78
1779.172 -198.428 122.981 42 45 57
1777.242 -200.690 123.435 42 48 65
1783.450 -201.903 124.083 35 44 56
1798.338 -195.169 121.531 134 144 156
1786.330 -201.687 123.005 44 52 65
1787.751 -202.896 121.685 79 96 106
1785.231 -203.219 123.216 165 178 185
1786.661 -203.554 122.017 56 72 81
1803.252 -198.013 122.916 140 127 122
1794.068 -200.698 118.729 110 123 137
1790.282 -204.980 118.810 79 96 98
1786.401 -210.469 124.075 44 56 73
1785.735 -211.786 123.986 101 118 145
1793.310 -210.345 117.530 94 103 121
1793.387 -213.199 119.126 93 105 121
1727.127 -255.260 129.040 217 215 211
1727.121 -255.293 129.113 217 215 211
1797.223 -222.904 113.982 160 177 203
1726.807 -256.775 129.121 105 95 101
1727.828 -257.629 129.080 238 231 223
1727.215 -259.165 128.829 33 32 33
1758.984 -247.037 123.524 27 37 49
1771.905 -241.415 119.004 111 124 153
1767.124 -242.673 119.174 45 57 74
1761.848 -247.116 123.232 84 97 118
1761.845 -247.123 123.321 84 97 118
1752.964 -249.863 120.705 148 169 198
1754.726 -250.009 120.786 53 68 88
1751.052 -251.530 120.762 136 153 179
1749.400 -251.814 120.827 27 36 48
1748.813 -253.353 120.673 145 165 187
1747.279 -253.849 120.802 29 41 57
1747.312 -253.855 120.729 29 41 57
1746.517 -255.044 120.802 143 154 171
1745.106 -255.524 120.705 34 40 56
1733.106 -261.406 127.428 142 145 106
1762.598 -250.588 117.149 110 123 146
1759.924 -252.732 120.235 36 48 64
1759.953 -252.647 119.887 36 48 64
1755.251 -254.544 119.765 59 69 88
1753.845 -256.906 117.643 151 163 182
1753.851 -256.952 117.668 151 163 182
1781.283 -247.017 115.764 25 32 47
1780.281 -248.371 115.108 134 142 163
1763.370 -255.667 118.340 61 67 78
1775.578 -253.796 116.517 35 44 56
1713.254 -160.320 140.574 53 57 65
1720.198 -159.679 140.453 80 74 76
1719.790 -163.185 140.510 244 231 216
1715.948 -164.445 140.688 143 125 115
1723.383 -164.714 139.740 252 245 232
1721.674 -165.505 139.886 231 210 185
1715.680 -166.481 140.056 207 184 168
1715.086 -167.715 139.619 85 77 78
1722.705 -166.434 139.497 118 98 90
1716.614 -171.613 133.228 76 78 75
1710.681 -176.615 138.744 227 224 220
1709.926 -177.910 139.311 154 142 137
1709.926 -177.910 139.311 154 142 137
1711.939 -180.340 140.202 246 239 224
1710.222 -184.018 139.764 246 239 232
1717.935 -182.487 136.427 239 235 225
1703.588 -189.000 140.493 129 127 136
1703.581 -188.997 140.453 129 127 136
1704.533 -189.625 140.477 238 234 227
1702.449 -191.658 140.526 121 122 127
1718.245 -186.508 138.096 195 184 176
1712.311 -189.443 139.003 166 155 146
1706.457 -194.028 140.040 185 229 245
1709.838 -195.693 139.262 189 218 221
1704.740 -195.613 140.210 115 145 170
1704.736 -195.602 140.121 115 145 170
1698.434 -200.856 140.113 245 239 226
1715.703 -195.147 137.675 181 159 150
1715.703 -195.147 137.675 181 159 150
1713.264 -196.801 138.104 160 136 127
1704.136 -199.440 139.935 131 161 179
1703.098 -199.918 140.024 246 243 232
1757.299 -176.419 129.348 163 155 150
1756.430 -176.918 129.453 97 89 90
1713.845 -197.885 137.731 246 239 232
1711.821 -199.963 137.990 247 247 240
1697.623 -207.136 139.303 127 114 122
1697.623 -207.136 139.303 127 114 122
1695.799 -206.892 139.691 129 115 123
1759.045 -180.663 128.959 174 165 161
1711.828 -203.610 137.521 235 228 213
1709.660 -204.498 137.909 207 216 213
1760.760 -182.526 129.364 108 99 92
1703.517 -210.168 138.217 189 222 230
1698.287 -213.213 138.671 184 175 172
1698.254 -213.127 138.476 184 175 172
1770.391 -180.829 121.183 81 72 76
1702.463 -215.365 137.658 158 150 152
1702.478 -215.371 137.699 158 150 152
1709.416 -213.052 136.500 246 239 224
1709.331 -213.103 136.565 246 239 224
1707.758 -213.688 136.970 200 167 151
1709.557 -214.347 136.557 204 174 158
1709.557 -214.347 136.557 204 174 158
1691.781 -224.042 138.638 159 147 138
1702.496 -219.573 137.010 181 172 168
1702.500 -219.584 137.075 181 172 168
1696.835 -222.470 138.023 246 243 232
1696.835 -222.488 138.031 246 243 232
1703.599 -222.511 136.241 202 192 184
1769.959 -192.234 121.871 105 85 92
1778.545 -191.810 118.704 170 136 126
1776.751 -194.265 120.106 114 104 110
1789.015 -189.245 117.773 192 163 157
1777.638 -196.017 120.478 67 62 74
1774.958 -196.819 122.617 50 54 67
1783.811 -200.574 122.495 136 121 122
1800.587 -194.300 122.908 64 66 71
1791.615 -200.173 120.746 30 40 52
1787.999 -201.383 121.839 39 47 61
1804.932 -197.724 122.665 217 205 197
1804.437 -198.816 122.503 221 215 204
1792.967 -201.378 117.902 45 59 79
1789.009 -204.732 120.389 41 55 68
1783.511 -208.358 124.715 69 81 103
1796.346 -203.965 115.958 77 91 111
1785.608 -208.706 124.366 140 154 174
1787.365 -211.431 123.686 103 116 139
1794.534 -216.777 117.886 133 148 169
1794.587 -216.818 117.959 133 148 169
1735.794 -246.687 128.627 103 119 137
1736.548 -247.342 128.538 81 95 116
1736.580 -247.330 128.400 81 95 116
1740.115 -248.532 126.958 29 39 53
1737.485 -248.185 127.890 92 106 127
1737.927 -249.304 127.712 28 40 56
1733.779 -250.197 128.432 28 37 56
1728.747 -255.147 128.870 236 225 220
1724.921 -254.419 129.121 36 42 50
1735.158 -253.790 128.019 35 44 56
1769.208 -241.100 119.603 29 35 51
1759.945 -246.073 123.087 35 44 64
1755.914 -246.424 123.119 57 66 83
1753.316 -248.734 121.005 35 45 64
1737.253 -254.900 127.193 109 115 118
1738.182 -256.538 126.821 138 146 137
1769.560 -242.977 118.947 35 44 58
1767.868 -243.013 119.271 36 48 64
1764.582 -243.704 118.761 44 56 72
1764.562 -244.405 117.570 75 84 104
1753.168 -251.098 120.551 68 80 105
1751.620 -250.293 120.883 30 42 58
1751.651 -250.263 120.794 30 42 58
1743.900 -254.011 123.046 65 72 80
1741.220 -257.402 122.560 123 134 150
1752.210 -253.668 120.049 51 60 80
1750.177 -253.614 120.430 58 68 88
1763.465 -252.207 118.858 69 81 105
1754.092 -255.694 119.077 48 60 76
1751.497 -256.445 119.571 102 116 136
1751.435 -256.364 119.498 102 116 136
1743.634 -260.703 121.580 165 166 165
1744.150 -261.057 121.232 168 169 168
1771.493 -250.107 114.857 34 40 53
1766.748 -252.081 115.675 60 67 74
1762.416 -256.554 118.712 108 122 143
1751.486 -261.149 117.238 147 162 187
1746.325 -263.559 117.992 238 231 231
1787.364 -252.278 127.177 36 48 64
1764.380 -257.260 117.546 50 56 67
1763.990 -258.257 117.983 111 124 146
1755.510 -260.475 117.651 40 52 69
1756.058 -261.872 118.631 105 119 140
1750.742 -263.318 117.522 176 187 197
1747.946 -264.281 117.619 171 178 190
1761.248 -263.917 118.073 102 113 138
1756.417 -264.851 118.413 171 140 132
1757.281 -265.777 117.983 148 123 119
1754.680 -267.438 118.980 153 152 157
1751.678 -267.130 119.498 74 86 109
1753.951 -268.178 119.045 171 174 178
1751.770 -268.218 119.409 150 158 172
1761.504 -265.493 117.578 141 152 169
1715.821 -159.273 140.591 57 57 59
1721.444 -159.249 140.275 61 57 62
1718.195 -159.975 140.801 61 57 62
1715.074 -160.953 141.149 57 56 57
1714.312 -160.392 141.133 197 192 191
1714.857 -163.809 140.712 210 197 185
1722.442 -165.075 139.740 123 102 89
1717.550 -166.125 140.348 244 231 216
1716.033 -168.535 139.481 229 219 200
1716.174 -169.254 137.140 229 219 200
1717.161 -172.992 132.588 74 77 78
1708.143 -177.675 139.805 137 124 124
1708.186 -177.658 140.202 137 124 124
1717.394 -178.185 139.270 151 133 122
1716.427 -178.544 139.546 248 237 224
1710.241 -178.937 139.797 247 241 227
1710.727 -179.756 140.267 149 140 136
1710.751 -179.723 140.339 149 140 136
1719.763 -179.435 132.434 96 111 123
1719.920 -179.461 133.503 96 111 123
1711.262 -183.931 139.432 143 141 142
1710.732 -185.043 139.562 154 150 151
1709.443 -185.329 139.886 246 239 224
1719.832 -180.715 132.879 61 71 71
1719.684 -183.159 132.159 99 97 91
1717.202 -183.118 138.517 158 145 142
1717.201 -183.995 138.493 242 235 221
1713.138 -185.095 139.238 246 239 232
1714.631 -185.804 138.833 246 239 224
1712.256 -185.305 139.335 167 156 152
1709.251 -186.139 139.521 200 193 184
1708.153 -187.708 139.918 180 171 167
1709.526 -188.328 139.602 159 151 152
1709.526 -188.328 139.602 159 151 152
1710.250 -188.535 139.432 245 238 231
1710.250 -188.535 139.448 245 238 231
1704.053 -190.625 140.469 125 123 133
1722.142 -184.706 135.107 108 113 115
1715.308 -186.495 138.541 191 180 170
1715.308 -186.495 138.541 191 180 170
1711.813 -188.450 139.157 246 239 232
1711.805 -188.447 139.133 246 239 232
1713.243 -189.619 138.728 246 239 224
1710.960 -188.753 139.246 170 162 162
1699.460 -197.057 140.404 239 235 218
1721.073 -189.497 135.633 245 235 223
1716.175 -192.015 138.031 246 239 232
1713.237 -193.854 138.638 191 174 164
1713.234 -193.862 138.630 191 174 164
1710.998 -194.303 139.092 249 248 238
1703.870 -196.591 140.210 211 232 239
1700.097 -197.837 140.161 177 187 182
1699.831 -198.774 140.153 201 224 221
1699.521 -200.365 139.959 192 204 202
1713.133 -195.741 138.371 244 233 214
1712.511 -197.158 138.274 246 239 232
1711.108 -198.297 138.525 249 244 234
1704.842 -200.402 139.878 183 224 236
1755.775 -179.225 129.696 172 163 159
1755.047 -178.112 130.142 148 141 129
1696.740 -206.831 139.619 243 236 229
1696.726 -206.861 139.627 243 236 229
1695.149 -207.338 139.813 246 239 232
1761.136 -177.959 128.862 206 179 168
1756.813 -179.563 129.218 140 133 134
1708.621 -205.835 138.055 196 214 217
1695.047 -210.095 139.448 242 235 224
1767.247 -179.447 122.357 191 158 149
1763.124 -180.582 124.553 228 212 207
1707.103 -207.234 138.177 246 243 239
1704.778 -210.464 137.999 250 248 238
1702.931 -211.166 138.201 253 246 239
1699.124 -213.364 138.549 243 233 222
1699.136 -213.378 138.557 243 233 222
1696.102 -213.561 139.003 250 241 229
1769.609 -180.454 121.337 164 131 124
1710.125 -211.559 136.808 201 185 177
1706.974 -211.087 137.440 205 186 174
1701.292 -214.391 138.104 170 159 149
1701.291 -214.373 137.990 170 159 149
1701.625 -215.275 137.796 243 239 228
1699.577 -214.479 138.355 146 134 131
1697.040 -217.348 138.566 182 173 163
1697.032 -217.327 138.485 182 173 163
1697.787 -217.344 138.347 244 234 222
1697.799 -217.358 138.363 244 234 222
1771.135 -182.623 120.624 81 76 81
1769.010 -184.390 121.628 180 149 145
1704.152 -215.594 137.423 179 170 166
1703.312 -215.370 137.626 246 239 232
1702.283 -216.366 137.456 247 243 232
1700.497 -218.586 137.618 244 241 229
1700.490 -218.582 137.626 244 241 229
1700.940 -219.643 137.545 130 129 116
1700.932 -219.639 137.488 130 129 116
1699.655 -218.884 137.869 172 165 161
1695.571 -221.305 138.339 247 239 226
1696.629 -221.359 138.152 208 195 188
1693.844 -221.919 138.582 222 209 199
1693.832 -221.905 138.566 222 209 199
1771.833 -184.024 120.349 96 88 90
1772.556 -186.084 120.365 164 132 125
1767.209 -189.370 122.187 75 63 71
1709.968 -215.416 136.403 252 242 231
1695.369 -224.965 137.893 197 195 198
1774.301 -186.844 119.806 126 104 107
1771.305 -187.700 121.070 172 144 139
1768.050 -189.434 122.066 133 119 118
1708.168 -222.267 133.495 126 121 119
1697.016 -226.284 137.318 182 176 175
1696.260 -227.366 137.399 204 196 188
1694.244 -226.796 137.723 174 168 168
1773.847 -190.552 120.073 120 100 105
1771.040 -193.053 121.888 199 192 191
1771.040 -193.053 121.766 199 192 191
1782.759 -190.530 118.826 190 158 155
1787.785 -189.717 117.854 191 158 155
1792.853 -190.581 117.149 54 56 61
1791.234 -191.430 116.793 53 52 57
1789.764 -191.405 116.833 156 131 124
1790.221 -191.972 117.084 52 59 72
1788.538 -192.526 116.744 53 59 68
1775.425 -199.615 123.734 40 45 52
1775.132 -200.451 123.394 99 107 120
1774.831 -202.224 122.738 34 40 56
1784.100 -197.794 119.603 181 176 177
1800.884 -195.106 122.422 110 109 114
1797.302 -195.763 120.535 44 50 66
1792.927 -198.142 120.413 75 81 89
1791.850 -199.108 120.721 59 65 78
1791.871 -199.100 120.794 59 65 78
1788.149 -200.510 121.709 103 111 125
1788.163 -200.517 121.718 103 111 125
1783.578 -203.387 124.099 101 111 127
1795.438 -200.865 116.582 135 135 132
1791.984 -202.909 116.922 84 93 105
1791.987 -202.902 116.930 84 93 105
1791.092 -202.601 117.983 40 54 71
1790.536 -202.814 118.785 68 81 94
1785.842 -204.475 122.455 84 96 105
1784.389 -207.561 124.779 67 79 102
1799.084 -202.994 115.910 31 40 53
1792.043 -204.629 116.598 46 61 74
1789.019 -209.587 123.475 93 107 129
1797.469 -205.165 115.238 80 89 106
1793.379 -208.398 117.076 71 81 94
1790.994 -209.952 120.316 62 76 94
1797.688 -210.689 117.919 88 96 109
1796.666 -210.695 117.724 153 158 170
1795.981 -210.718 118.081 35 44 56
1794.571 -212.254 118.283 37 48 64
1798.173 -213.583 117.465 197 190 197
1796.687 -217.975 117.708 119 127 148
1734.412 -249.433 128.522 81 93 109
1727.558 -250.309 129.396 116 121 115
1729.763 -250.874 128.562 101 110 104
1723.855 -254.166 128.959 166 159 155
1722.422 -253.440 127.517 189 177 169
1740.102 -247.666 127.161 72 84 105
1739.200 -250.270 127.631 37 47 59
1737.020 -249.947 127.930 99 110 127
1738.426 -250.732 127.744 101 112 129
1738.488 -250.733 127.663 101 112 129
1736.174 -250.811 128.117 101 115 137
1729.847 -252.596 128.473 57 66 70
1725.139 -256.698 129.461 140 142 147
1741.525 -250.862 127.015 64 76 92
1739.905 -251.054 127.331 108 119 136
1739.898 -251.051 127.307 108 119 136
1734.484 -255.902 127.752 103 111 111
1731.429 -256.909 128.270 79 66 58
1728.338 -258.494 128.748 66 65 66
1725.006 -258.491 129.396 98 100 105
1725.966 -258.724 129.032 196 184 178
1757.080 -245.339 123.168 68 77 97
1728.156 -259.619 128.724 133 137 99
1730.196 -260.137 128.222 141 149 111
1729.981 -261.017 128.108 115 119 84
1771.020 -241.889 119.093 52 65 81
1771.006 -241.901 119.118 52 65 81
1759.400 -248.233 124.091 52 63 80
1751.456 -252.552 120.478 51 60 80
1775.056 -242.303 118.526 55 67 86
1754.536 -253.800 119.911 59 69 88
1750.178 -254.767 120.195 90 102 127
1748.895 -254.462 120.584 63 78 99
1748.284 -257.169 119.871 103 114 129
1743.377 -256.758 120.754 52 61 76
1743.256 -258.087 121.183 189 190 190
1737.602 -261.963 123.176 148 150 155
1763.939 -250.485 116.558 68 77 89
1761.376 -252.039 119.628 46 58 75
1760.387 -253.683 119.547 126 142 167
1747.708 -258.243 120.300 143 145 151
1746.749 -261.513 120.511 159 157 160
1787.304 -247.534 124.496 93 104 127
1779.577 -248.838 115.586 28 34 49
1773.953 -251.592 116.760 44 53 73
1762.774 -255.570 118.688 63 72 88
1763.418 -256.415 118.405 58 64 77
1755.317 -259.316 116.979 133 149 168
1748.522 -260.458 118.170 72 75 86
1748.450 -261.455 117.846 213 218 229
1746.495 -262.482 121.118 212 203 199
1747.690 -263.422 117.489 215 219 222
1773.025 -252.500 116.785 56 66 85
1771.851 -253.245 116.493 48 59 75
1770.653 -254.582 116.906 47 58 74
1756.761 -261.130 118.170 52 65 88
1750.602 -266.660 119.806 93 105 121
1766.732 -260.781 116.841 42 48 61
1764.179 -262.154 117.498 74 90 111
1759.832 -262.976 118.299 80 92 114
1757.665 -268.120 117.773 148 103 101
1756.877 -267.042 118.332 148 103 100
1710.698 -157.976 140.510 78 81 87
1720.133 -158.869 140.348 175 173 163
1720.133 -158.869 140.348 175 173 163
1718.503 -159.146 140.582 166 159 156
1716.448 -159.818 141.247 207 201 201
1716.409 -159.845 141.077 207 201 201
1715.077 -160.129 140.996 203 197 196
1715.084 -160.133 140.996 203 197 196
1722.038 -163.034 140.178 243 232 221
1720.909 -163.240 140.469 207 184 167
1725.369 -163.080 139.570 230 214 193
1725.348 -163.107 139.643 230 214 193
1724.026 -163.768 139.675 191 174 164
1720.595 -164.741 140.210 137 108 102
1721.147 -166.450 140.007 153 128 119
1721.108 -166.477 139.813 153 128 119
1719.554 -165.208 140.380 127 98 92
1718.031 -165.382 140.477 207 193 182
1716.764 -166.316 140.161 135 106 100
1716.180 -167.350 139.821 129 106 95
1713.492 -171.855 139.149 107 98 98
1715.769 -171.938 133.228 98 95 94
1708.725 -175.132 137.602 73 80 90
1706.386 -177.061 141.117 207 195 185
1717.300 -172.123 132.831 136 135 130
1716.588 -173.464 132.904 113 115 106
1716.588 -173.464 132.904 113 115 106
1709.723 -176.117 138.574 181 185 185
1712.309 -177.358 139.343 164 157 155
1717.238 -177.300 138.825 224 205 190
1717.238 -177.300 138.825 224 205 190
1704.903 -181.925 140.866 230 220 201
1704.903 -181.925 140.866 230 220 201
1708.402 -182.968 140.275 175 163 153
1704.630 -184.011 140.712 195 187 182
1718.729 -179.906 134.378 133 140 144
1708.807 -183.671 140.064 244 238 225
1706.578 -185.171 140.445 225 216 206
1706.575 -185.178 140.429 225 216 206
1709.172 -184.464 139.951 145 137 135
1709.172 -184.464 139.943 145 137 135
1706.827 -187.161 140.145 209 200 188
1720.557 -182.014 132.353 100 109 97
1719.903 -182.388 132.329 169 164 154
1714.139 -184.937 139.052 161 149 141
1709.460 -186.924 139.716 243 236 229
1707.687 -187.163 140.145 244 235 223
1709.060 -187.783 139.740 243 236 229
1708.935 -189.279 139.667 247 240 231
1704.367 -191.333 140.939 244 240 230
1701.754 -189.735 140.704 112 110 105
1701.736 -189.754 140.599 112 110 105
1714.835 -189.787 138.501 251 244 232
1714.058 -189.920 138.606 199 191 186
1714.058 -189.920 138.606 199 191 186
1711.235 -189.549 139.116 244 237 231
1709.408 -191.600 139.594 252 245 231
1702.856 -192.575 140.534 172 163 158
1702.856 -192.575 140.534 172 163 158
1701.203 -194.774 140.461 232 222 203
1714.924 -190.483 138.379 199 190 184
1710.616 -192.971 139.214 249 243 232
1710.251 -194.467 139.351 189 218 221
1703.569 -197.486 140.194 154 187 199
1697.275 -200.988 139.910 217 204 184
1754.389 -176.843 130.401 114 106 103
1720.927 -190.265 136.046 190 179 168
1720.810 -191.941 136.905 190 180 168
1720.837 -191.980 136.994 190 180 168
1716.095 -192.892 137.926 191 187 182
1716.095 -192.892 137.926 191 187 182
1714.512 -195.273 138.071 236 223 208
1713.819 -195.275 138.225 196 175 164
1714.222 -196.022 138.031 234 221 205
1714.005 -196.590 137.901 231 218 202
1711.072 -196.925 138.792 231 221 203
1704.647 -198.391 140.566 183 223 235
1704.801 -198.921 140.113 182 223 235
1757.780 -175.658 129.315 68 66 74
1758.631 -177.650 129.170 147 135 130
1756.566 -178.185 129.429 162 151 143
1704.479 -201.916 139.975 195 233 239
1700.827 -204.582 139.254 148 177 186
1701.670 -205.196 139.529 184 225 237
1698.567 -206.510 139.254 243 236 229
1698.196 -207.702 139.262 243 236 229
1696.512 -208.299 139.513 240 233 227
1696.126 -208.828 139.756 125 113 119
1760.293 -177.761 128.959 54 63 79
1760.293 -177.761 128.959 54 63 79
1759.605 -178.190 128.927 178 159 151
1756.538 -180.300 129.502 202 186 174
1707.667 -206.563 138.185 194 219 223
1696.196 -209.506 139.343 229 219 215
1763.554 -179.159 124.326 164 130 125
1763.625 -180.015 124.366 155 126 124
1761.774 -182.579 128.789 207 189 176
1701.099 -210.085 139.116 177 194 197
1699.917 -213.176 138.420 204 196 191
1697.517 -213.668 138.849 236 233 221
1696.820 -213.641 138.898 183 175 170
1697.874 -214.261 138.622 184 175 172
1695.396 -214.967 138.987 232 223 211
1763.974 -181.820 124.059 136 123 109
1764.361 -183.340 123.734 146 115 113
1708.597 -211.286 137.342 197 176 164
1709.212 -212.234 136.921 213 192 177
1707.124 -211.827 137.310 243 232 221
1707.263 -213.086 137.245 245 235 223
1702.049 -214.223 137.974 246 237 225
1702.052 -214.197 137.942 246 237 225
1700.383 -214.758 138.120 246 239 232
1700.771 -215.401 137.901 202 194 189
1698.947 -214.260 138.525 229 219 215
1696.543 -216.533 138.663 244 237 230
1696.209 -217.483 138.598 238 231 223
1692.018 -218.233 139.303 184 175 171
1692.018 -218.233 139.303 184 175 171
1687.186 -219.070 132.790 152 147 145
1771.415 -181.737 120.697 127 118 121
1770.398 -182.366 121.118 170 138 125
1771.900 -182.857 120.405 123 114 116
1770.776 -183.270 120.810 167 135 133
1765.005 -185.498 123.491 88 69 65
1709.951 -212.288 136.759 244 236 222
1704.869 -215.398 137.302 246 240 232
1702.802 -218.646 137.156 201 193 188
1702.802 -218.646 137.156 201 193 188
1701.311 -218.390 137.529 193 190 186
1702.070 -218.816 137.302 243 236 229
1699.744 -219.740 137.764 236 233 221
1698.453 -218.199 139.035 146 139 138
1698.453 -218.199 139.035 146 139 138
1697.399 -220.345 138.112 223 215 204
1697.399 -220.345 138.112 223 215 204
1694.267 -222.701 138.379 168 152 152
1694.282 -222.708 138.452 168 152 152
1693.702 -223.114 138.452 215 201 199
1693.096 -223.519 138.525 150 136 131
1692.087 -222.777 138.825 145 128 125
1766.186 -187.646 123.005 88 73 80
1766.883 -187.753 122.681 151 126 124
1700.830 -220.445 137.504 243 236 229
1694.514 -223.441 138.395 199 187 192
1693.081 -224.248 138.582 186 173 178
1780.959 -185.791 121.288 215 206 202
1695.643 -228.013 137.221 177 170 168
1694.322 -228.711 138.314 179 173 169
1694.229 -228.581 137.326 179 173 169
1781.082 -186.511 121.167 151 122 124
1701.257 -225.423 131.527 124 117 113
1698.195 -227.819 137.002 200 193 184
1776.803 -191.442 118.785 157 127 126
1779.838 -192.270 118.137 165 137 128
1779.500 -192.891 118.583 90 78 87
1773.868 -194.826 121.037 57 56 57
1772.418 -197.168 123.905 47 56 69
1785.516 -192.502 117.279 168 134 128
1782.257 -193.170 118.129 78 74 84
1781.056 -192.582 118.170 164 137 131
1780.430 -192.933 118.275 89 79 89
1779.815 -196.365 119.984 110 111 116
1794.000 -191.748 117.335 73 72 79
1787.252 -193.603 116.849 98 100 105
1784.877 -197.085 119.450 77 81 92
1778.291 -200.705 123.127 46 52 68
1787.201 -196.843 118.988 63 62 63
1786.330 -196.987 119.198 61 60 62
1777.224 -201.986 123.176 35 44 56
1777.201 -203.492 122.762 35 44 56
1777.555 -203.951 122.090 97 108 125
1802.557 -195.133 122.746 128 125 131
1801.744 -195.365 122.422 58 60 73
1801.744 -195.365 122.422 58 60 73
1798.906 -196.043 121.758 52 58 67
1791.050 -199.709 120.997 55 65 77
1786.950 -200.535 121.936 126 127 128
1786.939 -200.539 121.888 126 127 128
1785.839 -203.587 122.706 81 94 103
1782.331 -203.400 123.613 45 55 72
1778.603 -205.003 119.879 48 58 74
1804.740 -196.601 122.933 162 152 150
1805.911 -196.759 122.762 216 201 189
1803.025 -198.622 121.871 154 141 134
1801.285 -198.707 122.479 121 120 122
1792.315 -202.126 117.676 46 60 74
1786.791 -203.798 121.985 48 66 75
1804.448 -200.266 120.600 102 115 100
1795.559 -202.027 115.934 101 109 112
1788.388 -205.928 119.668 115 125 144
1788.582 -205.970 120.276 115 125 144
1786.750 -209.765 124.034 89 99 120
1797.233 -204.741 115.837 44 60 77
1790.375 -208.594 121.612 93 106 128
1787.884 -212.256 123.378 82 99 124
1798.510 -210.514 117.659 189 186 189
1794.047 -210.185 116.744 55 64 84
1797.308 -211.442 118.000 189 184 191
1798.195 -212.697 117.789 155 153 162
1795.410 -212.379 118.008 84 91 107
1793.833 -215.623 118.089 150 160 178
1793.671 -216.446 118.105 82 98 122
1730.999 -250.626 128.303 145 152 165
1729.155 -251.561 128.651 63 69 48
1727.809 -251.955 128.870 79 81 71
1727.023 -252.527 129.040 84 86 76
1726.610 -253.274 129.089 82 79 70
1722.479 -252.676 127.582 110 108 87
1733.573 -252.233 128.376 90 102 118
1734.288 -252.419 128.351 85 97 113
1728.150 -253.082 128.740 68 72 70
1729.133 -253.582 128.611 99 101 106
1727.653 -252.745 128.967 203 200 189
1727.660 -252.748 128.991 203 200 189
1727.170 -253.550 129.040 187 184 180
1727.170 -253.550 129.040 187 184 180
1725.782 -254.040 129.437 148 145 139
1726.382 -254.564 129.275 65 61 58
1725.007 -255.779 129.631 106 108 115
1737.849 -251.131 127.841 28 40 56
1738.263 -253.967 127.388 65 74 86
1736.923 -254.168 127.412 52 61 77
1732.602 -253.796 128.441 113 115 119
1733.218 -256.455 127.946 111 116 90
1729.759 -255.722 128.651 110 98 89
1729.742 -255.759 128.740 110 98 89
1727.699 -256.206 129.000 146 134 131
1727.699 -256.206 129.000 146 134 131
1729.288 -258.093 128.635 62 63 53
1724.973 -257.289 129.186 140 142 140
1762.151 -244.085 122.657 94 108 130
1757.996 -245.631 123.078 51 62 78
1757.520 -252.415 120.098 77 91 117
1752.252 -271.198 119.053 185 186 191
1721.173 -159.918 139.886 216 206 189
1717.702 -161.422 140.939 205 196 191
1723.249 -160.851 140.105 243 235 223
1721.734 -160.451 140.388 183 171 161
1716.227 -162.982 141.044 245 235 223
1720.169 -165.101 140.258 180 149 138
1717.338 -170.384 133.511 106 104 99
1710.736 -178.164 138.250 155 147 149
1711.932 -179.619 140.315 176 157 149
1708.128 -181.791 140.777 213 204 192
1719.008 -180.296 133.608 84 90 88
1712.743 -184.289 139.505 178 168 161
1712.743 -184.289 139.505 178 168 161
1709.694 -183.091 140.242 165 154 144
1709.694 -183.091 140.242 165 154 144
1720.250 -181.389 132.555 130 132 130
1718.312 -181.280 133.843 126 126 126
1716.662 -182.576 138.250 228 212 200
1718.580 -184.583 137.901 230 227 223
1717.911 -184.312 138.177 179 165 161
1702.331 -190.568 140.987 189 182 185
1716.677 -187.264 138.306 211 200 190
1716.677 -187.264 138.306 211 200 190
1699.800 -194.522 141.166 244 241 232
1700.110 -196.593 140.801 206 210 202
1720.224 -188.817 137.480 244 233 222
1715.694 -190.427 138.023 237 233 221
1717.894 -191.300 137.739 247 239 231
1714.402 -190.720 138.857 245 238 231
1709.777 -192.704 139.440 186 204 207
1701.075 -197.811 140.712 239 235 221
1716.945 -192.517 137.780 177 169 162
1755.794 -178.347 129.728 118 109 105
1695.691 -207.952 140.032 202 193 192
1694.825 -208.444 140.461 225 216 204
1697.270 -208.468 139.951 170 158 161
1697.595 -209.172 139.270 245 238 231
1763.477 -181.244 124.277 220 206 201
1697.754 -212.559 138.954 246 243 232
1708.680 -211.997 137.472 241 229 218
1708.371 -212.790 137.480 243 232 221
1698.814 -217.207 138.792 215 207 199
1695.410 -218.280 139.019 242 239 228
1696.616 -218.401 138.582 176 160 151
1691.320 -218.348 140.121 241 234 226
1771.756 -186.207 120.324 135 107 104
1771.756 -186.207 120.324 135 107 104
1770.017 -186.071 121.070 181 150 147
1770.017 -186.071 121.070 181 150 147
1703.231 -219.315 137.723 243 237 229
1701.621 -219.547 137.278 243 236 229
1697.233 -224.164 138.687 233 224 218
1779.218 -185.717 121.685 120 109 118
1772.183 -188.614 120.827 170 140 135
1704.553 -221.783 136.605 244 238 224
1703.470 -224.236 135.885 235 230 221
1697.865 -225.473 137.407 204 197 194
1695.491 -227.041 137.934 170 163 168
1695.492 -227.059 137.999 170 163 168
1693.533 -226.799 138.217 213 205 198
1719.779 -211.104 108.668 236 230 220
1693.973 -228.360 138.776 219 210 197
1715.252 -218.682 110.005 239 241 236
1722.302 -195.399 90.638 225 230 228
1715.696 -212.727 92.922 237 238 238
1715.696 -212.727 92.922 237 238 238
1706.173 -225.094 134.702 152 149 134
1711.946 -183.970 35.226 118 144 162
1706.128 -188.951 -4.683 238 239 239
1703.947 -194.249 -1.492 238 227 221
1703.569 -195.216 -0.592 209 176 168
1780.422 -193.470 118.745 112 102 108
1701.756 -201.280 -5.857 231 207 195
1778.070 -196.918 119.871 117 120 127
1700.015 -198.997 -9.511 235 216 206
1778.159 -196.958 120.462 117 120 127
1700.735 -222.114 134.807 174 163 155
1706.211 -227.061 115.853 143 103 98
1782.591 -197.140 119.798 59 61 67
1706.346 -223.291 103.768 237 240 238
1776.635 -201.795 123.378 75 86 102
1706.424 -223.335 103.800 237 240 238
1778.258 -203.767 121.969 45 54 58
1699.416 -222.130 68.897 235 237 232
1719.165 -168.174 51.134 238 241 239
1699.357 -218.716 60.101 238 241 239
1794.692 -197.403 120.924 84 89 98
1789.293 -201.286 121.442 64 82 82
1715.552 -193.892 47.084 104 102 104
1708.975 -173.177 31.532 238 240 237
1711.395 -182.935 33.671 238 241 239
1710.147 -199.581 36.433 202 163 153
1694.498 -216.766 36.473 238 239 239
1708.293 -172.697 28.057 238 241 239
1807.363 -197.423 122.422 169 162 161
1706.866 -207.128 35.752 238 239 239
1801.235 -197.027 122.163 114 116 122
1693.702 -214.949 26.332 238 239 239
1794.666 -201.843 117.271 106 111 120
1693.045 -215.906 26.534 238 239 239
1805.276 -199.242 120.584 79 91 77
1803.479 -201.386 120.875 73 84 91
1709.915 -190.762 11.890 230 224 218
1795.765 -203.298 116.631 52 65 79
1709.989 -192.187 14.133 238 236 228
1792.609 -203.516 116.647 45 59 73
1707.987 -186.906 7.783 116 142 156
1790.833 -204.817 117.894 57 75 77
1707.724 -186.142 5.604 238 241 239
1786.095 -209.225 124.018 77 88 105
1702.497 -204.057 8.690 238 241 239
1800.080 -204.262 115.400 27 36 48
1797.983 -204.250 115.529 68 80 96
1707.436 -185.695 2.477 238 241 239
1799.179 -206.006 115.513 27 36 48
1798.588 -205.761 114.800 60 69 83
1702.698 -195.759 -5.104 238 239 239
1796.098 -206.035 114.808 63 72 85
1730.153 -200.410 -24.868 231 210 199
1796.131 -206.041 114.905 63 72 85
1729.963 -174.888 115.869 234 241 239
1790.008 -208.981 122.179 71 83 107
1706.991 -223.596 107.186 238 240 239
1790.008 -208.981 122.179 71 83 107
1801.397 -206.541 118.356 32 41 54
1716.421 -212.651 90.703 99 112 122
1797.512 -210.008 117.838 179 188 195
1702.786 -222.327 86.985 238 241 239
1792.661 -213.336 119.741 47 57 70
1721.236 -204.465 78.909 229 199 190
1798.552 -211.357 117.951 188 185 188
1707.920 -214.877 73.020 238 241 239
1798.834 -212.476 117.878 193 188 194
1794.177 -214.073 118.251 82 92 107
1699.945 -217.436 58.100 235 221 212
1704.649 -212.029 50.421 187 217 223
1728.204 -252.423 128.797 210 208 196
1710.231 -173.861 38.328 238 241 239
1716.674 -254.462 122.973 109 114 122
1710.715 -200.853 42.305 236 239 236
1710.463 -204.705 42.005 238 236 239
1712.487 -196.056 39.341 237 233 233
1703.073 -210.370 36.011 234 238 237
1737.043 -250.693 128.198 29 41 57
1694.249 -215.414 29.791 238 241 244
1736.991 -250.670 128.052 29 41 57
1694.305 -213.594 24.234 228 218 214
1726.928 -254.213 128.910 194 192 188
1707.848 -186.800 6.608 97 123 142
1720.809 -257.243 128.360 156 154 156
1706.515 -193.220 4.826 137 160 164
1723.212 -257.462 127.477 61 70 82
1730.130 -199.664 -25.970 216 190 176
1721.340 -256.966 127.590 140 132 134
1707.555 -248.736 129.485 59 61 66
1707.392 -223.252 106.311 95 112 126
1722.139 -195.149 91.602 228 233 231
1723.413 -206.906 92.679 240 239 237
1714.659 -175.167 65.018 167 178 174
1720.169 -205.887 75.596 237 241 239
1718.398 -196.064 65.131 179 184 180
1719.337 -204.231 68.760 243 239 234
1718.552 -206.134 68.638 238 241 239
1800.065 -221.899 113.512 47 58 74
1719.570 -169.214 54.155 143 188 196
1740.416 -250.545 127.290 37 46 66
1695.809 -215.275 36.254 236 240 242
1735.178 -254.641 127.704 51 60 75
1708.732 -174.718 28.770 128 134 142
1725.778 -257.691 129.145 135 131 131
1706.331 -171.965 13.979 147 164 165
1709.336 -167.646 8.075 234 233 228
1701.771 -203.894 7.232 238 236 239
1761.648 -243.382 122.754 89 102 124
1707.616 -185.251 3.101 190 193 195
1760.142 -243.838 123.078 56 69 84
1757.885 -246.637 123.329 83 95 111
1703.214 -195.217 -6.497 69 68 69
1757.684 -247.567 123.799 28 40 54
1739.254 -255.703 126.812 77 84 89
1736.912 -211.178 132.588 238 239 233
1730.264 -258.190 128.270 123 125 87
1730.573 -258.691 128.108 106 107 74
1725.007 -209.398 124.237 239 238 233
1730.583 -258.749 128.214 106 107 74
1725.578 -208.375 106.238 237 238 238
1723.868 -201.540 96.211 169 176 168
1724.380 -207.540 98.211 234 229 224
1701.182 -223.359 82.757 218 221 214
1796.177 -229.735 115.481 74 85 101
1715.690 -176.017 71.813 161 177 174
1763.310 -246.321 117.870 54 66 89
1719.850 -203.874 72.105 225 198 188
1719.332 -204.858 70.356 200 214 214
1708.575 -214.522 72.956 237 240 243
1720.062 -202.124 68.825 238 241 239
1706.589 -214.701 66.808 149 135 136
1710.493 -173.233 41.730 237 238 232
1712.529 -183.556 40.191 238 239 239
1752.729 -254.733 119.636 87 102 125
1711.132 -200.374 41.779 64 63 73
1746.919 -255.932 120.567 78 88 107
1710.265 -205.468 41.868 237 235 238
1738.382 -261.964 122.576 101 103 114
1711.622 -196.425 35.299 163 177 182
1736.994 -262.969 122.617 169 162 158
1703.979 -210.267 39.592 214 190 180
1701.656 -211.361 36.538 207 206 202
1778.688 -244.204 116.833 113 127 152
1711.295 -187.661 25.303 200 214 216
1772.432 -245.807 116.161 66 76 87
1772.457 -245.890 116.372 66 76 87
1710.910 -187.410 23.384 199 212 215
1767.145 -247.825 113.488 59 68 80
1709.334 -186.291 16.312 166 146 141
1750.966 -257.956 118.842 74 88 108
1710.580 -191.457 18.183 170 188 182
1749.646 -258.609 119.093 89 101 125
1703.316 -204.209 15.851 164 187 189
1690.981 -214.508 15.259 237 240 237
1705.920 -170.479 8.804 180 183 184
1712.212 -174.769 -10.248 227 195 184
1774.970 -250.661 116.153 43 49 66
1709.435 -185.406 -5.477 130 121 120
1768.904 -254.070 117.173 38 50 66
1707.419 -186.290 -7.599 94 75 86
1762.665 -256.293 118.858 116 130 151
1709.013 -175.641 -19.490 223 194 184
1758.257 -258.506 119.207 54 67 83
1708.577 -177.735 -16.582 227 196 183
1751.477 -261.925 117.125 139 155 181
1729.691 -200.471 -26.302 227 226 225
1779.990 -249.722 115.448 33 42 55
1764.902 -258.618 116.963 46 56 72
1745.348 -264.977 117.295 239 239 239
1745.564 -266.483 117.854 208 209 208
1727.572 -192.585 130.125 210 226 222
1723.161 -167.302 139.351 245 237 228
1719.809 -178.994 135.074 64 78 85
1721.409 -193.902 90.662 230 204 193
1764.693 -260.760 117.206 96 109 126
1724.331 -196.559 103.023 217 229 229
1755.406 -265.607 118.437 162 122 122
1709.321 -184.885 15.956 238 215 204
1707.692 -184.204 8.941 239 214 204
1721.052 -192.910 87.155 236 209 200
1709.121 -182.925 -4.116 228 190 180
1701.141 -199.215 -7.243 204 204 200
1707.921 -202.926 -25.694 242 235 222
1706.611 -188.980 -2.917 138 148 164
1725.748 -208.034 -20.170 242 235 228
1702.440 -197.036 -3.533 217 218 216
1720.927 -209.222 -19.700 112 114 127
1717.107 -187.412 69.084 102 100 108
1709.574 -190.450 -15.764 156 147 153
1722.162 -184.901 106.724 219 171 161
1721.118 -204.572 -18.817 83 85 90
1724.852 -197.022 107.632 238 239 235
1721.022 -204.946 -19.028 83 85 90
1704.399 -230.812 90.962 130 144 149
1695.098 -221.253 0.428 141 140 156
1719.655 -181.869 82.959 218 168 158
1707.534 -200.510 -13.949 218 192 183
1695.340 -225.369 38.571 238 241 239
1731.795 -197.081 -20.089 245 236 225
1708.168 -175.008 27.174 230 225 219
1720.793 -201.856 -18.186 238 232 220
1691.019 -222.647 11.663 237 240 236
1711.607 -210.002 -16.558 54 53 59
1718.587 -189.187 -14.784 230 220 213
1708.867 -180.888 -6.838 236 217 209
1718.361 -189.176 -15.691 230 220 213
1724.306 -181.599 121.766 158 140 136
1709.540 -194.789 -15.658 239 226 212
1724.218 -181.578 121.620 158 140 136
1730.827 -193.201 -19.490 238 235 223
1723.922 -181.526 118.235 196 186 176
1713.194 -204.963 -16.128 107 67 98
1725.698 -205.059 118.656 159 147 146
1709.722 -211.627 -17.214 153 149 156
1721.560 -182.389 105.728 229 236 233
1709.713 -211.668 -16.898 153 149 156
1723.247 -190.251 104.748 238 236 229
1713.067 -201.705 52.163 234 229 219
1701.664 -186.033 -13.528 115 57 75
1715.344 -190.696 50.421 230 231 227
1701.989 -189.006 -13.901 179 120 117
1711.525 -190.929 25.230 234 224 211
1720.100 -182.662 -16.428 146 150 160
1691.614 -222.646 15.049 238 241 239
1701.764 -192.559 -14.500 233 203 191
1690.338 -218.461 5.207 230 218 212
1699.698 -195.168 -14.460 170 108 109
1724.123 -182.547 121.952 237 232 222
1726.825 -186.356 -17.586 248 229 219
1722.445 -182.234 110.507 159 166 163
1717.104 -195.683 -16.396 200 185 177
1722.474 -183.523 110.345 175 155 143
1710.962 -196.973 -18.072 199 139 135
1722.243 -182.827 109.300 229 239 239
1731.659 -191.709 -19.312 124 76 90
1732.660 -193.644 -19.595 125 74 92
1722.287 -195.773 93.570 238 239 239
1730.807 -198.920 -22.422 130 99 114
1722.939 -199.327 90.435 228 224 216
1719.128 -207.348 -20.972 247 247 242
1712.580 -177.327 52.730 110 101 107
1719.177 -207.378 -20.721 247 247 242
1710.716 -204.835 45.359 237 237 237
1728.651 -207.527 -20.591 247 247 240
1691.522 -224.086 14.919 237 241 239
1735.050 -204.586 -27.201 189 193 202
1690.917 -219.649 8.520 239 241 238
1724.099 -212.274 -20.146 94 52 71
1705.266 -173.362 8.755 230 224 220
1702.857 -194.526 -5.096 239 239 239
1701.590 -202.509 -5.096 137 128 135
1704.858 -187.163 -14.281 230 204 195
1721.913 -191.812 137.091 238 236 229
1700.928 -201.665 -15.164 242 217 203
1699.660 -201.766 -14.800 176 123 130
1724.224 -183.256 121.094 181 176 171
1726.617 -193.197 -18.267 84 112 149
1722.180 -181.992 108.531 172 201 204
1720.076 -200.082 -18.186 238 231 223
1722.037 -183.231 108.239 198 201 194
1716.942 -201.764 -19.465 231 204 195
1726.214 -206.548 106.303 238 241 239
1715.275 -203.079 -15.966 95 68 88
1721.990 -189.470 95.854 222 225 221
1710.180 -206.157 -14.589 220 199 189
1699.612 -225.214 76.155 131 143 145
1734.778 -194.383 -20.000 247 224 219
1698.523 -223.975 68.865 233 239 239
1720.485 -202.588 -18.331 239 239 232
1700.836 -229.713 69.942 124 152 158
1702.600 -209.361 -24.990 178 183 191
1714.659 -175.167 65.018 167 178 174
1699.194 -210.061 -24.026 225 224 221
1715.130 -190.938 49.555 212 165 153
1729.508 -200.026 -22.487 129 99 110
1711.376 -197.956 38.263 168 159 160
1701.264 -210.947 -25.071 210 213 218
1719.064 -208.826 -20.794 32 33 45
1719.053 -208.831 -20.834 32 33 45
1712.788 -213.223 -18.566 217 199 197
1722.582 -210.623 -19.052 150 150 158
1690.068 -217.454 18.937 154 167 166
1713.771 -214.122 -18.753 93 58 73
1713.766 -214.155 -18.680 93 58 73
1715.716 -214.296 -19.052 110 58 84
1715.739 -214.262 -19.093 110 58 84
1720.339 -216.656 -20.146 116 73 93
1720.360 -216.550 -20.154 116 73 93
1690.147 -219.209 4.462 240 227 221
1704.987 -195.856 5.985 159 115 114
1708.163 -188.882 1.821 237 233 228
1719.893 -183.146 132.426 107 105 98
1713.692 -240.766 116.574 187 191 193
1713.493 -168.247 6.244 254 247 240
1715.981 -216.409 108.717 185 172 166
1706.815 -173.209 6.244 254 247 239
1711.716 -239.390 105.663 107 105 115
1724.180 -181.862 -16.825 78 53 65
1724.547 -196.948 109.762 192 181 173
1720.038 -183.538 -16.331 141 145 153
1709.524 -237.563 92.930 88 105 129
1701.117 -191.623 -14.330 191 131 129
1701.203 -191.689 -14.281 191 131 129
1721.989 -189.611 96.875 222 225 221
1713.358 -189.262 -15.788 245 242 232
1723.556 -200.151 96.105 154 162 160
1697.339 -195.528 -13.812 132 67 76
1700.112 -225.543 79.492 162 178 175
1719.951 -186.621 -16.736 205 206 212
1700.313 -223.141 79.679 163 182 182
1701.052 -195.532 -14.784 243 226 216
1700.313 -223.141 79.679 163 182 182
1700.926 -197.648 -14.654 235 213 202
1720.243 -187.637 84.676 238 236 233
1700.220 -197.183 -14.541 160 86 88
1698.297 -223.946 69.375 186 198 198
1722.645 -189.850 -11.527 170 152 150
1705.427 -195.901 -13.139 246 239 232
1695.891 -226.661 41.301 35 31 36
1705.479 -195.826 -12.880 246 239 232
1711.622 -196.425 35.299 164 178 182
1723.184 -190.631 -11.568 197 182 181
1692.921 -216.365 29.045 181 195 194
1723.184 -190.631 -11.568 197 182 181
1714.582 -197.087 -19.060 244 221 210
1712.824 -197.271 -18.817 184 127 125
1710.406 -203.677 -14.371 221 212 200
1716.518 -201.620 -16.258 139 97 112
1711.798 -206.824 -14.816 145 108 115
1712.559 -206.250 -16.039 242 229 218
1702.757 -207.914 -24.852 126 132 142
1721.968 -204.356 -18.396 92 89 96
1716.151 -208.061 -12.467 120 106 130
1708.401 -171.379 28.082 237 234 231
1710.330 -210.480 -16.055 156 154 164
1707.778 -199.324 25.093 238 238 234
1715.451 -209.692 -13.099 114 109 122
1715.445 -209.707 -13.075 114 109 122
1717.487 -209.561 -13.682 246 239 232
1694.401 -223.177 -0.916 247 247 240
1696.123 -224.148 -1.386 228 212 200
1696.134 -224.144 -1.402 228 212 200
1723.734 -210.267 -19.295 241 233 227
1716.966 -213.558 -19.158 248 220 208
1689.704 -218.311 14.951 234 239 239
1709.181 -185.798 13.639 231 220 216
1708.404 -199.532 10.415 127 129 129
1705.103 -173.271 7.289 238 223 213
1708.155 -188.400 7.864 138 123 130
1707.840 -184.846 3.741 233 223 212
1707.438 -187.921 3.757 118 112 126
1706.797 -191.191 1.360 124 145 158
1706.797 -191.191 1.360 124 145 158
1706.056 -191.801 1.821 238 240 238
1701.769 -202.048 -6.433 60 41 49
1701.067 -202.011 -8.547 91 68 77
1713.378 -166.653 6.536 246 242 231
1698.039 -213.492 -11.568 234 218 208
1714.709 -169.418 1.781 253 243 232
1708.483 -177.746 -14.136 236 227 216
1723.436 -169.712 3.701 123 120 137
1734.550 -190.913 36.117 142 154 177
1724.904 -173.744 2.761 53 29 48
1731.983 -191.738 -12.710 157 157 171
1724.892 -173.730 2.785 53 29 48
1772.473 -245.755 116.112 74 83 95
1724.448 -174.410 3.401 240 229 220
1732.164 -188.325 22.225 29 37 54
1723.580 -174.148 3.547 100 88 99
1728.418 -169.536 28.819 175 190 207
1723.633 -174.925 3.620 238 231 231
1749.475 -199.987 122.957 130 140 153
1705.652 -181.655 -13.561 137 65 75
1754.143 -208.441 -6.303 155 153 163
1704.648 -182.636 -13.625 132 61 68
1761.398 -213.036 37.097 106 114 128
1704.644 -182.625 -13.674 132 61 68
1725.476 -180.046 -3.492 94 75 95
1711.450 -181.080 -20.867 181 183 188
1719.278 -177.995 -16.801 165 116 140
1706.871 -182.384 -13.779 251 232 216
1771.038 -194.452 121.572 49 50 64
1704.487 -183.397 -13.642 245 238 231
1732.112 -172.112 49.692 41 49 62
1708.930 -184.152 -14.581 188 169 167
1747.193 -200.354 12.764 42 48 65
1703.044 -186.479 -13.131 150 99 104
1737.052 -200.627 -25.297 96 71 107
1723.767 -179.763 -16.404 92 48 67
1725.542 -167.174 12.270 63 64 72
1720.292 -180.796 -16.112 89 81 98
1738.581 -203.844 -25.970 84 62 94
1707.450 -187.456 -14.557 174 141 136
1735.711 -195.215 11.582 35 41 59
1707.450 -187.474 -14.541 174 141 136
1738.229 -194.439 43.488 80 92 114
1706.084 -186.839 -14.338 91 82 96
1764.293 -208.925 65.479 103 131 166
1704.401 -188.129 -14.152 232 217 207
1758.718 -266.035 118.899 42 46 51
1726.052 -180.825 -16.963 108 63 81
1725.536 -168.820 9.970 67 86 112
1702.017 -191.652 -14.476 240 217 206
1730.611 -170.823 55.767 104 109 127
1697.515 -194.356 -13.925 124 60 71
1724.370 -183.029 -17.044 121 98 115
1719.691 -165.518 11.598 133 162 179
1701.472 -193.653 -14.614 244 231 223
1771.314 -244.654 117.376 120 141 161
1697.616 -196.280 -14.168 241 219 207
1752.873 -202.750 121.620 126 136 150
1701.657 -196.244 -14.913 70 49 65
1747.429 -198.429 122.301 29 42 59
1727.824 -186.243 -17.918 101 45 52
1726.896 -185.439 -17.586 131 81 86
1712.132 -193.886 -15.877 77 50 50
1733.018 -190.709 8.066 141 139 149
1705.029 -197.054 -12.969 223 216 213
1749.738 -212.978 -0.277 127 114 138
1700.083 -199.480 -14.152 175 113 116
1719.301 -165.318 6.276 164 146 154
1731.713 -184.977 -18.502 250 235 227
1734.735 -196.013 -8.547 43 50 65
1711.776 -194.845 -16.072 238 227 220
1731.739 -190.096 -4.902 31 35 50
1711.394 -196.102 -18.453 242 220 208
1730.764 -189.041 -5.517 164 165 174
1730.397 -189.507 -19.069 107 52 58
1719.628 -176.254 -8.644 126 123 139
1697.138 -209.580 4.381 246 239 224
1769.318 -212.634 101.038 157 168 183
1693.975 -210.353 3.676 170 101 101
1763.439 -209.388 44.905 127 136 161
1696.371 -210.249 4.340 253 243 232
1730.606 -175.236 38.336 100 95 117
1734.928 -190.283 -19.684 251 238 231
1721.446 -166.654 6.357 183 135 148
1723.878 -198.034 -18.380 129 122 138
1738.609 -200.177 -7.648 99 93 109
1710.893 -205.889 -14.589 200 183 180
1755.829 -207.941 121.029 127 139 163
1696.292 -214.328 -0.414 253 243 232
1771.556 -213.462 99.353 48 56 73
1732.927 -195.315 -19.895 109 54 67
1758.955 -208.109 89.066 26 35 58
1722.052 -200.501 -18.129 252 246 239
1767.337 -210.751 75.199 88 104 131
1717.992 -202.710 -20.105 43 42 50
1750.475 -204.254 70.428 175 189 211
1716.499 -205.566 -13.172 99 101 106
1739.968 -199.274 65.649 79 77 94
1734.221 -196.928 -20.081 243 219 203
1739.968 -199.274 65.649 79 77 94
1734.228 -196.932 -20.073 243 219 203
1719.721 -203.746 -19.198 93 93 105
1719.313 -205.639 -21.004 247 247 247
1742.705 -199.899 42.540 33 42 56
1716.390 -210.491 -13.601 57 53 58
1737.865 -193.523 35.623 77 89 110
1692.331 -223.027 -0.050 254 247 240
1730.284 -177.354 30.447 20 28 43
1708.543 -214.374 -17.675 58 60 65
1714.771 -214.327 -18.971 251 231 223
1738.793 -196.996 24.299 27 34 51
1728.150 -209.529 -20.632 123 64 82
1725.154 -168.083 8.998 83 101 126
1706.100 -224.343 -0.017 86 56 75
1720.858 -166.481 9.379 226 226 227
1751.029 -204.882 -8.717 166 170 180
1740.037 -201.132 -3.646 52 55 60
1717.086 -216.892 -19.555 250 230 221
1715.538 -217.861 -19.376 250 231 222
1740.368 -201.802 -18.680 182 178 186
1713.821 -217.097 -19.028 116 67 87
1773.163 -214.772 123.119 53 67 93
1730.235 -212.213 -20.996 246 225 218
1772.170 -245.141 116.825 105 117 143
1748.028 -210.346 -8.595 61 66 81
1755.126 -207.389 119.717 36 42 60
1771.187 -214.291 87.892 56 66 88
1770.526 -215.477 86.402 112 129 155
1759.965 -209.126 88.743 26 30 42
1766.464 -211.993 58.457 85 100 120
1762.052 -208.043 60.141 42 55 78
1740.527 -199.275 74.381 19 29 42
1738.702 -189.294 73.417 80 89 99
1740.333 -200.208 62.798 20 28 47
1736.213 -191.857 45.893 175 189 205
1733.986 -184.393 46.882 70 69 87
1723.838 -168.233 52.811 36 48 71
1722.613 -167.359 49.571 167 204 213
1736.715 -192.222 42.305 196 204 214
1735.737 -191.512 42.572 195 202 213
1724.120 -168.394 47.036 228 221 218
1722.984 -167.640 48.275 63 71 88
1760.451 -207.596 22.258 163 181 200
1760.411 -207.587 22.331 163 181 200
1736.692 -192.931 34.715 29 36 46
1736.160 -192.614 34.173 98 111 129
1736.271 -192.344 35.631 145 156 172
1735.401 -191.629 35.874 144 155 178
1709.773 -169.073 3.020 252 248 237
1734.563 -190.883 36.076 142 154 177
1708.162 -172.931 6.114 175 147 141
1733.234 -189.945 36.376 133 144 168
1732.227 -181.393 37.170 193 203 210
1723.270 -168.273 3.514 220 206 206
1732.227 -181.393 37.170 193 203 210
1709.636 -175.795 5.669 252 249 245
1731.552 -177.174 37.672 170 184 197
1723.528 -171.677 2.737 127 116 127
1732.182 -189.858 31.970 86 99 118
1721.120 -173.221 3.830 27 30 42
1732.012 -189.623 31.241 29 42 69
1721.120 -173.221 3.830 27 30 42
1730.089 -175.361 31.484 98 84 112
1721.729 -173.527 3.620 121 113 131
1732.895 -189.910 25.967 145 157 179
1722.441 -173.800 3.628 27 34 51
1732.295 -189.882 25.012 65 81 105
1724.096 -173.526 3.377 132 123 126
1731.685 -189.362 28.608 79 92 118
1724.387 -175.225 3.409 153 132 125
1727.753 -169.098 25.230 180 196 206
1722.990 -175.534 3.611 89 63 77
1716.631 -179.680 -21.636 92 102 116
1728.247 -186.768 3.822 73 86 114
1707.439 -184.632 -14.322 242 220 208
1727.381 -186.542 4.519 27 35 52
1701.637 -188.025 -13.617 178 109 109
1719.210 -165.304 9.857 232 230 228
1700.732 -189.102 -13.836 152 86 98
1754.850 -211.335 -7.202 78 75 81
1699.054 -189.366 -13.625 102 51 60
1726.442 -180.804 -0.333 181 178 188
1699.062 -189.388 -13.601 102 51 60
1718.696 -165.243 5.175 105 83 99
1713.401 -183.846 -22.365 109 104 116
1728.981 -187.210 -11.552 27 30 48
1708.885 -185.666 -14.597 241 231 219
1706.107 -187.603 -14.281 233 225 217
1739.725 -201.214 -19.441 120 91 124
1699.966 -189.808 -13.763 132 84 99
1738.627 -203.323 -24.747 106 92 117
1724.992 -180.238 -16.768 123 69 76
1725.374 -180.754 -16.922 243 224 215
1755.167 -207.496 120.624 32 43 63
1721.130 -183.395 -16.566 103 106 118
1754.671 -207.115 117.246 30 46 69
1708.074 -187.885 -14.865 254 247 240
1703.441 -190.823 -14.217 108 94 102
1772.974 -217.029 96.348 80 97 120
1700.791 -192.196 -14.233 250 224 216
1770.674 -213.194 89.990 104 116 142
1699.132 -193.631 -13.164 169 113 120
1769.716 -212.297 90.419 51 71 97
1727.285 -181.480 -17.262 160 106 106
1738.375 -212.432 110.523 22 30 49
1727.295 -181.476 -17.295 160 106 106
1770.539 -220.546 83.704 89 121 155
1717.098 -185.900 -15.966 157 161 171
1760.169 -209.146 87.843 123 132 153
1715.915 -187.262 -15.594 206 207 213
1769.983 -214.686 76.123 47 63 86
1714.640 -187.936 -15.772 159 160 168
1741.360 -195.869 82.935 66 76 98
1711.184 -190.440 -15.294 243 230 222
1766.383 -211.558 55.938 149 162 182
1707.328 -190.479 -15.569 239 225 226
1735.166 -172.860 72.583 52 68 82
1705.205 -192.238 -15.091 150 137 135
1732.370 -171.074 73.442 200 207 200
1703.621 -193.865 -16.849 125 73 91
1732.018 -170.510 70.007 174 175 166
1698.107 -195.196 -13.771 171 135 137
1728.184 -184.319 -17.740 136 92 93
1725.918 -184.232 -17.481 247 233 225
1746.806 -202.257 40.993 53 59 69
1715.043 -189.480 -15.942 227 223 222
1732.683 -189.230 42.192 118 121 132
1707.721 -193.518 -15.756 230 204 199
1731.010 -184.983 44.363 79 84 96
1705.941 -193.355 -16.768 195 145 132
1728.191 -171.022 46.145 199 147 151
1697.018 -197.743 -14.022 162 87 89
1761.019 -208.133 23.586 51 66 90
1697.640 -198.836 -14.241 243 221 211
1735.006 -191.461 35.347 47 57 79
1709.881 -193.823 -15.472 190 179 172
1733.832 -190.513 36.230 149 162 182
1700.138 -198.680 -14.614 240 202 191
1731.677 -180.616 34.578 69 84 105
1721.829 -192.360 -12.297 131 114 119
1730.907 -176.053 37.275 95 80 114
1712.779 -194.306 -16.063 245 236 226
1734.860 -191.370 32.447 148 157 176
1710.484 -195.856 -18.315 242 220 208
1733.742 -190.615 32.245 55 69 87
1701.370 -199.956 -15.456 241 228 221
1732.962 -190.117 32.464 55 68 89
1698.332 -201.183 -14.719 243 224 212
1729.754 -175.735 29.750 143 151 163
1732.590 -186.751 -18.915 124 76 90
1726.734 -167.323 32.609 60 74 91
1731.655 -187.478 -18.834 113 67 77
1758.291 -211.671 14.781 45 70 97
1729.561 -188.833 -18.696 119 80 96
1733.741 -190.677 25.765 147 161 181
1714.794 -196.392 -19.077 169 142 138
1733.741 -190.677 25.765 147 161 181
1713.684 -197.033 -18.947 242 220 208
1731.390 -189.009 29.280 21 37 58
1711.769 -196.792 -18.672 174 128 125
1729.301 -175.179 28.276 94 79 105
1704.671 -202.419 -13.439 136 112 117
1730.070 -176.381 27.207 75 98 126
1696.393 -209.541 4.486 188 127 127
1738.690 -197.704 19.253 48 57 79
1733.009 -189.375 -19.320 114 59 69
1729.526 -190.706 -19.012 238 235 223
1730.503 -188.650 21.764 73 83 103
1727.632 -191.814 -18.615 62 80 105
1726.114 -166.764 18.912 219 222 226
1704.195 -202.951 -13.561 251 240 230
1722.552 -165.683 22.655 146 143 145
1694.817 -211.508 4.478 245 235 223
1747.665 -200.706 11.444 112 90 108
1692.493 -211.928 4.567 245 236 226
1746.643 -199.915 7.589 193 191 199
1727.355 -195.024 -18.704 141 136 142
1732.915 -190.442 14.692 27 37 58
1727.335 -195.069 -18.688 141 136 142
1729.098 -187.803 15.073 96 107 128
1722.086 -198.255 -17.270 103 137 165
1729.098 -187.803 15.073 96 107 128
1718.939 -198.113 -18.890 136 155 178
1729.036 -182.685 14.279 19 29 42
1706.443 -204.315 -13.771 243 236 224
1728.174 -177.930 14.733 116 119 131
1693.096 -214.058 0.355 251 248 237
1725.426 -166.537 15.065 80 87 105
1724.336 -197.085 -17.983 244 246 246
1723.190 -165.666 15.591 231 231 227
1721.592 -198.647 -17.238 101 133 162
1731.679 -189.395 8.480 178 184 202
1710.929 -205.311 -14.557 247 247 240
1731.679 -189.395 8.480 178 184 202
1705.226 -206.132 -23.410 107 107 120
1725.807 -169.784 11.598 200 206 212
1702.935 -207.036 -24.674 234 231 231
1692.433 -216.485 -0.098 106 59 65
1727.719 -186.479 5.645 37 50 68
1736.074 -193.604 -20.105 252 236 232
1727.241 -181.221 4.972 122 120 130
1735.714 -194.809 -20.275 134 78 87
1733.507 -195.724 -19.911 140 99 111
1721.509 -166.771 9.573 157 116 124
1726.455 -198.259 -22.001 216 210 202
1717.813 -164.220 6.430 161 137 150
1724.341 -199.623 -21.758 218 211 204
1738.802 -196.876 -3.193 151 153 165
1724.341 -199.623 -21.758 218 211 204
1728.826 -187.557 1.368 89 99 121
1717.113 -203.808 -15.537 94 63 82
1728.606 -187.335 -1.540 62 69 95
1711.468 -206.172 -14.946 236 225 223
1719.318 -165.538 5.555 200 188 190
1711.126 -206.959 -14.808 250 240 230
1709.423 -207.877 -14.751 152 143 151
1723.508 -203.206 -18.672 213 201 192
1718.017 -175.651 1.732 49 30 51
1717.599 -204.690 -20.437 223 187 178
1728.642 -186.775 -7.753 35 46 68
1716.845 -206.003 -13.075 99 101 106
1727.766 -186.154 -7.542 28 38 59
1716.845 -206.003 -13.075 99 101 106
1724.900 -184.187 -6.740 40 47 64
1703.738 -210.550 -23.078 116 121 138
1724.666 -184.056 -7.915 41 48 66
1699.100 -218.895 -1.378 230 223 208
1723.593 -183.339 -6.546 211 217 229
1699.104 -218.905 -1.297 230 223 208
1723.593 -183.339 -6.546 211 217 229
1694.367 -221.460 3.190 136 111 117
1724.156 -183.687 -8.620 129 121 139
1692.044 -221.658 0.023 132 88 91
1722.592 -182.920 -7.850 36 40 54
1691.519 -221.903 -0.212 247 242 231
1719.256 -176.212 -8.539 150 138 156
1726.233 -202.363 -22.430 223 215 203
1719.270 -177.495 -15.108 161 113 128
1717.982 -207.671 -20.842 204 171 168
1714.674 -174.376 -14.419 239 232 224
1717.748 -208.099 -13.277 121 109 121
1716.591 -175.886 -18.923 138 84 108
1717.345 -208.903 -13.366 82 72 76
1706.359 -206.654 -20.575 126 59 87
1709.073 -212.766 -17.764 50 49 57
1758.013 -188.139 124.318 18 21 23
1727.259 -206.233 -19.676 203 180 171
1721.488 -207.982 -18.591 122 124 130
1728.626 -173.708 104.554 186 221 227
1711.646 -213.140 -18.331 134 113 129
1722.942 -168.632 72.704 190 220 222
1721.402 -211.082 -18.761 51 50 58
1705.652 -205.772 26.899 190 224 232
1720.686 -210.958 -18.680 140 142 147
1705.925 -213.324 57.768 190 225 229
1715.361 -213.996 -18.971 77 32 50
1712.567 -166.761 19.415 167 185 197
1709.706 -214.928 -18.250 59 61 66
1750.752 -202.675 -8.320 204 206 209
1703.360 -203.971 13.574 112 147 166
1748.437 -203.772 -8.061 182 186 197
1703.293 -203.862 13.583 112 147 166
1745.772 -204.918 -7.753 158 166 179
1698.602 -207.945 13.785 99 109 123
1734.479 -205.369 -27.185 179 185 198
1717.515 -220.311 126.974 238 239 233
1730.489 -207.122 -27.412 229 219 215
1720.692 -211.005 97.871 232 227 216
1729.036 -209.489 -20.680 251 235 231
1718.331 -169.647 51.329 238 241 239
1723.456 -211.030 -19.012 146 138 146
1712.328 -199.701 46.088 237 240 238
1714.256 -214.905 -18.777 110 69 83
1712.328 -199.701 46.088 237 240 238
1705.709 -223.885 0.104 237 214 209
1705.709 -223.885 0.104 237 214 209
1750.532 -203.428 -8.393 169 176 183
1730.481 -208.315 -27.452 209 206 206
1725.939 -174.107 95.514 234 239 238
1726.403 -212.795 -20.591 73 36 58
1716.969 -220.023 124.982 200 218 221
1723.215 -214.000 -20.227 116 79 93
1719.589 -211.312 96.867 178 153 141
1722.759 -209.709 94.947 236 230 222
1722.153 -209.794 93.368 173 167 165
1729.151 -212.378 -21.142 104 49 61
1717.345 -170.529 49.530 222 202 192
1730.920 -212.048 -21.499 118 70 89
1691.590 -213.459 12.837 238 238 236
1726.518 -213.972 -20.672 242 220 215
1726.292 -214.518 -20.794 154 111 113
1716.248 -219.055 121.045 187 189 185
1722.940 -214.817 -20.340 124 100 117
1788.871 -231.927 121.142 56 69 96
1721.666 -216.644 -20.057 132 88 106
1718.935 -213.078 102.909 238 239 239
1721.599 -216.596 -20.292 132 88 106
1718.147 -212.878 99.605 238 238 233
1705.340 -222.604 97.021 231 232 227
1745.864 -211.582 -8.628 158 166 180
1711.327 -216.226 90.751 138 162 168
1742.528 -212.783 -8.336 91 97 113
1704.183 -221.796 90.338 235 244 244
1709.713 -215.569 82.910 238 241 239
1702.448 -210.002 32.642 238 241 239
1705.959 -205.102 25.392 238 239 236
1700.176 -208.353 19.026 238 239 239
1698.275 -207.426 9.022 238 240 239
1697.786 -207.368 9.646 135 138 143
1693.698 -211.453 9.460 224 188 177
1731.018 -177.716 129.761 234 239 239
1727.171 -188.727 138.420 100 90 93
1729.262 -173.654 108.304 90 111 136
1734.754 -173.448 100.811 156 177 180
1720.862 -211.658 102.804 237 233 222
1722.887 -172.837 78.407 237 239 239
1720.654 -211.547 101.686 186 166 153
1720.475 -211.432 100.479 225 216 203
1719.920 -211.584 99.856 197 175 168
1713.839 -217.415 103.517 232 237 237
1713.707 -217.214 101.848 204 223 225
1712.277 -218.076 99.807 238 236 229
1719.327 -211.621 95.255 191 166 160
1717.998 -211.180 90.695 235 217 206
1718.009 -211.256 90.759 235 217 206
1716.889 -211.839 91.245 218 219 219
1712.731 -216.478 95.231 215 219 217
1711.719 -217.677 96.494 238 235 230
1711.758 -216.373 92.517 132 150 165
1703.598 -224.027 96.429 182 193 191
1717.474 -211.044 87.884 232 225 216
1714.662 -174.504 65.366 238 241 239
1717.285 -165.147 30.657 141 177 187
1703.378 -210.461 39.122 244 241 239
1745.982 -201.580 23.821 138 145 158
1714.176 -164.800 2.275 247 247 240
1695.429 -214.893 32.909 244 241 239
1715.687 -167.202 5.636 147 132 156
1694.776 -214.567 29.475 244 241 239
1713.233 -167.457 6.673 120 100 108
1724.287 -167.502 9.362 177 189 188
1707.036 -170.204 8.480 180 183 187
1717.965 -168.101 1.238 189 163 156
1706.553 -170.592 9.379 229 236 233
1717.939 -168.098 1.181 189 163 156
1695.880 -208.603 5.483 217 189 181
1713.133 -171.066 2.518 236 203 191
1708.601 -177.781 -13.723 241 238 232
1723.729 -168.876 3.360 78 64 80
1712.288 -172.924 -17.853 137 84 112
1709.914 -174.154 5.904 248 237 226
1709.177 -176.388 -17.003 226 191 183
1709.200 -174.085 5.960 198 185 176
1709.177 -176.388 -17.003 226 191 183
1709.706 -174.762 5.839 189 171 163
1744.923 -170.323 133.293 170 155 149
1720.825 -172.788 3.927 120 112 130
1709.981 -176.135 5.612 173 153 153
1704.269 -215.849 137.278 187 179 175
1709.981 -176.135 5.612 173 153 153
1716.614 -216.061 133.325 186 178 174
1709.537 -177.072 5.580 180 160 154
1710.178 -226.753 129.040 170 178 178
1709.010 -177.121 5.726 243 230 222
1710.285 -226.871 129.186 170 178 178
1708.592 -177.423 5.774 188 158 151
1709.550 -222.129 108.717 216 193 176
1708.111 -177.448 5.766 231 202 189
1714.128 -216.568 100.609 190 176 167
1707.557 -178.433 5.491 157 120 118
1707.243 -222.591 102.253 225 223 223
1721.255 -172.660 3.790 111 104 119
1722.920 -173.641 3.579 142 150 171
1716.562 -165.197 29.143 241 242 242
1709.746 -175.906 -20.186 222 223 222
1697.604 -217.475 50.105 233 236 233
1722.895 -174.233 3.547 164 162 165
1722.510 -175.418 3.595 200 193 200
1699.564 -190.312 -13.771 173 138 139
1749.632 -226.081 84.247 114 144 174
1727.657 -191.240 -18.526 105 126 150
1749.462 -226.005 84.271 114 144 174
1718.122 -196.544 -19.401 210 194 190
1745.252 -221.701 33.549 78 83 98
1709.797 -201.819 -14.103 245 242 231
1698.140 -230.331 14.150 64 72 87
1694.025 -211.555 4.689 168 123 128
1717.545 -217.097 5.385 49 61 79
1691.930 -212.138 4.365 170 123 123
1746.745 -220.876 7.661 80 94 120
1729.529 -193.288 -19.174 245 235 232
1745.375 -220.488 0.728 97 107 128
1727.860 -193.830 -18.931 240 247 247
1718.942 -214.677 -11.641 35 41 59
1724.917 -195.402 -17.740 107 135 163
1758.971 -228.864 78.536 94 107 129
1719.918 -198.762 -18.145 70 94 121
1703.610 -233.839 53.629 150 181 189
1718.368 -199.535 -18.696 92 94 104
1705.042 -233.510 48.672 46 52 62
1708.556 -203.173 -13.982 245 239 230
1701.791 -230.555 44.176 140 143 147
1696.661 -210.095 -15.658 236 215 203
1748.496 -222.081 17.778 118 140 165
1694.826 -214.057 -0.171 251 246 236
1750.704 -222.559 13.412 54 64 87
1719.443 -200.607 -18.194 129 129 137
1718.573 -200.052 -18.680 103 103 114
1720.499 -242.485 125.103 141 152 166
1699.779 -208.947 -25.856 212 210 212
1751.384 -228.598 120.462 124 138 160
1696.814 -214.809 -0.665 220 199 186
1711.946 -239.829 99.046 70 77 87
1697.089 -215.286 -0.633 253 243 232
1750.323 -228.073 113.512 141 156 175
1725.542 -198.757 -21.863 221 212 201
1750.323 -228.073 113.512 141 156 175
1717.531 -204.305 -15.424 251 243 236
1709.636 -178.703 140.153 235 232 222
1705.341 -207.407 -22.932 108 106 108
1709.920 -237.987 83.842 199 221 225
1725.324 -201.896 -22.203 222 214 202
1744.236 -221.373 32.277 87 90 103
1722.108 -203.683 -18.356 220 212 211
1737.593 -242.248 128.918 113 127 149
1722.108 -203.683 -18.356 220 212 211
1745.099 -229.293 122.916 43 53 75
1720.814 -204.339 -18.032 68 67 68
1718.075 -205.850 -20.656 246 245 238
1754.312 -229.370 110.985 40 52 72
1716.752 -207.070 -12.556 105 107 112
1718.077 -207.438 -13.131 225 207 203
1753.730 -229.164 107.356 97 116 142
1717.054 -207.426 -12.791 78 77 85
1753.121 -228.521 104.213 44 54 75
1717.384 -207.680 -13.188 157 149 157
1753.184 -228.380 104.303 44 54 75
1712.698 -207.233 -16.412 235 225 213
1762.705 -231.431 101.864 57 71 94
1721.243 -205.665 -18.153 92 94 107
1765.263 -231.878 98.317 55 65 79
1721.566 -206.571 -18.364 169 170 176
1763.994 -231.145 91.286 73 85 110
1721.428 -207.042 -18.396 70 78 89
1701.917 -230.930 45.059 129 132 138
1703.826 -213.081 -23.880 182 186 196
1731.570 -220.308 44.719 45 50 60
1703.817 -213.857 -23.556 156 154 156
1747.252 -223.700 46.663 55 68 86
1699.797 -219.223 -1.629 253 246 239
1748.207 -222.848 30.989 81 80 81
1699.797 -219.223 -1.629 253 246 239
1743.594 -221.202 25.101 37 48 64
1699.734 -219.762 -1.710 232 225 211
1744.048 -221.218 23.975 187 201 215
1695.996 -221.565 2.712 137 131 147
1743.184 -220.967 23.100 78 92 118
1733.387 -200.733 -29.599 237 237 231
1723.510 -208.120 -18.931 238 231 223
1735.539 -217.527 13.145 144 146 152
1717.980 -211.660 -14.063 243 222 217
1694.835 -225.428 0.947 95 89 100
1700.901 -221.700 -2.083 64 49 65
1711.338 -214.590 -6.611 35 41 59
1700.803 -222.499 -2.018 79 54 78
1713.926 -214.829 -8.279 45 55 70
1748.855 -201.041 -4.318 121 119 129
1713.672 -214.583 -9.996 51 58 75
1731.478 -202.791 -30.514 245 239 232
1713.420 -214.294 -11.552 59 55 77
1731.608 -203.275 -30.741 207 207 206
1715.166 -214.654 -11.932 45 51 68
1729.162 -205.422 -26.764 197 190 189
1718.821 -211.263 -21.037 222 196 196
1754.699 -236.786 125.800 88 103 127
1712.166 -214.720 -18.583 74 63 75
1766.122 -252.751 114.752 63 69 85
1706.100 -222.490 1.117 226 207 205
1742.299 -229.527 123.508 36 46 66
1737.100 -202.590 -27.711 148 146 148
1751.450 -228.849 118.648 46 59 79
1724.727 -210.107 -20.008 171 156 160
1721.678 -211.418 -18.947 221 214 214
1760.015 -232.095 120.162 68 81 109
1721.408 -211.865 -19.449 123 110 125
1764.408 -233.519 119.215 128 143 163
1716.594 -215.529 -19.312 137 92 105
1765.428 -233.539 118.858 49 60 78
1703.778 -225.038 0.299 74 72 81
1707.761 -236.006 99.961 118 150 169
1733.208 -207.986 -27.541 102 106 116
1758.229 -230.688 110.143 40 47 65
1731.509 -207.301 -28.740 97 93 105
1758.229 -230.688 110.143 40 47 65
1730.914 -208.180 -28.189 241 235 230
1765.511 -233.133 111.949 46 59 86
1718.467 -215.503 -19.595 150 115 123
1707.422 -235.332 94.866 165 217 220
1716.629 -217.442 -19.627 161 120 127
1706.048 -234.836 89.812 96 125 148
1799.869 -217.619 114.023 180 191 208
1756.482 -229.654 99.993 33 43 58
1751.485 -204.872 -8.960 167 171 181
1755.895 -229.259 98.876 168 182 203
1727.922 -212.469 -20.932 123 86 96
1762.171 -231.175 97.312 177 185 193
1725.850 -214.854 -20.794 140 97 102
1762.171 -231.175 97.312 177 185 193
1725.127 -214.008 -20.397 102 68 90
1751.616 -227.620 95.133 54 66 89
1724.639 -214.785 -20.616 86 38 46
1761.777 -230.468 86.790 160 170 186
1720.054 -217.079 -20.097 117 56 69
1748.132 -225.209 74.802 38 48 66
1720.054 -217.079 -20.097 117 56 69
1704.339 -230.608 42.977 40 50 65
1742.547 -221.720 42.443 112 132 159
1746.428 -222.961 41.779 70 74 91
1747.159 -210.704 -8.571 151 161 179
1752.540 -224.848 44.095 48 61 88
1743.075 -213.027 -8.101 151 161 179
1742.732 -220.508 19.868 104 130 156
1741.561 -220.252 17.365 181 199 216
1746.491 -214.078 -8.911 50 51 68
1742.431 -220.409 18.054 106 129 153
1748.297 -221.691 8.990 183 195 208
1735.164 -216.597 -1.103 110 125 152
1729.897 -214.705 -7.186 53 59 77
1707.198 -181.271 -17.918 226 196 189
1766.844 -233.823 121.264 116 130 153
1705.657 -234.777 90.889 186 205 214
1739.249 -223.134 102.780 74 81 98
1708.839 -173.880 5.969 253 243 232
1760.898 -230.609 99.507 127 129 130
1706.926 -176.504 5.669 124 70 77
1760.768 -230.444 96.122 136 139 140
1707.453 -177.492 5.572 173 126 124
1760.978 -230.449 94.024 153 168 192
1725.142 -172.591 2.542 100 66 86
1760.978 -230.449 94.024 153 168 192
1724.332 -172.381 2.429 102 78 94
1766.016 -230.963 95.190 89 102 128
1713.394 -174.383 -20.624 175 182 187
1761.902 -230.187 82.433 77 91 114
1711.826 -175.218 -22.244 181 179 182
1762.277 -229.902 79.922 128 142 164
1722.205 -175.166 3.571 104 93 106
1761.438 -229.696 79.241 73 85 106
1706.868 -179.741 -20.324 235 231 233
1748.950 -225.422 75.491 176 194 213
1708.374 -181.058 -20.429 179 175 178
1751.528 -226.543 74.851 174 192 211
1709.447 -183.229 -15.294 134 101 104
1757.931 -228.312 71.603 126 137 162
1709.447 -183.229 -15.294 134 101 104
1734.915 -219.466 71.692 149 161 179
1707.994 -183.664 -14.338 187 147 140
1697.529 -229.793 40.612 28 38 51
1708.368 -185.453 -14.443 200 191 187
1698.328 -229.989 41.074 216 226 237
1704.760 -187.084 -14.192 241 212 200
1698.839 -229.977 40.304 29 41 56
1718.195 -181.325 -15.893 98 96 98
1699.556 -230.039 40.880 211 222 227
1713.061 -182.799 -22.997 96 95 111
1701.070 -232.096 35.461 80 87 96
1711.652 -183.413 -21.434 185 182 184
1728.060 -220.643 44.030 176 186 195
1712.075 -183.779 -21.669 173 170 173
1744.301 -222.022 31.678 81 84 97
1710.792 -184.768 -18.364 211 181 176
1707.358 -186.307 -14.322 174 163 160
1749.948 -223.419 28.746 92 108 131
1721.102 -182.044 -16.460 102 98 108
1708.526 -187.607 -14.808 184 162 155
1748.136 -221.992 14.725 114 130 151
1724.844 -182.681 -17.076 110 69 91
1748.165 -221.570 14.012 111 123 141
1718.636 -186.248 -16.938 125 127 139
1748.165 -221.570 14.012 111 123 141
1716.459 -186.378 -15.626 177 175 182
1748.853 -222.294 15.138 86 102 125
1710.189 -189.448 -15.424 76 65 69
1749.435 -222.162 14.295 162 175 190
1710.758 -190.002 -15.148 187 169 164
1749.435 -222.162 14.295 162 175 190
1710.720 -190.686 -15.221 125 114 119
1746.918 -221.263 12.878 182 185 194
1700.844 -194.127 -14.516 207 149 141
1718.221 -188.236 -16.039 185 177 177
1710.146 -191.237 -15.440 105 87 97
1698.559 -226.403 5.150 157 168 179
1709.061 -192.838 -15.667 138 117 126
1703.073 -194.897 -15.602 104 92 104
1703.298 -195.485 -15.650 101 84 95
1699.252 -226.401 2.729 124 126 132
1702.341 -196.362 -15.221 85 64 78
1700.492 -196.532 -14.686 249 219 207
1711.931 -219.013 -1.095 120 118 127
1702.164 -196.718 -15.132 173 159 167
1708.969 -217.002 -4.351 112 107 117
1697.368 -197.713 -14.257 163 110 121
1717.974 -215.177 -7.728 189 199 213
1698.583 -197.952 -13.042 192 158 158
1713.231 -214.440 -12.508 189 190 196
1698.583 -197.952 -13.042 192 158 158
1717.022 -214.567 -12.904 194 188 194
1717.211 -190.525 -14.273 165 153 160
1717.762 -214.498 -12.240 61 63 78
1711.192 -193.370 -15.683 245 235 223
1710.455 -217.389 -17.424 156 146 158
1704.581 -196.509 -13.050 122 107 111
1703.054 -198.125 -15.286 79 62 71
1701.170 -199.530 -15.253 142 100 116
1718.132 -192.061 -14.476 228 221 220
1718.121 -192.066 -14.516 228 221 220
1717.865 -192.342 -14.371 157 140 144
1705.803 -198.941 -13.147 68 52 62
1703.220 -199.148 -15.675 174 162 169
1703.263 -200.045 -15.391 193 181 187
1701.183 -200.794 -15.213 137 92 97
1701.176 -200.791 -15.237 137 92 97
1727.582 -189.814 -18.307 127 136 155
1718.421 -194.957 -15.140 237 227 215
1713.380 -196.241 -18.858 219 189 181
1714.379 -196.367 -19.077 243 224 215
1707.353 -199.782 -13.447 197 168 163
1708.952 -237.015 108.976 99 120 143
1705.925 -200.698 -13.285 171 147 143
1748.092 -227.789 120.211 119 131 156
1698.706 -207.175 3.960 252 241 230
1707.920 -236.246 101.986 104 120 127
1698.295 -207.560 4.259 245 241 237
1761.095 -231.282 113.067 152 160 173
1691.668 -211.631 4.000 182 140 138
1765.621 -233.066 108.515 142 156 170
1716.709 -197.706 -19.457 182 155 149
1716.709 -197.706 -19.457 182 155 149
1705.982 -235.143 94.388 187 210 211
1708.466 -202.778 -13.957 212 195 186
1759.221 -219.719 118.688 72 83 105
1706.345 -202.623 -13.552 244 237 230
1762.975 -231.959 108.887 153 162 182
1707.724 -203.130 -13.909 243 230 222
1697.658 -205.387 -22.276 244 242 240
1765.601 -231.018 93.829 47 60 79
1697.658 -205.387 -22.276 244 242 240
1765.374 -230.633 91.804 92 108 131
1698.132 -206.033 -23.029 238 237 230
1760.398 -229.801 85.810 114 132 157
1694.965 -210.856 4.300 182 134 134
1762.834 -230.841 86.555 113 128 150
1694.873 -212.278 4.187 227 210 199
1764.122 -230.359 86.345 98 114 137
1694.881 -212.281 4.243 227 210 199
1709.002 -236.266 66.200 85 105 131
1732.654 -194.812 -19.684 234 212 205
1735.937 -220.497 78.172 145 161 184
1732.654 -194.812 -19.684 234 212 205
1707.635 -235.214 59.639 75 91 115
1719.016 -200.151 -18.477 139 137 139
1736.766 -219.492 72.745 38 48 70
1716.641 -201.204 -16.598 139 96 112
1705.497 -234.697 54.034 86 98 118
1715.896 -202.956 -16.444 196 168 171
1706.673 -234.467 52.940 51 67 89
1703.484 -206.678 -24.423 243 244 244
1705.988 -234.312 49.328 66 82 105
1703.797 -206.932 -24.269 119 123 130
1706.472 -234.102 48.696 117 128 155
1716.510 -206.138 -12.953 68 68 74
1701.241 -209.625 -26.051 124 117 129
1739.635 -220.176 40.855 148 144 150
1697.507 -211.819 -23.491 238 231 231
1696.440 -227.756 19.876 110 135 160
1735.526 -196.507 -20.308 165 127 129
1723.153 -218.343 21.083 33 42 58
1729.328 -199.316 -22.389 190 164 170
1746.024 -220.901 12.627 123 124 133
1697.762 -213.715 -22.179 230 223 222
1728.168 -201.761 -26.674 246 243 239
1700.285 -227.047 3.117 63 66 80
1722.781 -206.314 -18.672 211 203 202
1700.638 -227.470 2.737 174 177 180
1717.528 -208.453 -13.350 150 132 140
1733.599 -216.229 6.568 52 63 77
1718.371 -208.908 -13.423 242 221 210
1735.877 -216.986 8.860 44 50 68
1715.953 -210.536 -13.293 92 92 99
1734.461 -215.965 2.688 151 154 160
1707.792 -211.522 -17.465 83 49 78
1737.508 -217.366 2.939 158 164 170
1704.953 -212.341 -23.483 114 116 121
1712.370 -218.463 -2.172 188 198 212
1689.216 -224.247 -0.439 228 217 201
1729.929 -214.613 -0.349 99 115 139
1689.210 -224.280 -0.349 228 217 201
1735.637 -199.244 -27.071 165 164 169
1708.319 -182.257 10.391 236 223 215
1734.330 -199.770 -28.521 168 172 181
1717.346 -215.155 -8.093 28 41 58
1721.837 -208.891 -18.745 82 84 92
1705.819 -219.457 -1.581 228 228 228
1732.816 -202.394 -30.895 180 168 174
1731.291 -203.090 -30.109 204 202 203
1724.695 -208.585 -19.336 178 166 165
1724.695 -208.585 -19.336 178 166 165
1724.087 -209.653 -19.733 212 200 191
1712.948 -214.996 -18.736 81 61 74
1705.188 -222.368 1.190 140 135 147
1703.589 -224.564 0.776 98 100 105
1703.055 -224.291 1.829 97 101 108
1745.767 -204.472 -7.664 96 97 105
1733.117 -205.561 -26.990 174 175 181
1726.306 -209.329 -19.870 130 107 111
1726.306 -209.329 -19.862 130 107 111
1725.985 -209.612 -19.919 240 227 219
1724.091 -210.719 -19.668 198 188 184
1724.091 -210.719 -19.668 198 188 184
1721.097 -213.003 -19.822 171 146 155
1720.072 -213.434 -19.725 108 71 97
1717.471 -214.475 -19.376 98 49 61
1728.638 -211.280 -20.851 124 85 105
1725.281 -212.845 -20.324 143 108 120
1720.215 -214.925 -19.725 125 86 107
1716.698 -216.649 -19.474 137 99 103
1699.556 -214.585 -19.271 139 124 149
1752.021 -205.820 -8.846 166 170 173
1720.568 -215.942 -20.065 99 70 79
1736.685 -215.909 -3.978 100 110 126
1736.877 -216.234 -4.626 75 71 82
1718.153 -181.200 83.623 220 217 215
1701.434 -228.171 4.891 85 105 131
1731.117 -182.770 59.315 238 241 239
1750.921 -211.058 -5.452 104 117 140
1711.277 -183.938 139.610 142 138 139
1739.730 -216.857 -4.254 94 100 116
1708.119 -219.230 133.260 239 233 225
1742.146 -217.365 -4.343 86 90 103
1712.858 -221.730 132.102 101 115 116
1693.704 -225.022 20.241 201 226 228
1720.883 -209.122 -19.968 67 72 84
1721.218 -184.312 136.257 118 125 125
1714.494 -205.169 -16.768 59 59 62
1706.473 -235.016 98.033 172 208 208
1713.691 -190.625 -15.748 243 232 219
1695.392 -226.447 33.460 197 225 229
1709.635 -190.433 -15.577 173 164 168
1729.734 -191.313 -19.125 237 227 223
1708.959 -198.245 -13.504 242 235 223
1723.260 -195.160 133.616 236 237 231
1722.492 -211.762 -19.660 235 229 224
1718.343 -193.220 68.355 124 115 117
1722.531 -211.753 -19.660 235 229 224
1755.744 -237.048 125.111 101 117 140
1711.746 -208.095 -15.707 246 243 239
1700.553 -213.362 -23.459 165 166 172
1727.376 -194.200 128.238 238 236 229
1712.295 -189.339 -15.456 240 233 219
1702.747 -211.022 -25.557 127 136 149
1712.295 -189.339 -15.464 240 233 219
1701.489 -203.812 -17.084 174 112 113
1713.051 -187.601 -15.731 110 117 122
1704.765 -195.597 -15.326 56 52 57
1750.598 -224.250 41.293 131 126 137
1725.063 -214.370 -20.616 112 81 100
1704.115 -195.344 -13.820 56 52 57
1711.419 -239.399 131.340 80 83 88
1725.971 -211.414 -20.518 110 67 90
1708.223 -177.675 139.935 138 120 125
1727.950 -210.256 -20.632 114 67 91
1711.503 -238.932 106.109 101 103 110
1722.162 -213.220 -19.984 83 41 58
1726.262 -193.935 124.269 241 240 232
1720.129 -213.743 -19.789 88 56 82
1723.568 -183.833 117.352 205 219 215
1730.769 -189.806 -19.069 115 68 82
1722.112 -183.859 108.879 228 222 216
1706.441 -223.378 0.663 245 237 228
1725.258 -185.215 -17.368 235 227 220
1710.990 -192.171 -15.448 246 239 232
1746.738 -213.682 -8.863 65 71 83
1746.738 -213.682 -8.863 65 71 83
1725.995 -210.148 -20.275 248 244 237
1725.331 -209.249 -19.773 199 179 179
1716.805 -192.473 56.796 235 238 237
1723.832 -208.910 -19.141 242 235 228
1695.238 -228.427 31.273 235 239 237
1723.539 -207.538 -18.939 238 233 231
1728.662 -198.381 -22.381 85 44 49
1717.922 -214.259 -19.401 113 65 87
1745.653 -221.675 39.486 59 62 70
1717.922 -214.259 -19.401 113 65 87
1724.900 -183.930 -17.262 101 62 81
1717.166 -187.579 -15.691 121 126 134
1707.926 -198.574 -13.455 246 241 232
1699.400 -200.338 -14.767 174 139 140
1709.591 -192.205 -15.610 151 134 146
1700.229 -199.332 -15.229 203 135 134
1710.098 -176.071 36.392 227 231 229
1708.892 -190.829 -15.812 56 52 57
1706.265 -184.482 -14.257 179 121 125
1711.117 -188.061 -15.229 245 235 223
1714.707 -178.505 -24.001 129 132 140
1701.705 -199.165 -15.367 118 104 111
1717.180 -243.348 130.125 149 130 120
1704.269 -191.334 -14.371 220 210 205
1729.265 -197.426 133.244 240 237 229
1751.732 -211.348 -9.486 75 77 89
1755.766 -229.272 98.786 168 182 200
1751.788 -207.676 -9.081 154 166 187
1753.837 -227.669 81.582 146 166 186
1745.961 -216.404 -9.000 124 136 154
1745.957 -216.411 -9.138 124 136 154
1718.271 -181.333 85.251 229 223 219
1750.428 -206.609 -8.838 208 219 230
1719.460 -189.177 80.861 238 239 239
1749.410 -206.307 -8.644 54 56 62
1680.901 -204.089 57.436 233 234 232
1745.856 -212.279 -8.709 36 45 64
1749.359 -222.731 39.146 82 84 98
1744.915 -210.867 -8.393 118 129 146
1746.741 -208.638 -8.385 125 134 154
1746.734 -208.653 -8.368 125 134 154
1747.770 -207.022 -8.425 43 50 64
1741.051 -215.761 -4.408 158 166 180
1741.440 -214.728 -4.715 102 113 130
1727.337 -210.338 -20.648 99 57 82
1727.044 -209.444 -20.462 247 247 240
1712.217 -190.270 32.504 238 240 239
1727.644 -207.380 -19.870 217 205 199
1744.058 -221.533 30.892 176 182 194
1723.125 -209.721 -18.939 81 77 82
1712.839 -180.688 -24.949 126 130 138
1690.779 -215.261 9.905 175 182 181
1723.111 -209.715 -19.020 81 77 82
1711.060 -180.144 -22.057 219 216 217
1700.821 -227.517 6.552 73 87 106
1722.924 -208.382 -18.939 83 79 84
1701.124 -227.811 5.661 210 221 231
1723.300 -206.102 -18.720 237 228 226
1724.129 -205.256 -18.866 81 54 74
1698.978 -226.279 3.134 131 129 136
1722.985 -204.898 -18.591 237 227 223
1726.544 -196.029 -18.461 79 61 81
1706.413 -180.983 -18.429 187 142 143
1725.264 -194.723 -17.732 99 129 162
1709.245 -182.687 -18.453 225 192 188
1726.896 -191.415 -18.105 128 145 170
1708.739 -178.446 139.918 244 241 235
1728.127 -190.083 -18.793 143 147 156
1719.557 -186.152 137.537 237 233 228
1721.183 -200.363 -18.032 109 100 106
1722.069 -192.041 132.183 57 66 73
1721.183 -200.363 -18.032 109 100 106
1710.251 -238.081 98.746 77 86 101
1719.075 -187.534 -16.428 118 129 139
1691.008 -179.258 107.575 95 130 162
1721.742 -182.240 -16.558 70 62 77
1724.016 -192.287 108.142 238 238 232
1715.412 -192.633 -16.063 246 239 224
1698.370 -191.917 -13.998 123 60 74
1760.915 -230.652 99.459 127 129 133
1707.080 -201.132 -13.512 135 98 93
1698.638 -190.857 -13.885 140 79 85
1722.228 -196.722 91.440 230 237 238
1707.367 -197.501 -13.261 101 71 73
1699.919 -188.599 -14.160 127 65 76
1749.809 -226.878 86.531 53 59 77
1711.745 -190.991 -15.407 74 54 61
1700.243 -188.725 -14.865 127 65 76
1749.234 -226.098 81.315 36 46 68
1701.916 -207.611 -25.330 244 241 237
1700.382 -187.200 -13.455 131 70 76
1708.139 -190.290 -15.764 229 219 215
1712.499 -176.094 -24.244 186 190 194
1719.079 -188.281 78.820 156 181 187
1700.177 -197.119 -14.638 162 90 92
1716.394 -185.489 64.694 156 152 158
1753.696 -210.441 -9.673 177 181 188
1710.456 -203.904 42.994 152 175 189
1752.153 -209.009 -9.357 159 173 193
1748.653 -205.101 -8.360 138 150 169
1710.557 -201.945 42.167 238 241 239
1741.643 -217.319 -4.416 156 164 178
1699.095 -229.621 27.976 90 96 106
1741.432 -216.498 -4.335 42 48 65
1698.277 -228.530 24.509 125 131 142
1744.470 -211.528 -8.344 118 129 146
1743.003 -221.196 40.045 52 56 65
1733.356 -194.690 -19.838 243 224 215
1784.816 -221.955 120.908 38 53 74
1690.941 -215.235 9.063 237 240 238
1725.219 -212.010 -20.275 250 228 223
1791.399 -204.999 117.651 70 87 97
1690.614 -215.054 8.342 125 126 130
1725.219 -212.010 -20.275 250 228 223
1796.532 -193.789 116.809 61 66 73
1701.735 -228.331 6.349 75 95 122
1726.978 -206.844 -19.660 244 235 231
1732.538 -215.863 15.899 168 182 200
1721.359 -214.087 -19.919 245 235 232
1721.699 -212.367 -19.895 245 241 237
1731.631 -190.597 -19.222 244 227 222
1786.777 -209.724 123.783 91 101 122
1701.049 -227.423 4.616 179 194 208
1730.826 -190.434 -19.150 95 50 67
1708.008 -188.352 3.806 234 217 204
1718.243 -215.590 -19.595 146 109 119
1701.577 -202.060 -7.299 67 53 58
1722.707 -207.017 -18.720 72 71 79
1778.015 -223.210 123.054 52 65 83
1722.490 -205.653 -18.502 91 93 104
1777.191 -223.269 121.313 40 54 83
1708.629 -182.218 -18.842 175 119 117
1725.442 -197.648 -18.283 247 247 247
1782.555 -207.657 124.544 38 46 65
1711.150 -184.103 -18.971 222 201 200
1726.435 -196.831 -18.307 249 246 242
1730.371 -189.504 -19.117 107 52 58
1762.963 -246.663 115.788 123 137 159
1716.260 -217.314 -19.295 144 92 112
1774.597 -226.884 106.660 31 45 67
1715.151 -217.237 -19.158 96 39 52
1774.776 -226.343 105.712 124 141 171
1716.972 -214.501 -19.271 250 228 223
1779.915 -208.069 123.759 28 35 51
1718.393 -213.280 -19.384 252 235 223
1784.215 -197.775 119.377 192 186 186
1724.463 -198.472 -18.234 239 235 231
1727.577 -192.614 -18.623 204 230 238
1728.149 -191.308 -18.769 76 85 98
1716.339 -208.057 135.771 239 234 226
1708.482 -220.367 -2.148 154 159 172
1720.585 -204.095 135.650 142 114 105
1712.770 -216.948 -18.817 107 73 88
1772.262 -228.167 107.032 35 44 64
1720.139 -187.174 137.148 236 232 220
1714.763 -214.324 -18.947 250 231 222
1772.833 -225.788 96.972 40 53 70
1728.800 -196.040 132.952 243 239 234
1720.452 -199.337 -18.259 118 123 137
1772.833 -225.788 96.972 40 53 70
1713.688 -213.234 -18.672 239 221 218
1776.651 -211.200 123.872 32 44 60
1764.426 -233.199 118.129 142 154 171
1712.156 -213.748 -18.493 55 45 56
1746.480 -225.493 100.666 65 79 106
1724.354 -183.004 -17.044 121 98 115
1755.139 -248.482 124.139 43 49 66
1721.942 -183.881 107.462 226 219 210
1712.660 -204.849 -16.080 87 38 47
1769.683 -228.243 92.752 37 49 66
1745.699 -224.879 97.733 65 82 105
1712.660 -204.849 -16.080 87 38 47
1771.652 -226.370 97.515 41 55 76
1745.926 -225.025 96.907 118 136 161
1718.633 -191.035 -14.136 116 133 149
1771.652 -226.370 97.515 41 55 76
1698.296 -223.928 69.367 185 198 198
1718.168 -186.244 -17.133 198 201 205
1772.986 -223.374 91.861 135 156 180
1753.170 -227.256 83.858 142 165 185
1715.355 -186.410 -16.055 141 145 153
1773.882 -220.146 101.192 74 87 112
1703.044 -231.663 57.258 96 122 148
1693.815 -223.954 -1.014 230 223 208
1743.807 -222.636 56.018 109 120 137
1706.475 -201.634 -13.439 246 239 224
1769.724 -215.803 73.636 29 38 51
1729.693 -212.654 -21.280 250 228 222
1735.369 -195.844 -20.251 173 135 139
1760.795 -212.519 32.261 106 118 140
1733.691 -195.212 -19.984 108 53 66
1742.574 -190.415 97.863 99 109 122
1722.343 -215.580 -20.332 78 32 44
1754.969 -218.694 14.077 69 82 103
1723.617 -214.950 -20.462 125 87 99
1767.124 -219.114 60.692 30 41 59
1730.582 -175.669 35.679 100 94 120
1724.399 -214.110 -20.462 93 48 66
1767.246 -218.282 63.616 25 34 47
1765.398 -214.507 53.629 49 63 93
1724.790 -212.475 -20.130 108 71 88
1766.463 -218.687 57.387 33 46 62
1746.766 -194.880 115.618 26 33 50
1725.221 -208.580 -19.595 245 235 232
1766.687 -217.209 63.786 24 32 46
1772.959 -221.642 100.026 138 159 183
1732.730 -194.323 -19.668 106 55 72
1745.319 -229.853 125.865 44 53 73
1741.861 -177.995 111.090 117 121 123
1733.109 -192.993 -19.482 96 44 62
1744.969 -229.404 124.804 86 100 121
1743.068 -184.686 105.842 145 156 171
1733.869 -192.223 -19.555 250 234 230
1767.479 -214.334 58.918 26 32 48
1732.238 -174.677 47.141 80 72 97
1734.256 -189.939 -19.506 115 57 68
1759.572 -196.884 122.900 37 46 59
1728.356 -184.670 10.391 38 47 63
1720.796 -216.806 -20.251 100 59 79
1737.068 -237.891 129.024 68 76 97
1725.543 -169.241 8.123 180 190 199
1728.393 -197.632 -22.203 250 243 235
1737.068 -237.891 129.024 68 76 97
1768.909 -203.754 122.406 44 57 76
1732.598 -186.754 -18.923 124 76 90
1764.848 -216.700 49.887 24 36 55
1718.560 -217.824 -19.968 249 227 223
1762.276 -186.570 123.532 190 170 162
1737.823 -193.877 67.593 90 94 104
1718.437 -217.343 -19.822 115 63 68
1742.467 -200.751 87.495 115 124 137
1719.590 -213.937 -19.555 79 34 52
1741.084 -198.760 67.310 113 125 146
1719.353 -213.176 -19.563 86 61 87
1731.830 -185.331 28.106 83 115 143
1723.198 -205.595 -18.599 245 238 231
1728.509 -247.257 129.485 87 101 122
1744.852 -183.485 118.955 142 149 158
1723.646 -203.871 -18.728 245 236 229
1761.190 -223.681 44.897 40 49 69
1737.786 -193.222 40.288 86 101 125
1731.712 -185.597 -18.647 117 62 72
1761.127 -222.288 45.383 80 93 116
1758.983 -213.362 13.040 89 108 136
1716.019 -217.419 -19.368 132 74 85
1732.661 -192.067 -11.536 56 68 95
1722.190 -203.160 -18.412 124 110 125
1724.271 -253.350 130.053 134 135 122
1772.155 -214.048 99.410 43 50 72
1730.093 -183.777 -17.902 110 54 77
1740.757 -197.462 81.534 43 54 76
1714.177 -215.739 -18.882 108 67 82
1759.654 -221.037 42.370 47 57 74
1728.775 -187.056 14.636 28 38 56
1714.285 -213.845 -18.769 102 54 69
1755.372 -181.803 130.133 83 85 90
1752.631 -204.309 115.958 144 157 172
1718.297 -206.845 -20.770 254 251 247
1727.679 -185.495 -17.773 237 230 222
1764.006 -225.023 69.132 39 52 73
1727.679 -185.495 -17.797 237 230 222
1754.739 -208.537 -3.290 142 146 160
1727.486 -185.010 -17.635 131 80 90
1722.125 -246.081 130.757 114 128 148
1727.294 -177.876 6.795 172 185 197
1727.578 -183.730 -17.570 140 102 114
1723.350 -242.255 128.700 31 43 59
1729.953 -188.033 -4.489 39 43 61
1713.291 -213.748 -18.566 95 60 75
1728.734 -236.176 121.774 52 66 87
1726.082 -184.819 -17.538 85 27 50
1731.319 -233.417 119.555 68 78 95
1726.082 -184.819 -17.530 85 27 50
1757.712 -223.844 37.324 62 65 78
1760.956 -208.255 23.084 39 53 74
1704.363 -223.384 0.793 122 117 131
1758.383 -216.384 45.148 41 58 76
1710.007 -215.407 -18.323 131 125 131
1760.993 -217.511 29.054 187 207 223
1726.407 -174.351 5.191 31 42 58
1724.998 -181.499 -16.938 200 180 184
1762.092 -216.377 32.358 167 193 215
1730.326 -188.491 -1.483 166 171 188
1724.994 -181.507 -16.963 200 180 184
1761.462 -216.000 29.361 181 198 219
1734.202 -195.040 -8.830 115 117 133
1724.318 -180.656 -16.711 148 117 130
1762.389 -208.840 38.571 65 68 83
1733.224 -193.372 -10.013 180 191 202
1718.081 -190.842 -14.095 226 215 212
1748.022 -192.238 128.368 64 76 92
1733.224 -193.372 -10.013 180 191 202
1722.091 -181.296 -16.477 71 57 73
1747.036 -192.641 124.026 56 65 80
1746.880 -192.333 119.118 64 79 98
1723.042 -180.017 -16.428 213 197 204
1747.036 -192.641 124.026 56 65 80
1723.038 -180.006 -16.436 213 197 204
1748.361 -190.979 131.033 51 61 77
1717.517 -189.199 -15.383 153 139 140
1752.831 -183.766 126.497 47 53 70
1743.323 -188.293 101.832 185 193 201
1717.348 -187.847 -15.172 115 113 122
1741.130 -177.865 102.164 61 76 87
1718.460 -185.549 -17.052 123 125 131
1741.185 -196.979 44.192 146 156 176
1698.127 -219.667 -1.313 230 223 210
1717.482 -254.379 123.338 90 94 96
1707.228 -202.333 -13.625 244 231 216
1715.203 -254.739 124.820 133 135 134
1760.768 -206.984 29.402 158 161 176
1708.683 -202.032 -13.868 242 226 212
1721.936 -241.768 123.062 44 53 66
1758.660 -206.302 9.362 39 53 74
1711.475 -193.868 -15.764 236 223 215
1721.936 -241.768 123.062 44 53 66
1728.555 -170.581 28.640 171 186 205
1718.374 -182.177 -15.942 155 153 163
1728.058 -235.804 118.299 62 72 86
1754.935 -207.977 1.109 32 47 68
1694.736 -224.036 -1.135 231 223 212
1727.404 -235.460 115.853 57 71 92
1754.531 -207.789 -0.439 27 35 55
1694.740 -224.029 -1.135 231 223 212
1730.763 -232.974 114.760 66 82 103
1693.285 -224.090 -0.884 230 223 208
1730.281 -232.503 111.293 73 86 102
1725.964 -168.275 14.522 68 87 113
1693.285 -224.090 -0.876 230 223 208
1734.801 -225.915 103.436 66 78 101
1754.907 -210.749 -8.555 94 96 105
1696.345 -217.615 -0.852 228 216 200
1757.635 -220.653 28.794 31 44 60
1730.808 -188.981 -0.738 69 72 87
1707.236 -201.636 -13.528 158 114 111
1757.611 -221.343 25.101 50 59 77
1733.969 -194.289 -7.745 47 60 84
1712.509 -191.128 -15.577 250 245 238
1758.432 -219.101 32.140 54 72 97
1732.942 -192.493 -6.692 157 165 178
1713.886 -186.722 -15.829 193 194 200
1760.340 -217.087 25.635 176 201 224
1713.886 -186.740 -15.820 193 194 200
1746.288 -191.014 117.862 125 137 154
1704.671 -202.419 -13.382 137 113 118
1747.507 -181.963 132.596 90 92 97
1796.208 -210.509 117.789 168 175 185
1706.160 -198.098 -13.172 237 234 230
1747.556 -181.276 132.782 100 99 104
1745.479 -181.619 128.894 117 128 145
1707.625 -192.659 -15.772 219 204 199
1708.946 -191.802 -15.788 195 183 189
1708.939 -191.799 -15.780 195 183 189
1769.599 -213.815 76.933 119 138 164
1709.347 -189.188 -15.804 60 52 61
1765.063 -211.139 53.111 111 127 152
1710.167 -188.462 -15.253 77 58 64
1721.435 -241.279 119.612 47 56 69
1765.063 -211.139 53.111 111 127 152
1710.152 -188.456 -15.245 77 58 64
1721.435 -241.279 119.612 47 56 69
1761.747 -213.866 35.031 67 83 111
1702.578 -201.345 -15.464 166 139 153
1720.314 -242.243 119.644 41 50 61
1761.267 -214.387 27.871 73 96 127
1703.267 -201.093 -15.399 186 174 181
1726.549 -236.285 112.978 119 137 154
1760.740 -207.166 26.429 79 93 116
1703.116 -200.556 -15.391 113 101 116
1726.732 -235.019 112.257 63 78 98
1739.872 -196.643 35.582 39 49 75
1701.723 -200.458 -15.529 111 90 99
1726.879 -234.987 111.706 63 78 98
1739.335 -195.579 35.631 14 27 55
1707.478 -188.728 -15.691 184 180 185
1726.331 -233.847 106.417 125 134 147
1760.603 -207.415 24.331 86 98 121
1707.586 -186.870 -14.411 245 235 223
1733.832 -225.483 96.178 53 64 83
1759.152 -206.929 17.957 102 115 139
1699.021 -201.091 -14.719 243 224 215
1734.423 -224.416 96.446 82 95 111
1739.219 -197.372 27.758 39 50 75
1700.714 -199.238 -15.010 250 227 215
1759.871 -214.954 18.807 180 205 226
1736.715 -193.118 26.259 50 53 69
1704.558 -189.928 -14.209 238 228 216
1722.807 -211.610 -19.158 244 234 231
1745.859 -190.663 117.295 19 28 40
1754.613 -218.678 8.698 58 73 94
1704.900 -188.502 -14.298 74 63 75
1718.852 -214.620 -19.546 149 103 108
1745.859 -190.663 117.295 19 28 40
1753.683 -207.225 -6.311 151 156 166
1704.893 -188.499 -14.298 74 63 75
1745.250 -190.259 113.901 27 36 48
1708.057 -184.757 -14.476 179 153 146
1706.695 -185.187 -14.330 244 231 223
1729.031 -187.197 -8.182 184 190 202
1698.381 -202.269 -14.581 185 153 149
1719.720 -241.845 116.339 42 48 65
1699.290 -196.981 -14.411 161 81 84
1720.269 -240.334 113.091 44 56 72
1700.255 -194.396 -14.533 242 219 207
1720.269 -240.334 113.091 44 56 72
1771.788 -250.779 116.291 134 149 171
1703.724 -190.248 -14.225 115 101 110
1727.658 -202.110 -26.099 207 204 202
1715.882 -241.245 121.920 142 152 162
1703.721 -190.256 -14.217 115 101 110
1719.579 -239.911 109.487 43 52 72
1706.950 -174.777 111.017 212 211 208
1699.494 -192.222 -13.868 139 88 99
1719.776 -239.866 108.774 43 52 72
1766.777 -210.554 69.861 100 116 141
1752.050 -211.889 -9.308 175 189 203
1720.777 -239.053 108.685 43 52 65
1753.346 -209.833 -9.365 175 182 188
1725.289 -234.554 103.695 129 137 150
1734.018 -186.252 45.456 46 53 64
1753.359 -209.067 -9.421 167 174 188
1728.006 -230.683 98.122 68 78 90
1732.180 -186.098 43.828 81 82 96
1752.199 -206.795 -8.968 168 172 175
1728.913 -229.881 97.474 79 89 102
1731.531 -186.102 43.520 53 64 83
1751.233 -207.349 -9.049 160 165 175
1744.557 -191.795 107.000 119 124 133
1759.967 -211.610 24.995 58 72 102
1745.936 -213.910 -8.782 158 169 188
1744.029 -187.863 112.986 131 141 149
1728.883 -186.474 17.106 87 98 114
1750.451 -205.343 -8.676 176 190 204
1743.564 -189.047 105.469 26 32 48
1728.218 -185.957 13.202 74 85 100
1750.458 -205.346 -8.652 176 190 204
1744.284 -187.311 114.816 62 74 87
1726.817 -180.997 0.363 72 75 92
1745.549 -212.071 -8.482 39 51 67
1728.938 -187.067 -9.486 116 126 150
1747.373 -207.457 -8.255 163 171 184
1744.518 -186.147 113.350 56 69 77
1749.233 -204.712 -8.344 174 178 188
1744.172 -185.390 111.698 139 150 153
1728.314 -186.398 -11.252 61 57 78
1749.573 -204.287 -8.239 155 160 170
1744.067 -178.339 127.120 64 69 76
1720.675 -181.330 -9.705 119 104 127
1740.310 -215.653 -3.994 104 112 132
1743.444 -175.694 134.102 238 227 215
1719.138 -178.190 -18.307 143 93 125
1734.471 -204.771 -27.023 165 170 177
1727.912 -213.528 -21.053 125 83 98
1737.141 -201.740 -27.517 228 230 232
1731.440 -207.775 -28.367 74 82 99
1725.119 -214.643 -20.559 128 100 126
1728.719 -182.341 122.852 143 153 166
1725.405 -214.319 -20.624 117 83 100
1707.179 -250.457 130.522 53 61 74
1734.324 -193.312 0.752 161 168 183
1725.711 -213.612 -20.559 134 97 107
1706.602 -250.439 126.893 131 134 132
1791.015 -190.765 116.509 137 113 107
1727.729 -207.506 -19.903 211 200 195
1717.987 -240.400 106.838 49 60 77
1786.679 -193.117 116.785 52 48 52
1729.514 -206.146 -26.845 210 205 201
1718.334 -239.721 105.323 123 136 157
1777.407 -220.474 117.149 148 159 175
1734.245 -195.042 -20.024 117 66 70
1718.334 -239.721 105.323 123 136 157
1727.695 -182.949 2.980 191 200 209
1734.124 -193.144 -19.474 125 87 100
1738.122 -205.333 -28.683 183 190 200
1719.471 -238.401 103.679 55 61 71
1724.123 -211.345 -20.178 244 230 222
1723.951 -232.920 94.283 51 57 72
1712.734 -219.459 1.497 101 102 113
1726.297 -208.473 -19.676 222 209 201
1726.645 -230.910 93.764 115 126 143
1742.634 -180.024 110.904 40 49 61
1725.642 -209.007 -19.733 148 115 116
1726.107 -230.547 90.565 134 145 162
1766.887 -263.838 121.742 30 39 51
1733.088 -193.578 -19.546 134 85 99
1729.766 -226.829 86.750 42 51 71
1739.449 -178.535 92.801 130 142 159
1732.696 -192.109 -19.409 136 93 107
1755.614 -220.312 15.089 53 67 86
1730.386 -175.750 35.372 105 105 133
1733.945 -191.752 -19.619 124 76 83
1755.209 -219.927 12.246 135 150 171
1747.925 -195.742 120.470 119 128 143
1733.502 -190.836 -19.514 140 110 121
1754.817 -219.274 11.922 28 40 56
1745.523 -182.197 127.388 43 49 66
1721.398 -215.753 -20.138 120 83 94
1755.517 -218.779 15.567 97 111 132
1721.021 -216.082 -20.130 133 102 114
1756.886 -216.560 12.481 31 45 66
1720.636 -221.407 34.497 165 171 182
1721.954 -214.325 -20.065 63 25 36
1758.076 -215.538 12.027 178 199 218
1713.237 -225.898 29.240 59 68 82
1722.128 -211.166 -18.890 235 228 228
1759.930 -206.495 18.475 59 68 83
1712.769 -225.574 26.599 48 57 68
1724.780 -207.240 -19.166 236 227 222
1743.758 -193.133 96.713 62 80 97
1724.451 -207.501 -19.150 171 160 158
1742.790 -187.302 106.506 67 73 81
1724.451 -207.501 -19.150 171 160 158
1743.384 -179.454 119.352 35 44 56
1768.214 -219.316 70.339 94 128 164
1723.033 -208.058 -18.890 76 71 80
1741.672 -178.381 127.695 35 44 56
1760.926 -222.801 47.756 81 94 120
1724.086 -206.390 -18.923 172 154 159
1742.510 -179.029 116.372 36 45 55
1763.006 -215.260 44.379 88 103 129
1724.086 -206.390 -18.923 172 154 159
1742.510 -179.029 116.372 36 45 55
1754.120 -208.493 -5.080 146 145 156
1724.420 -205.838 -18.923 238 233 227
1742.311 -179.933 112.362 40 48 59
1728.170 -250.945 128.165 128 136 105
1724.759 -204.978 -18.931 242 237 232
1729.645 -198.464 -22.317 246 228 220
1738.270 -176.822 95.393 75 88 105
1729.627 -198.465 -22.430 246 228 220
1738.657 -179.716 83.502 85 83 102
1729.862 -198.056 -22.365 126 82 90
1722.720 -233.534 90.281 126 144 165
1736.757 -175.758 77.969 77 88 104
1729.862 -198.056 -22.365 126 82 90
1722.616 -216.242 -20.446 91 46 57
1723.560 -233.420 93.335 134 138 139
1713.270 -234.407 64.637 66 77 94
1731.865 -189.992 -19.174 108 67 82
1717.630 -217.365 -19.741 108 57 67
1756.701 -214.287 5.215 39 56 77
1737.808 -194.846 61.364 28 38 57
1718.467 -215.503 -19.587 150 115 123
1741.176 -192.878 87.941 41 51 63
1735.080 -174.905 71.441 74 87 106
1719.811 -215.215 -19.757 81 33 47
1742.137 -184.626 102.966 36 46 60
1763.562 -210.905 44.581 58 69 94
1718.560 -213.762 -19.433 123 64 67
1742.480 -184.850 101.160 36 46 60
1734.066 -173.957 64.613 53 66 85
1718.560 -213.762 -19.433 123 64 67
1734.066 -173.957 64.613 53 66 85
1720.939 -211.665 -19.125 154 151 156
1713.578 -186.000 138.906 163 150 142
1755.706 -210.786 -3.517 30 44 68
1721.105 -209.460 -18.655 118 120 133
1701.658 -247.005 133.989 64 68 76
1726.866 -185.887 -2.925 43 50 72
1722.796 -207.713 -18.850 201 199 202
1702.789 -245.301 131.049 62 72 83
1793.458 -208.779 116.299 59 70 92
1722.796 -207.713 -18.850 201 199 202
1712.661 -240.812 107.016 68 73 88
1711.834 -244.461 131.154 49 51 56
1721.728 -208.000 -18.736 122 124 131
1727.398 -225.137 76.495 100 113 135
1751.302 -201.838 115.707 154 164 173
1721.840 -207.571 -18.639 62 68 83
1704.716 -191.266 -14.290 227 215 206
1756.549 -213.254 1.416 36 48 64
1752.070 -203.838 114.460 32 43 58
1722.068 -207.158 -18.607 117 120 128
1756.549 -213.254 1.416 36 48 64
1745.047 -181.116 124.180 27 34 52
1722.068 -207.158 -18.607 117 120 128
1756.680 -209.056 5.126 29 43 64
1722.399 -240.050 111.431 71 82 97
1722.410 -206.389 -18.518 196 191 203
1741.421 -179.422 104.286 35 41 57
1747.901 -199.162 113.723 159 170 181
1723.782 -204.463 -18.745 188 171 169
1694.862 -221.104 1.335 142 139 157
1741.095 -177.964 106.133 35 41 56
1756.527 -225.471 51.734 66 78 102
1723.618 -202.759 -18.647 244 239 234
1740.334 -178.716 104.222 36 45 57
1763.532 -211.929 39.268 134 133 144
1724.850 -200.949 -22.009 213 207 199
1712.863 -210.508 -16.549 108 105 115
1741.112 -177.449 103.363 137 148 165
1727.881 -194.859 -18.793 238 238 231
1712.863 -210.508 -16.549 108 105 115
1715.210 -214.257 -13.131 183 175 184
1728.228 -194.039 -18.931 149 148 150
1774.574 -255.574 116.517 28 39 62
1728.214 -194.050 -18.947 149 148 150
1720.802 -165.631 140.096 198 181 172
1743.791 -180.690 123.240 146 152 148
1729.100 -192.299 -18.963 176 200 206
1724.088 -168.406 138.873 245 236 227
1744.588 -199.851 101.678 49 64 80
1728.850 -190.689 -18.826 137 144 156
1709.142 -187.021 -15.075 245 235 223
1740.775 -196.087 45.748 30 36 54
1730.929 -186.738 -18.631 141 103 115
1714.618 -194.735 -16.452 245 238 226
1730.579 -184.020 41.276 114 116 131
1732.322 -186.179 -18.785 127 79 86
1730.705 -208.131 -26.415 214 209 205
1715.537 -238.236 91.391 138 153 171
1733.584 -190.234 23.303 22 33 51
1730.999 -186.122 -18.534 100 56 67
1715.039 -238.360 89.156 52 65 80
1728.363 -172.128 25.781 92 84 104
1716.564 -214.940 -19.198 143 99 114
1715.980 -237.201 84.328 32 42 54
1757.207 -213.210 1.198 180 194 209
1721.594 -203.782 -18.259 211 212 218
1749.608 -261.802 117.101 198 209 218
1715.980 -237.201 84.328 32 42 54
1757.207 -213.210 1.198 180 194 209
1721.594 -203.782 -18.259 211 212 218
1720.588 -231.671 76.981 151 168 193
1721.337 -217.242 -18.056 133 122 142
1722.048 -202.742 -18.372 251 244 237
1722.969 -228.493 74.114 160 172 190
1727.124 -192.377 -18.526 79 94 117
1702.515 -196.529 -15.010 125 105 116
1723.370 -228.548 72.664 160 172 190
1728.423 -186.013 -18.121 142 102 108
1705.727 -202.437 -13.617 246 241 232
1726.495 -225.612 73.344 158 176 197
1771.690 -260.338 124.455 31 45 64
1729.969 -185.149 -18.080 143 124 136
1707.603 -200.674 -13.585 216 190 182
1727.366 -224.174 72.308 39 52 70
1784.714 -245.344 119.774 29 40 54
1709.374 -220.853 -2.010 189 194 204
1713.105 -202.813 -15.820 246 240 234
1753.151 -218.674 0.712 110 131 159
1735.261 -230.419 121.167 29 43 62
1720.915 -200.766 -18.024 244 238 233
1752.906 -217.235 1.335 68 83 105
1753.759 -204.545 121.596 144 156 172
1728.205 -185.667 -17.853 100 46 52
1755.423 -213.931 -1.070 190 205 220
1704.546 -224.946 0.266 219 200 206
1755.735 -212.732 -4.043 50 57 70
1773.207 -223.773 96.689 161 172 187
1704.549 -224.938 0.274 219 200 206
1718.027 -167.801 139.578 238 228 211
1755.973 -211.959 -2.358 15 26 42
1751.671 -201.568 111.536 160 165 171
1707.120 -220.240 -1.848 221 222 221
1717.255 -185.208 139.076 246 242 231
1756.490 -208.687 3.458 44 54 75
1715.977 -241.828 112.338 71 77 90
1712.831 -215.556 -18.753 90 50 67
1738.826 -186.725 74.584 175 179 188
1717.771 -191.697 -14.322 125 120 127
1737.676 -182.418 79.330 169 182 199
1717.357 -191.530 -14.314 198 183 183
1718.467 -232.811 68.177 102 98 119
1721.160 -182.770 -16.558 156 161 171
1720.212 -231.300 73.280 165 176 194
1718.972 -230.500 62.296 168 179 193
1722.873 -182.070 -16.647 77 62 79
1725.376 -224.919 66.184 152 169 188
1724.685 -224.540 62.417 164 177 189
1722.615 -181.175 -16.574 118 110 127
1728.288 -222.421 65.714 43 56 78
1764.832 -219.743 49.133 179 196 211
1722.538 -180.094 -16.371 87 60 75
1754.777 -210.443 -5.866 146 149 159
1765.892 -212.661 53.896 71 86 107
1722.751 -179.258 -16.258 96 51 69
1738.265 -186.511 76.754 162 180 201
1736.866 -183.281 70.987 82 93 114
1699.778 -223.169 -2.099 230 223 209
1716.928 -230.113 58.489 27 34 54
1709.809 -201.833 -14.038 246 243 232
1764.387 -218.729 44.468 29 43 63
1713.896 -196.497 -19.020 216 185 176
1736.012 -193.683 57.671 56 63 75
1717.474 -188.461 -15.318 238 235 231
1733.679 -174.884 59.121 154 162 176
1719.840 -182.430 -16.298 155 160 170
1705.695 -214.817 137.326 246 243 232
1761.081 -212.833 34.270 131 141 154
1719.639 -182.802 -16.274 116 121 131
1706.655 -233.412 134.564 237 227 223
1760.997 -212.822 34.270 131 141 154
1720.286 -179.854 -16.072 95 83 98
1709.541 -221.353 133.066 246 243 239
1761.307 -217.482 28.584 170 190 207
1721.281 -178.834 -16.112 58 39 62
1719.078 -230.840 71.149 146 167 190
1761.918 -216.389 28.600 171 190 207
1698.680 -219.399 -1.362 251 241 230
1718.184 -177.127 137.966 245 235 223
1724.529 -225.428 63.616 30 42 58
1734.584 -187.470 45.861 116 126 149
1707.377 -202.994 -13.731 191 167 162
1720.595 -185.852 135.236 85 93 92
1724.368 -225.410 64.151 30 42 58
1709.093 -202.445 -13.974 208 196 187
1724.809 -223.842 62.085 21 29 43
1731.934 -182.150 39.713 123 126 138
1709.762 -201.280 -14.038 229 217 208
1723.276 -186.700 134.346 50 55 62
1724.103 -224.015 59.979 172 186 200
1759.707 -207.415 14.457 52 63 90
1709.762 -201.280 -14.038 229 217 208
1728.080 -164.739 139.052 245 238 231
1724.103 -224.015 59.979 172 186 200
1754.839 -218.309 12.457 58 74 94
1709.020 -201.393 -13.852 234 221 213
1725.084 -222.528 58.943 46 52 62
1757.873 -211.573 10.140 92 126 161
1707.778 -201.496 -13.633 231 203 193
1747.893 -217.938 -0.868 89 85 98
1757.309 -210.790 9.379 67 93 125
1707.778 -201.496 -13.625 231 203 193
1751.397 -215.286 -6.311 165 165 171
1759.918 -207.997 12.530 47 58 76
1709.087 -200.527 -13.787 238 219 205
1750.729 -215.592 -5.031 107 101 107
1710.762 -224.965 14.741 183 192 200
1708.539 -199.946 -13.625 241 228 220
1753.910 -209.960 -8.036 229 229 229
1727.675 -175.128 13.323 38 45 67
1709.213 -199.227 -13.739 228 216 201
1699.140 -190.167 -13.358 140 96 107
1753.890 -208.293 -5.331 151 149 160
1714.831 -219.488 7.637 181 190 199
1712.811 -191.785 -15.723 209 203 195
1681.064 -202.468 140.105 77 89 90
1753.097 -205.235 2.607 74 82 95
1740.175 -208.269 -8.409 117 113 129
1706.737 -202.638 -13.512 203 187 175
1678.575 -202.902 140.461 46 55 59
1708.573 -175.614 5.669 248 239 227
1753.526 -204.868 1.854 153 164 182
1731.844 -190.736 -1.095 41 52 70
1704.938 -202.954 -13.480 236 229 221
1679.399 -203.420 140.194 83 92 97
1737.569 -191.220 68.274 113 126 148
1730.741 -189.172 -5.420 172 171 183
1707.594 -200.634 -13.528 217 190 181
1679.399 -203.420 140.194 83 92 97
1738.615 -182.996 78.788 140 156 176
1720.264 -178.151 -11.114 134 92 141
1707.594 -200.634 -13.536 217 190 181
1710.460 -189.098 -15.221 140 126 131
1731.983 -209.064 -24.188 131 104 138
1706.683 -200.530 -13.334 106 89 95
1710.612 -195.310 -17.708 228 211 198
1707.236 -198.870 -13.277 70 44 57
1680.669 -204.970 140.032 100 111 120
1706.779 -199.119 -13.269 203 175 163
1678.439 -205.138 141.255 84 93 98
1707.225 -198.315 -13.277 233 214 206
1727.240 -188.252 -15.343 116 95 113
1688.887 -241.275 138.104 44 56 65
1772.860 -259.723 127.550 103 117 145
1706.684 -198.296 -13.204 80 62 74
1726.137 -195.032 -18.259 180 217 223
1721.333 -227.011 58.262 153 167 183
1772.860 -259.723 127.550 103 117 145
1711.436 -193.061 -15.618 203 187 182
1720.657 -226.258 57.906 36 45 57
1779.628 -254.438 127.266 39 50 68
1711.575 -191.652 -15.448 246 241 232
1729.657 -208.533 -20.729 131 87 109
1724.058 -223.180 57.031 20 29 41
1712.882 -187.383 -15.618 93 84 93
1723.439 -223.675 56.375 166 179 199
1695.325 -216.460 -0.657 231 218 205
1723.842 -222.649 56.602 114 125 141
1781.341 -250.572 122.268 99 119 145
1695.325 -216.460 -0.657 231 218 205
1733.379 -195.693 -20.081 122 80 92
1723.842 -222.649 56.602 114 125 141
1760.072 -267.294 115.788 187 175 178
1703.817 -200.912 -15.278 198 182 185
1746.980 -218.675 -3.816 75 96 124
1777.665 -227.363 120.956 46 69 103
1705.698 -196.767 -12.904 164 141 139
1747.263 -217.560 -4.092 96 82 98
1758.972 -262.637 116.922 111 128 151
1705.706 -196.770 -12.888 164 141 139
1747.040 -217.106 -4.942 146 152 166
1776.007 -224.515 115.254 88 117 153
1708.598 -192.942 -15.715 203 192 196
1792.029 -190.818 116.477 63 66 72
1708.598 -192.942 -15.723 203 192 196
1737.056 -183.650 70.841 79 81 89
1709.906 -189.108 -15.407 200 191 194
1773.213 -223.501 94.988 145 162 185
1710.443 -188.062 -15.124 249 242 235
1727.909 -232.235 98.754 46 53 73
1698.298 -212.074 -23.402 188 189 196
1704.845 -235.825 132.458 35 41 49
1771.371 -222.282 84.287 126 146 170
1705.692 -192.002 -15.189 211 200 196
1702.699 -237.556 132.142 99 97 106
1745.408 -198.886 102.464 74 88 109
1708.161 -189.324 -15.812 176 174 180
1741.913 -195.184 93.003 52 61 81
1707.324 -189.271 -15.675 219 207 206
1740.465 -177.090 99.945 158 170 187
1690.145 -217.381 0.371 240 230 216
1677.936 -204.196 141.271 52 65 73
1716.121 -238.736 85.745 57 72 93
1700.161 -201.297 -14.873 173 106 105
1725.432 -230.609 83.429 29 39 55
1700.172 -201.293 -14.865 173 106 105
1766.212 -225.704 73.766 69 84 114
1701.704 -199.386 -15.594 113 88 109
1705.857 -239.725 131.397 181 177 179
1681.823 -239.239 141.490 105 129 123
1767.675 -211.823 70.404 119 135 159
1701.532 -197.182 -14.921 85 47 58
1707.741 -249.333 130.376 65 67 73
1712.095 -236.030 67.221 56 72 91
1741.023 -197.722 85.502 41 51 66
1702.878 -196.628 -15.318 174 171 181
1717.465 -229.643 60.473 179 189 206
1727.170 -225.372 75.021 37 46 64
1706.733 -188.786 -15.569 229 219 215
1717.746 -179.725 139.141 246 239 232
1745.803 -217.575 -4.910 77 78 83
1724.869 -225.341 63.673 42 56 77
1701.921 -194.039 -14.808 92 47 65
1748.580 -212.791 -8.109 77 76 85
1765.017 -216.598 52.649 155 171 191
1703.117 -189.083 -14.192 215 158 149
1720.056 -166.709 140.258 96 78 75
1747.224 -211.017 -5.169 131 139 160
1765.017 -216.598 52.649 155 171 191
1751.850 -208.493 -9.081 182 192 203
1747.224 -211.017 -5.169 131 139 160
1751.011 -206.177 -8.620 197 200 204
1748.074 -209.028 -5.242 122 133 150
1763.853 -215.548 45.667 126 148 174
1749.901 -204.069 -8.287 190 194 203
1723.721 -195.419 133.868 221 217 208
1748.311 -209.133 -6.125 122 133 150
1734.191 -174.093 62.669 158 175 193
1735.759 -206.817 -27.671 118 123 133
1751.115 -201.701 -4.756 125 129 138
1723.018 -223.505 52.082 160 178 197
1731.337 -211.631 -21.418 107 59 74
1735.803 -190.149 58.124 122 139 160
1741.876 -198.076 43.966 125 140 161
1729.095 -211.847 -20.907 138 99 111
1719.930 -161.457 139.481 61 70 85
1733.390 -173.045 58.303 29 41 57
1733.325 -205.174 -26.950 182 185 190
1738.355 -166.255 136.589 113 109 95
1736.009 -195.800 -20.413 152 111 112
1760.686 -216.488 26.243 72 102 131
1726.756 -212.420 -20.478 117 87 106
1761.732 -214.896 28.373 167 185 206
1728.454 -209.044 -20.729 239 216 212
1716.426 -228.870 53.394 168 179 196
1740.563 -196.764 41.131 172 191 208
1723.524 -215.618 -20.518 151 109 128
1719.204 -225.797 49.433 147 165 187
1740.038 -195.653 41.252 176 190 209
1723.224 -215.236 -20.397 128 106 122
1722.166 -221.814 44.095 92 96 103
1732.679 -174.741 49.150 88 80 110
1722.778 -215.818 -20.413 124 85 106
1722.713 -220.984 46.064 56 60 71
1722.845 -215.351 -20.389 98 67 86
1722.713 -220.984 46.064 56 60 71
1710.944 -228.876 38.458 62 67 76
1722.969 -213.278 -20.089 111 72 85
1727.513 -213.049 -20.988 145 112 123
1706.780 -171.952 6.446 250 247 236
1747.020 -210.678 -8.466 151 161 179
1716.495 -224.813 32.520 29 44 65
1726.068 -208.966 -19.741 229 215 209
1707.249 -175.282 5.855 111 66 83
1735.235 -188.398 51.110 162 184 209
1737.981 -194.178 32.285 38 45 57
1725.053 -209.214 -19.781 128 102 108
1735.093 -182.403 62.741 89 94 103
1732.003 -182.154 33.841 158 177 194
1726.578 -206.169 -19.498 198 187 179
1681.346 -201.458 139.951 47 56 66
1734.907 -174.039 74.171 31 45 64
1706.888 -231.832 28.470 169 184 198
1726.567 -206.173 -19.522 198 187 179
1680.349 -200.669 139.991 116 117 118
1705.001 -192.378 -15.002 169 143 145
1735.039 -174.160 66.500 19 29 42
1736.749 -193.860 24.356 146 152 169
1730.237 -197.930 -22.292 244 214 202
1679.697 -200.999 140.032 55 65 69
1735.039 -174.160 66.500 19 29 42
1736.539 -193.155 25.206 26 31 48
1720.284 -216.144 -20.065 124 84 105
1679.967 -202.343 139.821 60 70 73
1736.539 -193.155 25.206 26 31 48
1723.728 -211.435 -20.105 114 75 88
1677.281 -203.816 141.571 101 109 107
1730.607 -177.285 31.184 167 180 197
1723.728 -211.435 -20.105 114 75 88
1731.033 -176.686 34.472 159 173 190
1722.922 -210.775 -19.263 234 234 228
1758.850 -206.732 8.698 136 152 173
1722.369 -210.724 -18.898 113 113 116
1679.965 -205.614 140.437 91 102 104
1710.870 -191.524 -15.440 222 212 203
1710.361 -234.309 57.476 176 190 205
1758.850 -206.732 8.698 136 152 173
1721.901 -210.879 -18.809 66 67 73
1713.839 -210.765 -13.642 101 100 109
1710.320 -233.803 56.901 28 41 57
1757.460 -204.855 9.095 139 156 173
1723.730 -209.538 -19.133 233 227 217
1710.647 -233.745 54.253 46 57 74
1734.167 -191.930 10.877 162 161 176
1722.744 -209.144 -18.915 183 184 191
1710.647 -233.745 54.253 46 57 74
1711.914 -221.700 7.062 71 97 123
1722.744 -209.144 -18.915 183 184 191
1756.832 -247.489 123.621 69 81 97
1727.103 -218.710 25.668 131 125 131
1752.685 -204.706 -3.201 113 107 126
1729.351 -197.908 -22.349 241 219 212
1743.658 -252.024 124.779 80 90 104
1742.464 -212.746 -7.737 91 97 113
1732.296 -190.636 4.940 74 79 90
1732.401 -188.510 -19.052 148 103 113
1738.326 -255.458 127.015 54 60 69
1718.654 -189.235 -16.144 249 242 235
1746.783 -203.444 -5.833 105 104 114
1732.393 -191.336 2.186 48 55 78
1718.778 -216.936 -19.895 152 110 124
1738.906 -256.824 126.359 58 60 65
1748.287 -200.584 -3.500 74 73 81
1727.392 -184.605 6.293 137 150 175
1717.960 -215.907 -19.563 139 99 110
1734.088 -256.612 127.776 55 64 59
1734.568 -181.132 55.856 24 31 46
1726.473 -173.148 11.720 104 103 128
1722.334 -208.172 -18.793 89 86 97
1734.032 -257.376 127.704 116 121 93
1734.262 -173.655 63.592 23 30 46
1733.978 -194.009 -6.165 37 41 60
1721.979 -206.223 -18.421 107 109 119
1727.335 -184.216 3.012 142 156 179
1723.770 -205.824 -18.777 216 209 209
1734.156 -195.064 -8.846 114 117 133
1723.532 -205.283 -18.688 105 79 94
1754.872 -249.303 120.737 41 54 70
1729.528 -187.754 -5.428 166 175 189
1723.724 -204.952 -18.745 185 169 171
1754.152 -251.137 120.357 94 108 130
1731.203 -200.639 -27.541 231 230 230
1740.176 -212.011 -2.156 104 111 126
1729.515 -187.483 -10.555 102 113 140
1722.499 -204.974 -18.485 225 224 224
1748.378 -252.476 120.827 34 44 58
1733.763 -192.221 -15.926 135 109 149
1722.592 -204.607 -18.518 127 129 135
1745.734 -254.412 120.689 28 37 49
1741.575 -211.020 -7.097 75 74 82
1725.573 -202.769 -22.446 225 217 206
1741.995 -255.681 124.139 51 64 79
1732.655 -188.039 42.645 86 90 105
1725.034 -199.798 -21.904 223 215 207
1741.079 -255.628 124.399 35 44 56
1781.356 -248.008 119.620 119 138 163
1725.027 -199.795 -21.895 223 215 207
1740.838 -258.279 122.941 83 93 106
1682.306 -197.071 141.708 82 88 97
1727.406 -193.814 -18.647 169 204 214
1738.273 -257.828 126.578 63 69 60
1775.490 -251.983 115.578 48 58 83
1729.149 -193.961 -19.069 215 212 207
1737.511 -257.985 126.804 129 132 103
1680.677 -205.887 140.388 70 79 83
1767.684 -236.458 123.143 96 113 142
1729.149 -193.961 -19.069 215 212 207
1678.177 -206.582 141.870 91 103 105
1777.787 -225.972 122.965 51 65 95
1729.043 -193.603 -18.996 242 243 242
1681.168 -206.717 140.963 91 100 105
1796.643 -201.783 115.294 39 49 64
1729.082 -193.195 -18.988 174 177 179
1702.420 -191.663 140.534 121 122 127
1776.625 -225.437 117.506 34 49 69
1729.682 -192.744 -19.060 140 134 139
1703.677 -223.770 134.848 238 231 223
1713.334 -227.989 36.514 56 62 70
1729.682 -192.744 -19.060 140 134 139
1704.991 -229.382 134.289 59 65 73
1716.632 -224.147 36.109 178 182 192
1773.970 -222.358 105.744 100 120 147
1728.453 -192.897 -18.874 171 205 215
1704.352 -242.965 131.267 166 159 159
1735.436 -192.486 21.067 40 46 61
1774.148 -223.731 104.270 46 64 94
1728.566 -191.050 -18.736 205 201 204
1732.374 -173.993 53.062 165 179 192
1753.772 -204.037 122.252 39 49 64
1716.057 -216.496 -19.336 125 88 99
1764.423 -200.906 121.823 55 66 91
1725.933 -194.772 -18.024 195 231 239
1706.124 -245.279 130.911 158 147 149
1745.276 -180.083 129.048 131 144 160
1730.787 -184.228 -18.121 166 121 126
1707.889 -247.687 130.385 180 174 173
1713.309 -216.753 -18.915 121 90 109
1708.984 -248.893 130.409 187 178 174
1728.933 -236.167 121.183 63 80 106
1703.795 -225.755 0.452 131 125 131
1771.596 -243.423 118.542 44 56 72
1773.389 -222.489 100.577 88 117 150
1707.787 -220.554 -2.156 210 211 217
1753.700 -252.931 120.041 60 74 97
1713.006 -226.576 33.006 168 185 202
1746.141 -187.978 123.516 111 127 151
1725.982 -182.674 -17.206 194 157 154
1753.177 -253.647 119.887 92 109 135
1710.243 -244.949 130.603 179 168 167
1719.165 -220.708 28.802 167 183 200
1744.895 -182.494 124.229 123 134 149
1726.220 -181.680 -17.076 143 93 103
1751.607 -254.206 120.065 76 85 105
1728.402 -220.991 -2.229 136 153 174
1704.058 -224.427 0.282 112 107 120
1746.256 -256.586 120.721 59 71 94
1740.220 -201.178 -1.986 112 114 127
1706.085 -219.238 -1.645 159 157 159
1747.555 -256.614 120.665 92 106 128
1731.797 -188.233 34.084 69 79 102
1709.692 -216.216 -18.340 123 118 125
1744.580 -258.517 120.624 163 164 163
1732.709 -182.858 37.988 69 73 86
1772.704 -224.126 93.108 147 169 191
1710.581 -215.113 -18.388 75 74 82
1742.730 -258.669 121.483 183 184 185
1731.725 -179.334 38.506 52 56 60
1773.839 -216.420 96.729 111 126 149
1713.147 -204.951 -16.136 116 72 104
1724.848 -166.821 21.998 158 161 169
1722.490 -175.959 3.514 99 74 82
1743.770 -259.300 121.329 178 185 185
1715.691 -246.533 130.887 219 204 191
1771.718 -218.695 89.876 101 122 149
1724.604 -181.289 -16.784 106 79 102
1694.803 -214.268 28.211 224 228 227
1707.324 -180.290 -20.470 196 186 189
1743.629 -260.017 121.458 152 158 160
1714.996 -249.149 129.720 171 162 165
1749.941 -201.569 106.222 83 96 115
1710.546 -209.636 -16.039 169 164 166
1723.663 -167.410 6.066 108 102 117
1715.303 -179.098 -21.077 132 139 147
1740.755 -260.139 121.539 189 187 182
1742.113 -258.403 121.961 67 73 81
1713.729 -169.708 142.000 122 124 101
1744.798 -187.531 113.812 72 85 103
1715.729 -197.757 -19.328 238 196 183
1722.953 -167.591 8.123 159 163 164
1707.758 -183.178 -14.095 158 104 102
1740.805 -261.021 121.904 115 108 109
1718.540 -248.537 130.968 42 44 49
1744.770 -189.088 110.240 140 154 169
1717.569 -192.707 -14.476 201 184 185
1699.419 -206.827 9.800 232 224 219
1720.801 -178.797 -16.080 214 188 197
1740.816 -261.017 121.920 115 108 109
1717.260 -172.353 133.876 107 109 107
1718.851 -250.449 128.935 66 65 66
1744.586 -185.318 113.294 119 131 138
1717.780 -188.748 -15.667 181 169 167
1698.714 -206.718 8.018 180 174 168
1708.492 -184.995 -14.557 236 226 221
1738.910 -261.295 122.503 89 91 99
1715.982 -180.261 139.165 247 235 219
1720.206 -250.015 129.510 130 133 94
1743.324 -179.968 115.278 146 152 157
1720.484 -182.575 -16.396 156 161 171
1708.285 -185.798 -7.518 96 92 106
1707.735 -185.580 -14.322 227 220 212
1738.911 -261.313 122.568 89 91 99
1731.898 -214.372 -6.797 106 108 120
1723.679 -167.932 3.490 162 136 138
1739.660 -261.921 121.969 131 127 128
1714.896 -172.285 134.192 68 67 68
1733.508 -211.853 -8.498 66 67 75
1704.598 -213.318 -23.912 96 94 107
1699.977 -203.166 0.064 188 185 188
1712.716 -182.637 -22.705 224 221 222
1735.341 -263.137 123.929 69 80 88
1696.815 -204.072 139.959 246 239 224
1718.963 -184.159 136.646 69 72 76
1740.505 -205.756 -19.239 80 62 90
1705.048 -211.869 -23.345 106 109 122
1713.042 -184.156 -22.244 222 222 225
1699.489 -223.439 136.273 246 239 232
1739.045 -200.273 -3.962 78 78 80
1770.457 -224.393 87.098 50 64 88
1708.070 -203.249 -13.917 199 184 172
1710.513 -185.992 -17.594 173 167 174
1767.148 -257.198 118.032 43 49 65
1730.792 -186.925 26.810 130 141 165
1770.590 -220.551 82.578 77 113 157
1707.774 -201.007 -13.601 133 108 106
1764.194 -184.392 124.026 223 216 207
1705.411 -186.957 -14.362 220 210 205
1708.863 -173.668 138.136 49 57 69
1731.780 -182.338 34.148 158 179 202
1770.861 -220.778 81.704 100 134 170
1707.781 -201.010 -13.601 133 108 106
1758.783 -208.396 92.217 119 134 156
1712.866 -185.745 -17.789 94 69 78
1777.390 -244.628 117.036 41 50 70
1711.669 -192.199 138.882 250 240 229
1724.113 -187.827 133.009 158 161 135
1743.067 -186.379 103.509 83 95 109
1711.875 -193.310 -15.748 239 229 217
1717.268 -211.485 89.714 167 167 168
1711.082 -186.307 -17.724 186 180 186
1765.686 -248.771 114.484 66 75 94
1726.699 -166.865 138.647 198 185 175
1741.590 -178.823 105.785 59 70 77
1701.778 -213.677 -23.143 145 150 158
1706.210 -189.662 -15.456 239 226 218
1762.120 -252.140 119.385 137 153 178
1703.754 -212.207 137.820 248 236 224
1726.290 -171.169 137.334 153 139 131
1718.349 -239.887 95.838 88 101 130
1705.817 -201.678 -13.277 209 200 194
1693.944 -213.629 21.780 231 234 232
1705.140 -189.717 -14.395 206 193 185
1760.201 -254.460 119.401 81 95 116
1726.401 -171.218 137.820 153 139 131
1769.163 -218.816 75.078 99 130 164
1705.817 -201.678 -13.285 209 200 194
1713.331 -173.610 -10.053 171 112 124
1703.568 -191.474 -14.233 216 204 199
1725.083 -185.510 136.217 210 200 195
1770.838 -213.799 82.287 113 129 153
1706.294 -200.747 -13.277 194 176 169
1706.458 -187.910 -7.874 234 224 215
1704.286 -191.714 -14.362 241 234 227
1747.555 -260.259 120.130 134 137 148
1720.354 -158.791 141.417 174 172 162
1769.851 -215.301 76.447 72 86 115
1708.322 -197.385 -13.358 203 195 189
1704.279 -191.710 -14.387 241 234 227
1746.860 -260.685 120.551 181 173 178
1743.409 -194.174 96.834 40 57 83
1708.330 -197.389 -13.358 203 195 189
1699.260 -193.164 -13.066 184 140 141
1739.186 -263.164 122.236 222 219 215
1706.622 -189.774 140.161 246 243 232
1740.552 -177.590 100.658 49 60 76
1711.226 -188.872 -15.181 142 122 129
1712.308 -226.469 28.657 121 142 160
1722.755 -183.329 -16.817 97 89 98
1727.117 -168.992 137.788 119 98 84
1717.875 -236.608 84.668 28 39 62
1711.226 -188.872 -15.181 142 122 129
1790.547 -207.430 119.417 46 59 77
1723.952 -184.066 -17.125 111 102 119
1731.266 -164.890 138.120 208 190 175
1722.955 -232.309 89.156 66 79 91
1713.502 -187.145 -15.715 66 70 78
1780.869 -220.624 123.702 102 117 147
1710.703 -189.091 -15.132 94 76 83
1728.587 -227.865 89.180 45 58 77
1690.634 -224.666 -0.665 231 224 212
1709.909 -189.101 -15.334 196 186 190
1699.522 -211.236 138.954 246 239 224
1766.095 -226.424 73.822 99 113 137
1701.311 -213.371 -23.167 188 190 198
1700.025 -193.877 -14.338 183 119 115
1693.437 -223.289 138.598 189 173 173
1761.612 -228.568 69.529 131 147 168
1703.911 -200.502 -15.415 115 102 117
1729.425 -183.045 -17.692 170 124 123
1708.101 -229.925 31.160 104 124 153
1767.867 -222.584 69.926 34 48 68
1706.486 -198.642 -13.180 87 63 68
1708.245 -193.237 -15.707 149 137 135
1708.127 -229.129 28.057 89 81 105
1768.292 -217.666 71.295 90 121 158
1705.864 -198.445 -13.164 80 66 76
1708.238 -193.234 -15.715 149 137 135
1728.761 -256.448 128.757 238 225 217
1724.386 -216.170 8.066 50 53 65
1769.248 -215.538 69.238 52 66 87
1706.167 -196.630 -12.880 232 221 217
1703.378 -195.148 -15.845 173 155 168
1728.912 -256.329 129.064 238 225 217
1734.356 -164.502 137.885 243 231 218
1724.386 -216.170 8.066 50 53 65
1767.366 -211.482 69.788 63 75 101
1712.101 -185.892 -17.635 223 212 209
1700.438 -231.105 36.700 65 72 81
1707.825 -199.957 -13.512 121 97 94
1703.378 -195.148 -15.845 173 155 168
1735.484 -255.726 127.485 61 68 75
1734.365 -164.523 137.853 243 231 218
1731.881 -214.054 -8.587 60 62 67
1740.901 -188.775 88.815 60 71 87
1712.945 -183.617 -22.389 228 227 228
1715.011 -186.904 52.535 172 170 166
1707.893 -199.047 -13.455 246 239 232
1698.592 -228.360 9.152 45 59 80
1739.539 -205.556 -22.341 87 66 97
1739.861 -178.984 94.801 91 102 117
1702.246 -202.669 -15.602 179 150 161
1757.037 -238.306 125.120 57 67 86
1715.380 -192.565 49.328 184 146 134
1710.949 -191.187 -15.302 236 226 220
1717.517 -189.837 -15.002 240 230 220
1737.980 -197.387 -9.000 90 96 112
1718.441 -236.452 82.943 173 183 196
1702.246 -202.669 -15.602 179 150 161
1768.905 -227.781 92.226 36 45 57
1714.825 -187.042 49.506 236 227 219
1710.421 -190.561 -15.294 112 100 107
1717.557 -189.828 -14.962 240 230 220
1717.255 -162.385 141.020 245 236 223
1730.564 -185.485 24.161 185 198 212
1715.253 -237.879 79.071 68 83 103
1701.481 -201.060 -15.456 230 217 210
1770.342 -224.174 83.583 22 29 45
1737.137 -218.877 39.559 48 54 72
1706.832 -191.730 -15.424 186 171 166
1760.879 -191.481 123.508 50 52 57
1717.635 -190.448 -14.233 103 90 101
1774.324 -250.658 116.615 67 74 84
1730.451 -181.498 27.790 165 179 193
1727.181 -226.920 80.270 32 45 60
1702.642 -200.167 -15.407 112 96 106
1771.792 -222.611 84.863 146 162 181
1706.123 -191.113 -15.359 239 229 223
1717.624 -190.452 -14.411 103 90 101
1743.635 -265.500 118.340 238 235 223
1730.551 -176.515 31.224 162 182 198
1767.901 -220.019 63.624 151 164 180
1703.216 -199.155 -15.675 170 158 165
1770.614 -223.603 82.667 148 165 191
1706.144 -191.105 -15.343 239 229 223
1760.159 -231.592 112.808 98 110 133
1712.527 -193.636 -15.885 242 234 227
1766.501 -210.636 66.111 97 116 137
1702.835 -198.817 -15.723 86 72 80
1709.647 -183.177 23.797 233 236 233
1705.457 -190.399 -14.533 185 168 165
1708.111 -195.012 -17.732 244 228 216
1712.121 -178.657 140.194 164 142 135
1767.704 -214.407 61.032 68 84 105
1708.045 -191.117 -15.642 102 90 97
1704.701 -197.972 -12.937 218 206 205
1702.918 -190.466 140.834 183 177 180
1739.233 -183.360 80.626 124 137 159
1708.045 -191.117 -15.642 102 90 97
1701.430 -227.761 6.973 155 172 195
1699.089 -196.377 -14.379 243 226 214
1701.494 -198.344 -15.326 214 192 201
1711.483 -195.325 138.987 244 242 232
1726.169 -224.651 68.055 38 52 72
1701.834 -199.870 -15.585 115 88 110
1693.985 -225.803 2.299 58 55 59
1700.332 -194.998 -14.565 170 105 108
1742.146 -221.426 43.123 123 144 166
1701.494 -198.344 -15.334 214 192 201
1711.483 -195.325 138.987 244 242 232
1765.410 -215.895 59.825 119 132 156
1702.217 -198.790 -15.610 86 69 79
1700.439 -227.001 4.097 84 100 123
1700.336 -194.991 -14.557 170 105 108
1741.994 -221.589 41.074 134 134 141
1700.638 -198.495 -14.970 162 117 120
1776.060 -251.918 116.639 44 53 67
1766.346 -217.616 58.659 34 58 84
1701.525 -198.712 -15.521 105 82 92
1769.867 -255.013 116.849 41 53 72
1700.821 -216.841 137.869 252 246 238
1764.693 -215.434 55.055 87 104 129
1702.316 -198.071 -15.205 97 78 90
1771.081 -221.559 79.346 75 102 133
1707.944 -182.383 11.987 112 86 90
1700.881 -192.910 -14.362 172 109 103
1698.508 -228.907 9.962 100 115 126
1731.672 -186.164 -18.664 155 106 113
1770.076 -256.099 116.501 40 50 64
1700.817 -216.831 137.829 252 246 238
1697.230 -198.103 -14.217 154 96 103
1766.167 -212.402 54.974 92 106 133
1701.756 -197.973 -15.140 104 77 91
1770.325 -220.947 76.406 28 40 56
1748.462 -221.321 7.783 162 174 194
1698.416 -196.893 -14.128 147 79 85
1759.299 -231.652 115.140 140 151 168
1722.204 -191.915 -12.111 185 170 172
1763.146 -257.145 118.356 111 121 138
1692.289 -226.546 139.376 224 215 204
1697.322 -199.590 -14.387 137 69 74
1705.850 -231.715 29.604 31 42 59
1766.023 -212.427 55.063 92 106 133
1702.120 -195.981 -15.091 122 101 113
1771.819 -214.067 91.027 52 64 80
1748.279 -221.453 7.710 162 174 194
1752.365 -211.080 -9.494 183 190 204
1754.920 -229.916 115.805 137 149 167
1721.465 -192.003 -11.811 186 166 157
1763.711 -260.039 118.048 107 121 143
1696.978 -226.728 137.245 188 182 181
1706.364 -170.995 5.766 246 241 231
1711.451 -225.387 22.687 166 173 187
1738.112 -191.674 70.072 92 105 130
1702.297 -195.625 -15.181 88 75 90
1708.190 -187.865 5.944 147 117 117
1751.648 -206.975 -9.016 198 202 207
1766.048 -234.196 121.726 52 65 80
1712.718 -194.900 -16.242 156 138 141
1745.756 -265.575 117.708 206 209 211
1699.382 -192.394 -13.990 142 89 100
1711.735 -224.352 20.451 99 100 104
1739.263 -187.017 76.609 133 146 163
1701.812 -195.240 -15.051 186 164 168
1751.715 -236.398 126.213 99 113 134
1699.255 -215.719 -4.246 184 117 119
1750.716 -205.824 -8.790 158 166 172
1694.215 -225.666 1.708 166 164 167
1712.204 -194.920 -16.104 236 223 215
1700.658 -203.487 -15.448 177 114 116
1716.842 -218.974 13.445 217 228 231
1736.420 -176.894 74.551 125 128 142
1702.534 -195.251 -15.391 167 155 167
1750.526 -235.922 126.918 98 112 134
1746.570 -220.612 1.829 55 69 87
1742.783 -217.986 -4.788 114 116 130
1742.101 -220.413 46.550 136 138 147
1705.448 -198.544 -13.131 209 197 189
1779.212 -202.161 123.232 39 47 59
1702.653 -204.623 -15.100 53 22 40
1729.258 -211.282 -8.782 187 192 201
1736.122 -175.413 74.300 77 91 112
1702.534 -195.251 -15.391 167 155 167
1757.431 -205.657 5.410 142 156 178
1772.972 -224.201 93.862 30 45 68
1712.028 -215.509 -18.704 76 64 76
1708.874 -216.818 -5.647 155 151 157
1742.923 -215.459 -4.472 80 83 96
1741.498 -222.663 82.084 77 90 115
1703.640 -199.299 -15.683 169 157 163
1785.249 -206.046 125.290 35 44 56
1702.671 -204.622 -14.986 53 22 40
1736.931 -207.968 -22.471 42 44 56
1765.203 -220.183 51.442 157 176 194
1702.216 -195.030 -15.237 93 74 95
1723.364 -180.071 136.435 42 48 56
1740.437 -186.432 85.438 139 161 187
1770.642 -223.004 85.705 38 48 73
1726.418 -182.770 -17.303 157 115 116
1702.052 -203.025 -6.433 37 20 23
1745.331 -212.621 -8.579 164 178 200
1784.998 -206.094 124.480 35 44 56
1699.010 -211.291 -24.536 154 158 161
1737.962 -207.266 -25.565 219 223 227
1764.994 -216.073 53.354 37 52 83
1702.362 -194.084 -14.978 130 98 119
1726.497 -173.274 136.929 214 198 186
1739.928 -183.253 87.301 34 42 55
1770.582 -222.640 80.302 90 124 161
1703.247 -222.984 1.497 98 102 112
1701.661 -202.807 -8.458 95 76 88
1745.064 -211.926 -8.530 157 166 183
1753.313 -226.079 64.742 141 138 145
1708.601 -200.444 -13.723 131 112 114
1770.313 -256.781 115.602 112 133 153
1791.924 -211.926 119.790 47 57 71
1765.315 -263.466 116.485 36 42 58
1738.943 -206.018 -25.338 129 113 138
1764.624 -214.792 52.171 64 78 99
1704.721 -191.632 -14.533 198 184 180
1739.928 -183.253 87.301 34 42 55
1740.902 -181.922 96.648 86 85 95
1709.487 -215.699 -18.307 74 73 81
1712.218 -214.326 -8.611 102 100 108
1748.540 -206.549 -8.352 62 64 69
1744.381 -223.078 49.101 173 190 208
1705.934 -200.321 -13.115 204 189 191
1770.313 -256.781 115.602 112 133 153
1795.449 -212.113 117.878 79 86 100
1738.431 -206.233 -25.111 75 73 82
1764.627 -216.220 49.101 132 160 181
1707.358 -186.307 -14.314 176 165 162
1740.131 -182.758 88.815 134 149 170
1764.807 -226.311 69.788 124 138 160
1710.500 -214.102 -18.234 136 138 151
1735.892 -262.478 124.034 78 90 99
1740.117 -217.083 -4.416 150 160 178
1742.921 -219.706 3.782 141 135 141
1703.820 -200.905 -15.253 195 179 182
1765.000 -259.691 117.400 128 139 156
1703.051 -192.875 -14.119 242 221 209
1730.075 -179.814 23.910 164 186 205
1764.502 -216.520 48.494 52 79 114
1710.750 -182.692 -21.215 181 178 181
1740.132 -177.358 97.847 59 76 98
1769.120 -221.741 71.822 21 37 62
1710.500 -214.102 -18.234 136 138 151
1739.062 -258.206 122.503 63 78 83
1742.980 -209.517 -7.842 110 121 146
1715.085 -216.409 -5.849 38 43 54
1702.860 -201.887 -15.480 106 79 96
1762.358 -264.074 118.008 82 96 119
1729.459 -260.935 128.133 114 118 84
1703.672 -193.213 -16.614 246 232 223
1729.611 -178.845 25.814 76 83 92
1764.171 -209.297 52.284 109 127 154
1701.634 -194.744 -14.921 123 95 110
1741.296 -187.630 90.873 38 48 63
1709.998 -214.153 -18.178 62 60 68
1743.945 -244.509 126.950 62 75 99
1742.961 -209.500 -7.761 110 121 146
1750.817 -226.865 91.181 108 137 171
1703.655 -203.030 -13.763 79 61 66
1756.077 -266.411 118.712 164 112 102
1764.732 -245.677 116.542 36 48 64
1764.656 -211.117 48.429 99 115 140
1701.244 -194.783 -14.800 235 210 202
1700.973 -205.409 -15.294 238 224 212
1727.298 -226.298 75.872 174 188 202
1718.374 -196.895 -19.279 90 106 131
1767.134 -221.442 62.118 177 194 212
1733.828 -207.589 -27.582 114 119 134
1745.280 -223.230 60.417 115 142 171
1703.655 -203.048 -13.706 79 61 66
1747.416 -269.134 119.919 167 167 172
1736.686 -258.584 126.869 132 134 103
1764.198 -209.974 49.854 116 128 148
1700.837 -194.123 -14.541 209 153 144
1715.760 -228.555 50.340 158 175 199
1724.587 -216.277 5.774 34 42 61
1724.579 -206.476 -19.077 226 215 207
1702.413 -202.353 -15.100 129 94 111
1766.559 -220.264 60.198 42 56 77
1724.065 -181.403 -16.865 107 84 106
1767.937 -219.539 62.920 34 44 63
1734.276 -205.926 -27.306 101 109 122
1752.015 -225.129 54.431 144 141 147
1701.975 -203.417 -15.602 122 66 78
1736.686 -258.584 126.869 132 134 103
1711.732 -169.493 4.292 247 243 238
1764.198 -209.974 49.854 116 128 148
1700.377 -192.509 -14.249 178 109 109
1753.881 -183.001 126.043 142 147 149
1700.559 -190.028 -13.957 158 103 111
1721.758 -191.424 136.484 242 231 216
1731.532 -178.592 37.972 154 169 188
1771.557 -216.167 86.717 98 115 141
1709.148 -200.032 -13.787 206 194 185
1758.952 -245.773 123.240 96 110 131
1717.102 -207.935 -20.640 225 181 167
1717.931 -225.550 43.715 34 40 49
1751.691 -214.806 -6.676 161 163 169
1725.742 -205.398 -19.287 232 221 212
1766.061 -214.970 57.136 29 43 63
1718.153 -191.495 -14.160 227 221 220
1767.912 -218.640 67.358 31 37 55
1733.626 -206.310 -27.258 106 114 127
1759.187 -229.572 93.724 133 135 133
1695.741 -210.190 4.421 183 129 126
1761.164 -265.023 117.911 67 80 97
1737.845 -260.501 123.686 66 73 84
1706.866 -181.061 -13.812 127 46 55
1737.980 -186.215 68.938 138 154 173
1698.499 -192.763 -13.706 156 104 116
